year,sex,age,mx
1950,m,0,0.10736569
1950,m,1,0.03173137
1950,m,2,0.01853329
1950,m,3,0.01102742
1950,m,4,0.00681318
1950,m,5,0.00446011
1950,m,6,0.00314831
1950,m,7,0.00242823
1950,m,8,0.0020452
1950,m,9,0.00186965
1950,m,10,0.00182681
1950,m,11,0.00187491
1950,m,12,0.00198856
1950,m,13,0.00215367
1950,m,14,0.00236444
1950,m,15,0.00261076
1950,m,16,0.00288961
1950,m,17,0.00319955
1950,m,18,0.00354629
1950,m,19,0.00392268
1950,m,20,0.00429239
1950,m,21,0.00461099
1950,m,22,0.0048401
1950,m,23,0.00496989
1950,m,24,0.00502612
1950,m,25,0.00503309
1950,m,26,0.00502487
1950,m,27,0.0050366
1950,m,28,0.00508504
1950,m,29,0.00517958
1950,m,30,0.005317
1950,m,31,0.00548658
1950,m,32,0.00567797
1950,m,33,0.00587967
1950,m,34,0.00608867
1950,m,35,0.00630919
1950,m,36,0.00655031
1950,m,37,0.0068243
1950,m,38,0.00713759
1950,m,39,0.00749283
1950,m,40,0.00788621
1950,m,41,0.00830818
1950,m,42,0.0087516
1950,m,43,0.00921117
1950,m,44,0.00969119
1950,m,45,0.01020568
1950,m,46,0.01077354
1950,m,47,0.01141817
1950,m,48,0.01215427
1950,m,49,0.01298914
1950,m,50,0.01391963
1950,m,51,0.01492911
1950,m,52,0.016003
1950,m,53,0.01713018
1950,m,54,0.01831398
1950,m,55,0.0195783
1950,m,56,0.0209574
1950,m,57,0.02249677
1950,m,58,0.02423326
1950,m,59,0.02618875
1950,m,60,0.02836662
1950,m,61,0.03074329
1950,m,62,0.0332944
1950,m,63,0.03600154
1950,m,64,0.03886606
1950,m,65,0.04233251
1950,m,66,0.046109
1950,m,67,0.05022236
1950,m,68,0.05470346
1950,m,69,0.05958576
1950,m,70,0.06490407
1950,m,71,0.07069636
1950,m,72,0.07700413
1950,m,73,0.08387128
1950,m,74,0.09134855
1950,m,75,0.09949393
1950,m,76,0.10837029
1950,m,77,0.11781454
1950,m,78,0.12809964
1950,m,79,0.13935026
1950,m,80,0.15167395
1950,m,81,0.16514482
1950,m,82,0.17979619
1950,m,83,0.19557908
1950,m,84,0.21236988
1950,m,85,0.22991992
1950,m,86,0.24795819
1950,m,87,0.26630673
1950,m,88,0.28490772
1950,m,89,0.30401712
1950,m,90,0.32401955
1950,m,91,0.34540109
1950,m,92,0.3685661
1950,m,93,0.39346702
1950,m,94,0.41978727
1950,m,95,0.45475785
1950,m,96,0.49099321
1950,m,97,0.53104325
1950,m,98,0.57531571
1950,m,99,0.62426661
1950,m,100,0.72707469
1951,m,0,0.10426314
1951,m,1,0.02988526
1951,m,2,0.01761441
1951,m,3,0.01059166
1951,m,4,0.00661933
1951,m,5,0.00438417
1951,m,6,0.00312904
1951,m,7,0.00243422
1951,m,8,0.00205863
1951,m,9,0.00188006
1951,m,10,0.00182929
1951,m,11,0.00186857
1951,m,12,0.00197576
1951,m,13,0.00213558
1951,m,14,0.00233951
1951,m,15,0.00257838
1951,m,16,0.00284946
1951,m,17,0.00315126
1951,m,18,0.00348897
1951,m,19,0.00385487
1951,m,20,0.00421349
1951,m,21,0.00452182
1951,m,22,0.00474298
1951,m,23,0.00486748
1951,m,24,0.0049203
1951,m,25,0.00492533
1951,m,26,0.0049158
1951,m,27,0.00492585
1951,m,28,0.0049721
1951,m,29,0.00506384
1951,m,30,0.00519783
1951,m,31,0.00536359
1951,m,32,0.00555101
1951,m,33,0.00574897
1951,m,34,0.00595468
1951,m,35,0.00617217
1951,m,36,0.00641018
1951,m,37,0.00668054
1951,m,38,0.00698946
1951,m,39,0.00733964
1951,m,40,0.00772781
1951,m,41,0.0081453
1951,m,42,0.0085856
1951,m,43,0.00904352
1951,m,44,0.0095229
1951,m,45,0.01003716
1951,m,46,0.01060435
1951,m,47,0.01124694
1951,m,48,0.01197938
1951,m,49,0.0128089
1951,m,50,0.01373257
1951,m,51,0.0147348
1951,m,52,0.01580189
1951,m,53,0.01692497
1951,m,54,0.0181085
1951,m,55,0.01937446
1951,m,56,0.0207547
1951,m,57,0.02229182
1951,m,58,0.02402228
1951,m,59,0.0259685
1951,m,60,0.02813351
1951,m,61,0.03049487
1951,m,62,0.03302947
1951,m,63,0.03572193
1951,m,64,0.03857602
1951,m,65,0.04203404
1951,m,66,0.04580302
1951,m,67,0.04990959
1951,m,68,0.05438535
1951,m,69,0.05926434
1951,m,70,0.06458104
1951,m,71,0.07037315
1951,m,72,0.07668195
1951,m,73,0.083552
1951,m,74,0.09103548
1951,m,75,0.0991914
1951,m,76,0.10808381
1951,m,77,0.11752136
1951,m,78,0.12779346
1951,m,79,0.13902426
1951,m,80,0.15132188
1951,m,81,0.16476584
1951,m,82,0.17939629
1951,m,83,0.19517412
1951,m,84,0.21198348
1951,m,85,0.22957556
1951,m,86,0.24767684
1951,m,87,0.26610277
1951,m,88,0.28478584
1951,m,89,0.30397434
1951,m,90,0.32404722
1951,m,91,0.34548657
1951,m,92,0.36869548
1951,m,93,0.39365774
1951,m,94,0.42006674
1951,m,95,0.45041437
1951,m,96,0.48161588
1951,m,97,0.51495416
1951,m,98,0.55061035
1951,m,99,0.58880473
1951,m,100,0.67082266
1952,m,0,0.10111153
1952,m,1,0.02806436
1952,m,2,0.01668143
1952,m,3,0.01010913
1952,m,4,0.00636047
1952,m,5,0.00423512
1952,m,6,0.0030338
1952,m,7,0.0023651
1952,m,8,0.00200153
1952,m,9,0.00182684
1952,m,10,0.00177545
1952,m,11,0.00181174
1952,m,12,0.00191507
1952,m,13,0.00207095
1952,m,14,0.00227087
1952,m,15,0.00250599
1952,m,16,0.00277328
1952,m,17,0.00307063
1952,m,18,0.00340224
1952,m,19,0.00375986
1952,m,20,0.00410901
1952,m,21,0.00440815
1952,m,22,0.00462197
1952,m,23,0.00474162
1952,m,24,0.00479142
1952,m,25,0.00479487
1952,m,26,0.00478435
1952,m,27,0.00479305
1952,m,28,0.00483711
1952,m,29,0.00492561
1952,m,30,0.0050555
1952,m,31,0.00521677
1952,m,32,0.00539969
1952,m,33,0.00559362
1952,m,34,0.00579579
1952,m,35,0.00600999
1952,m,36,0.00624456
1952,m,37,0.00651084
1952,m,38,0.006815
1952,m,39,0.00715988
1952,m,40,0.00754253
1952,m,41,0.00795486
1952,m,42,0.0083908
1952,m,43,0.00884573
1952,m,44,0.0093235
1952,m,45,0.00983672
1952,m,46,0.01040246
1952,m,47,0.01104204
1952,m,48,0.0117693
1952,m,49,0.01259155
1952,m,50,0.01350675
1952,m,51,0.01450091
1952,m,52,0.01556178
1952,m,53,0.01668093
1952,m,54,0.01786239
1952,m,55,0.01912742
1952,m,56,0.02050665
1952,m,57,0.022041
1952,m,58,0.0237653
1952,m,59,0.02570112
1952,m,60,0.02785204
1952,m,61,0.03019762
1952,m,62,0.0327169
1952,m,63,0.03539603
1952,m,64,0.03823966
1952,m,65,0.04168049
1952,m,66,0.04543182
1952,m,67,0.04952056
1952,m,68,0.05397806
1952,m,69,0.05883835
1952,m,70,0.06413639
1952,m,71,0.06991046
1952,m,72,0.07620237
1952,m,73,0.08305723
1952,m,74,0.09052706
1952,m,75,0.09867045
1952,m,76,0.10755102
1952,m,77,0.11696999
1952,m,78,0.12720897
1952,m,79,0.13838822
1952,m,80,0.15061951
1952,m,81,0.16399054
1952,m,82,0.17855094
1952,m,83,0.19426903
1952,m,84,0.21103318
1952,m,85,0.2285963
1952,m,86,0.24668457
1952,m,87,0.26510936
1952,m,88,0.28379821
1952,m,89,0.30299167
1952,m,90,0.32305846
1952,m,91,0.34447151
1952,m,92,0.36762664
1952,m,93,0.39248958
1952,m,94,0.41875672
1952,m,95,0.44937726
1952,m,96,0.48105978
1952,m,97,0.51509609
1952,m,98,0.55167508
1952,m,99,0.59101004
1952,m,100,0.67543266
1953,m,0,0.09782273
1953,m,1,0.02625544
1953,m,2,0.01571894
1953,m,3,0.00957398
1953,m,4,0.00603969
1953,m,5,0.00402207
1953,m,6,0.00287528
1953,m,7,0.00223502
1953,m,8,0.00188923
1953,m,9,0.00172772
1953,m,10,0.00168578
1953,m,11,0.00172722
1953,m,12,0.00183015
1953,m,13,0.00198302
1953,m,14,0.00218095
1953,m,15,0.00241491
1953,m,16,0.0026811
1953,m,17,0.00297637
1953,m,18,0.00330391
1953,m,19,0.00365516
1953,m,20,0.0039964
1953,m,21,0.00428734
1953,m,22,0.00449403
1953,m,23,0.00460879
1953,m,24,0.00465593
1953,m,25,0.00465842
1953,m,26,0.00464764
1953,m,27,0.00465566
1953,m,28,0.00469786
1953,m,29,0.00478293
1953,m,30,0.0049082
1953,m,31,0.00506429
1953,m,32,0.00524209
1953,m,33,0.00543135
1953,m,34,0.0056293
1953,m,35,0.00583946
1953,m,36,0.00606978
1953,m,37,0.00633114
1953,m,38,0.00662956
1953,m,39,0.00696799
1953,m,40,0.00734393
1953,m,41,0.00774999
1953,m,42,0.00818066
1953,m,43,0.00863177
1953,m,44,0.00910703
1953,m,45,0.00961824
1953,m,46,0.01018146
1953,m,47,0.01081683
1953,m,48,0.01153748
1953,m,49,0.01235074
1953,m,50,0.01325549
1953,m,51,0.01423943
1953,m,52,0.01529188
1953,m,53,0.01640462
1953,m,54,0.01758121
1953,m,55,0.01884244
1953,m,56,0.02021795
1953,m,57,0.02174709
1953,m,58,0.02346212
1953,m,59,0.02538299
1953,m,60,0.02751448
1953,m,61,0.02983878
1953,m,62,0.03233782
1953,m,63,0.03499885
1953,m,64,0.0378266
1953,m,65,0.04125196
1953,m,66,0.04498828
1953,m,67,0.04906306
1953,m,68,0.05350764
1953,m,69,0.05835606
1953,m,70,0.06364408
1953,m,71,0.06941079
1953,m,72,0.07569887
1953,m,73,0.0825549
1953,m,74,0.09003132
1953,m,75,0.09818618
1953,m,76,0.10708268
1953,m,77,0.11649422
1953,m,78,0.1267128
1953,m,79,0.13785675
1953,m,80,0.15004074
1953,m,81,0.16336033
1953,m,82,0.17787431
1953,m,83,0.19355622
1953,m,84,0.21029843
1953,m,85,0.22785621
1953,m,86,0.24595551
1953,m,87,0.26440384
1953,m,88,0.28312209
1953,m,89,0.30234216
1953,m,90,0.32242434
1953,m,91,0.34383537
1953,m,92,0.36696711
1953,m,93,0.39177866
1953,m,94,0.41797283
1953,m,95,0.4495845
1953,m,96,0.48280475
1953,m,97,0.51890693
1953,m,98,0.55814252
1953,m,99,0.60078886
1953,m,100,0.69191479
1954,m,0,0.09481662
1954,m,1,0.02470579
1954,m,2,0.01489063
1954,m,3,0.00912748
1954,m,4,0.00579108
1954,m,5,0.00387489
1954,m,6,0.00277998
1954,m,7,0.00216584
1954,m,8,0.00183278
1954,m,9,0.00167642
1954,m,10,0.00163521
1954,m,11,0.00167472
1954,m,12,0.00177417
1954,m,13,0.00192278
1954,m,14,0.00211601
1954,m,15,0.00234512
1954,m,16,0.00260614
1954,m,17,0.00289544
1954,m,18,0.00321553
1954,m,19,0.00355753
1954,m,20,0.00388862
1954,m,21,0.00416991
1954,m,22,0.0043689
1954,m,23,0.00447855
1954,m,24,0.00452265
1954,m,25,0.00452366
1954,m,26,0.00451202
1954,m,27,0.00451876
1954,m,28,0.00455876
1954,m,29,0.00464049
1954,m,30,0.00476144
1954,m,31,0.00491269
1954,m,32,0.00508552
1954,m,33,0.00527015
1954,m,34,0.00546383
1954,m,35,0.00566989
1954,m,36,0.0058959
1954,m,37,0.00615224
1954,m,38,0.0064448
1954,m,39,0.00677661
1954,m,40,0.00714559
1954,m,41,0.0075451
1954,m,42,0.00797017
1954,m,43,0.008417
1954,m,44,0.00888911
1954,m,45,0.00939754
1954,m,46,0.00995741
1954,m,47,0.01058772
1954,m,48,0.01130106
1954,m,49,0.01210472
1954,m,50,0.01299822
1954,m,51,0.01397072
1954,m,52,0.01501283
1954,m,53,0.0161174
1954,m,54,0.01728814
1954,m,55,0.01854471
1954,m,56,0.0199151
1954,m,57,0.02143645
1954,m,58,0.02313941
1954,m,59,0.02504332
1954,m,60,0.0271533
1954,m,61,0.02945349
1954,m,62,0.0319279
1954,m,63,0.03456583
1954,m,64,0.03737323
1954,m,65,0.04077925
1954,m,66,0.04449645
1954,m,67,0.04855254
1954,m,68,0.05297908
1954,m,69,0.05781036
1954,m,70,0.0630825
1954,m,71,0.06883496
1954,m,72,0.07511089
1954,m,73,0.08195795
1954,m,74,0.08942938
1954,m,75,0.09758328
1954,m,76,0.10648298
1954,m,77,0.11587645
1954,m,78,0.12606618
1954,m,79,0.13716924
1954,m,80,0.14930175
1954,m,81,0.16256588
1954,m,82,0.17702842
1954,m,83,0.19266825
1954,m,84,0.20938305
1954,m,85,0.22693133
1954,m,86,0.24503951
1954,m,87,0.26351112
1954,m,88,0.28225969
1954,m,89,0.30150627
1954,m,90,0.32159994
1954,m,91,0.34299876
1954,m,92,0.36608913
1954,m,93,0.39083023
1954,m,94,0.41693639
1954,m,95,0.44640609
1954,m,96,0.47705335
1954,m,97,0.50980978
1954,m,98,0.54483065
1954,m,99,0.58227659
1954,m,100,0.66293186
1955,m,0,0.09183311
1955,m,1,0.02320805
1955,m,2,0.01411468
1955,m,3,0.00873239
1955,m,4,0.00559041
1955,m,5,0.00377124
1955,m,6,0.00272417
1955,m,7,0.0021327
1955,m,8,0.00180933
1955,m,9,0.00165556
1955,m,10,0.00161297
1955,m,11,0.00164893
1955,m,12,0.00174386
1955,m,13,0.00188295
1955,m,14,0.00205868
1955,m,15,0.00226511
1955,m,16,0.00250049
1955,m,17,0.00276312
1955,m,18,0.00304624
1955,m,19,0.0033376
1955,m,20,0.00361601
1955,m,21,0.00385463
1955,m,22,0.00403313
1955,m,23,0.0041388
1955,m,24,0.00418136
1955,m,25,0.00418275
1955,m,26,0.00417248
1955,m,27,0.00418057
1955,m,28,0.00422307
1955,m,29,0.00430907
1955,m,30,0.00443496
1955,m,31,0.00459093
1955,m,32,0.00476736
1955,m,33,0.00495487
1955,m,34,0.00515163
1955,m,35,0.00536078
1955,m,36,0.00558951
1955,m,37,0.0058478
1955,m,38,0.0061417
1955,m,39,0.00647438
1955,m,40,0.00684374
1955,m,41,0.00724336
1955,m,42,0.00766835
1955,m,43,0.00811533
1955,m,44,0.00858819
1955,m,45,0.00909771
1955,m,46,0.00965852
1955,m,47,0.010289
1955,m,48,0.01100222
1955,m,49,0.01180541
1955,m,50,0.01269744
1955,m,51,0.01366758
1955,m,52,0.01470636
1955,m,53,0.01580701
1955,m,54,0.01697437
1955,m,55,0.0182284
1955,m,56,0.01959694
1955,m,57,0.02111643
1955,m,58,0.02281666
1955,m,59,0.02471544
1955,m,60,0.0268174
1955,m,61,0.02910748
1955,m,62,0.0315707
1955,m,63,0.03419758
1955,m,64,0.03699558
1955,m,65,0.0403874
1955,m,66,0.04409024
1955,m,67,0.04813258
1955,m,68,0.05254564
1955,m,69,0.05736345
1955,m,70,0.06262302
1955,m,71,0.06836478
1955,m,72,0.07463286
1955,m,73,0.08147547
1955,m,74,0.08894546
1955,m,75,0.09710058
1955,m,76,0.10600386
1955,m,77,0.11538828
1955,m,78,0.1255567
1955,m,79,0.13662289
1955,m,80,0.1487057
1955,m,81,0.16191424
1955,m,82,0.17632354
1955,m,83,0.19191765
1955,m,84,0.20859795
1955,m,85,0.22612616
1955,m,86,0.24423005
1955,m,87,0.26271099
1955,m,88,0.28147771
1955,m,89,0.30074316
1955,m,90,0.32084727
1955,m,91,0.34223994
1955,m,92,0.36530121
1955,m,93,0.38998905
1955,m,94,0.41602071
1955,m,95,0.44591028
1955,m,96,0.47664085
1955,m,97,0.50949377
1955,m,98,0.54463874
1955,m,99,0.58224736
1955,m,100,0.66326608
1956,m,0,0.08874408
1956,m,1,0.02169883
1956,m,2,0.01331388
1956,m,3,0.00830238
1956,m,4,0.00535057
1956,m,5,0.00362776
1956,m,6,0.00262923
1956,m,7,0.00206197
1956,m,8,0.00175046
1956,m,9,0.00160157
1956,m,10,0.00155987
1956,m,11,0.00159435
1956,m,12,0.00168648
1956,m,13,0.00182237
1956,m,14,0.00199492
1956,m,15,0.00219837
1956,m,16,0.00243066
1956,m,17,0.00268951
1956,m,18,0.00296783
1956,m,19,0.00325322
1956,m,20,0.00352483
1956,m,21,0.00375664
1956,m,22,0.00392919
1956,m,23,0.0040306
1956,m,24,0.00407066
1956,m,25,0.00407088
1956,m,26,0.00405999
1956,m,27,0.00406709
1956,m,28,0.0041077
1956,m,29,0.00419062
1956,m,30,0.00431247
1956,m,31,0.00446391
1956,m,32,0.00463577
1956,m,33,0.00481901
1956,m,34,0.00501185
1956,m,35,0.0052172
1956,m,36,0.00544195
1956,m,37,0.00569566
1956,m,38,0.00598425
1956,m,39,0.00631094
1956,m,40,0.00667398
1956,m,41,0.00706754
1956,m,42,0.00748717
1956,m,43,0.0079298
1956,m,44,0.00839917
1956,m,45,0.00890546
1956,m,46,0.00946253
1956,m,47,0.01008785
1956,m,48,0.01079399
1956,m,49,0.01158813
1956,m,50,0.01246969
1956,m,51,0.01342915
1956,m,52,0.01445815
1956,m,53,0.01555079
1956,m,54,0.01671199
1956,m,55,0.0179608
1956,m,56,0.01932369
1956,m,57,0.02083529
1956,m,58,0.02252403
1956,m,59,0.0244072
1956,m,60,0.02648971
1956,m,61,0.02875812
1956,m,62,0.03119918
1956,m,63,0.03380505
1956,m,64,0.03658415
1956,m,65,0.03995651
1956,m,66,0.04363973
1956,m,67,0.04766249
1956,m,68,0.05205611
1956,m,69,0.05685476
1956,m,70,0.06209576
1956,m,71,0.06781984
1956,m,72,0.07407151
1956,m,73,0.08089944
1956,m,74,0.08835679
1956,m,75,0.09650161
1956,m,76,0.10539727
1956,m,77,0.11475674
1956,m,78,0.12489019
1956,m,79,0.13590954
1956,m,80,0.14793488
1956,m,81,0.16108119
1956,m,82,0.17543067
1956,m,83,0.19097394
1956,m,84,0.2076179
1956,m,85,0.22512651
1956,m,86,0.24322757
1956,m,87,0.26171871
1956,m,88,0.28050236
1956,m,89,0.29978338
1956,m,90,0.31989333
1956,m,91,0.34127519
1956,m,92,0.36430415
1956,m,93,0.38894094
1956,m,94,0.41490793
1956,m,95,0.45625613
1956,m,96,0.49470086
1956,m,97,0.53742218
1956,m,98,0.58489617
1956,m,99,0.63765167
1956,m,100,0.74652958
1957,m,0,0.08577856
1957,m,1,0.02029691
1957,m,2,0.01259422
1957,m,3,0.00793729
1957,m,4,0.00516391
1957,m,5,0.00352864
1957,m,6,0.00257229
1957,m,7,0.00202469
1957,m,8,0.0017219
1957,m,9,0.00157601
1957,m,10,0.00153421
1957,m,11,0.0015669
1957,m,12,0.00165635
1957,m,13,0.00178957
1957,m,14,0.00195988
1957,m,15,0.00216173
1957,m,16,0.00239279
1957,m,17,0.00265016
1957,m,18,0.0029263
1957,m,19,0.00320839
1957,m,20,0.00347577
1957,m,21,0.003703
1957,m,22,0.00387135
1957,m,23,0.00396971
1957,m,24,0.00400796
1957,m,25,0.00400739
1957,m,26,0.0039961
1957,m,27,0.00400256
1957,m,28,0.00404194
1957,m,29,0.00412286
1957,m,30,0.00424212
1957,m,31,0.00439069
1957,m,32,0.00455973
1957,m,33,0.00474049
1957,m,34,0.0049312
1957,m,35,0.00513465
1957,m,36,0.0053575
1957,m,37,0.005609
1957,m,38,0.00589496
1957,m,39,0.00621863
1957,m,40,0.00657853
1957,m,41,0.00696929
1957,m,42,0.00738684
1957,m,43,0.00782836
1957,m,44,0.00829748
1957,m,45,0.00880397
1957,m,46,0.00936114
1957,m,47,0.00998578
1957,m,48,0.0106901
1957,m,49,0.01148126
1957,m,50,0.0123591
1957,m,51,0.01331501
1957,m,52,0.01434146
1957,m,53,0.01543322
1957,m,54,0.01659533
1957,m,55,0.01784624
1957,m,56,0.01921143
1957,m,57,0.02072423
1957,m,58,0.02241214
1957,m,59,0.02429208
1957,m,60,0.02636925
1957,m,61,0.0286314
1957,m,62,0.03106663
1957,m,63,0.03366837
1957,m,64,0.03644585
1957,m,65,0.03980954
1957,m,66,0.04348367
1957,m,67,0.0474969
1957,m,68,0.05188054
1957,m,69,0.05666877
1957,m,70,0.06189893
1957,m,71,0.06761178
1957,m,72,0.07385188
1957,m,73,0.08066789
1957,m,74,0.08811296
1957,m,75,0.09624518
1957,m,76,0.10512798
1957,m,77,0.11447183
1957,m,78,0.12458369
1957,m,79,0.13557334
1957,m,80,0.14756023
1957,m,81,0.16066167
1957,m,82,0.17496345
1957,m,83,0.19046082
1957,m,84,0.20706612
1957,m,85,0.22454866
1957,m,86,0.24264084
1957,m,87,0.26114171
1957,m,88,0.27995224
1957,m,89,0.2992705
1957,m,90,0.31941919
1957,m,91,0.34083149
1957,m,92,0.3638743
1957,m,93,0.38850758
1957,m,94,0.41445659
1957,m,95,0.44421016
1957,m,96,0.47496136
1957,m,97,0.50784142
1957,m,98,0.54299784
1957,m,99,0.58058829
1957,m,100,0.66177891
1958,m,0,0.08296331
1958,m,1,0.01896863
1958,m,2,0.01190024
1958,m,3,0.00757773
1958,m,4,0.00497535
1958,m,5,0.00342546
1958,m,6,0.00251102
1958,m,7,0.00198342
1958,m,8,0.00168986
1958,m,9,0.00154753
1958,m,10,0.00150615
1958,m,11,0.00153741
1958,m,12,0.00162436
1958,m,13,0.0017548
1958,m,14,0.0019225
1958,m,15,0.00212218
1958,m,16,0.00235126
1958,m,17,0.0026064
1958,m,18,0.00287969
1958,m,19,0.00315801
1958,m,20,0.00342093
1958,m,21,0.00364358
1958,m,22,0.00380793
1958,m,23,0.00390348
1958,m,24,0.00394021
1958,m,25,0.0039391
1958,m,26,0.00392766
1958,m,27,0.00393366
1958,m,28,0.00397196
1958,m,29,0.00405098
1958,m,30,0.00416768
1958,m,31,0.00431334
1958,m,32,0.00447937
1958,m,33,0.0046573
1958,m,34,0.00484541
1958,m,35,0.00504637
1958,m,36,0.00526663
1958,m,37,0.00551516
1958,m,38,0.00579765
1958,m,39,0.00611736
1958,m,40,0.00647301
1958,m,41,0.00685961
1958,m,42,0.00727335
1958,m,43,0.00771164
1958,m,44,0.00817803
1958,m,45,0.00868191
1958,m,46,0.00923614
1958,m,47,0.00985691
1958,m,48,0.0105561
1958,m,49,0.01134082
1958,m,50,0.01221121
1958,m,51,0.01315935
1958,m,52,0.01417837
1958,m,53,0.01526356
1958,m,54,0.01642002
1958,m,55,0.01766564
1958,m,56,0.01902511
1958,m,57,0.02053062
1958,m,58,0.02220884
1958,m,59,0.02407632
1958,m,60,0.02613843
1958,m,61,0.02838383
1958,m,62,0.03080162
1958,m,63,0.03338621
1958,m,64,0.03614736
1958,m,65,0.03949698
1958,m,66,0.04315699
1958,m,67,0.04715616
1958,m,68,0.05152592
1958,m,69,0.0563006
1958,m,70,0.06151774
1958,m,71,0.06721832
1958,m,72,0.07344715
1958,m,73,0.08025318
1958,m,74,0.08768989
1958,m,75,0.09581574
1958,m,76,0.10469457
1958,m,77,0.11401483
1958,m,78,0.12409642
1958,m,79,0.13504707
1958,m,80,0.1469858
1958,m,81,0.16003271
1958,m,82,0.17427762
1958,m,83,0.18972078
1958,m,84,0.20628008
1958,m,85,0.22372988
1958,m,86,0.24180665
1958,m,87,0.26031005
1958,m,88,0.27913867
1958,m,89,0.29848317
1958,m,90,0.31865669
1958,m,91,0.34008221
1958,m,92,0.3631179
1958,m,93,0.38772264
1958,m,94,0.41362453
1958,m,95,0.44465689
1958,m,96,0.47615756
1958,m,97,0.50999337
1958,m,98,0.54633742
1958,m,99,0.58537563
1958,m,100,0.66955795
1959,m,0,0.08051297
1959,m,1,0.01784696
1959,m,2,0.01132284
1959,m,3,0.00728789
1959,m,4,0.00483186
1959,m,5,0.00335408
1959,m,6,0.00247423
1959,m,7,0.00196245
1959,m,8,0.00167553
1959,m,9,0.00153505
1959,m,10,0.001493
1959,m,11,0.0015223
1959,m,12,0.00160676
1959,m,13,0.00173484
1959,m,14,0.00190063
1959,m,15,0.002099
1959,m,16,0.00232719
1959,m,17,0.00258137
1959,m,18,0.00285325
1959,m,19,0.00312937
1959,m,20,0.00338941
1959,m,21,0.00360893
1959,m,22,0.00377041
1959,m,23,0.00386393
1959,m,24,0.00389954
1959,m,25,0.00389804
1959,m,26,0.00388651
1959,m,27,0.00389226
1959,m,28,0.00392988
1959,m,29,0.00400771
1959,m,30,0.00412278
1959,m,31,0.00426658
1959,m,32,0.00443074
1959,m,33,0.004607
1959,m,34,0.00479364
1959,m,35,0.00499328
1959,m,36,0.0052122
1959,m,37,0.00545918
1959,m,38,0.00573982
1959,m,39,0.00605741
1959,m,40,0.0064108
1959,m,41,0.00679527
1959,m,42,0.00720722
1959,m,43,0.00764424
1959,m,44,0.0081098
1959,m,45,0.00861307
1959,m,46,0.00916657
1959,m,47,0.00978609
1959,m,48,0.01048328
1959,m,49,0.01126524
1959,m,50,0.01213233
1959,m,51,0.01307714
1959,m,52,0.01409328
1959,m,53,0.01517644
1959,m,54,0.01633178
1959,m,55,0.01757682
1959,m,56,0.01893569
1959,m,57,0.02043979
1959,m,58,0.02211522
1959,m,59,0.0239783
1959,m,60,0.02603453
1959,m,61,0.02827327
1959,m,62,0.03068439
1959,m,63,0.03326302
1959,m,64,0.03601936
1959,m,65,0.03935845
1959,m,66,0.04300709
1959,m,67,0.04699397
1959,m,68,0.05135044
1959,m,69,0.05611077
1959,m,70,0.0613124
1959,m,71,0.06699624
1959,m,72,0.07320699
1959,m,73,0.0799935
1959,m,74,0.08740915
1959,m,75,0.09551226
1959,m,76,0.10436654
1959,m,77,0.11366068
1959,m,78,0.12371067
1959,m,79,0.13462233
1959,m,80,0.14651374
1959,m,81,0.15950625
1959,m,82,0.17369198
1959,m,83,0.18907458
1959,m,84,0.20557629
1959,m,85,0.22297633
1959,m,86,0.24101583
1959,m,87,0.25949702
1959,m,88,0.27831896
1959,m,89,0.29766868
1959,m,90,0.31785376
1959,m,91,0.33928985
1959,m,92,0.3623276
1959,m,93,0.3869207
1959,m,94,0.41279286
1959,m,95,0.44454868
1959,m,96,0.4763678
1959,m,97,0.51058952
1959,m,98,0.54739528
1959,m,99,0.58698021
1959,m,100,0.6721514
1960,m,0,0.07835714
1960,m,1,0.01688712
1960,m,2,0.01084092
1960,m,3,0.0070646
1960,m,4,0.00474107
1960,m,5,0.00332793
1960,m,6,0.00247822
1960,m,7,0.00197903
1960,m,8,0.00169539
1960,m,9,0.00155301
1960,m,10,0.00150657
1960,m,11,0.00153074
1960,m,12,0.00161065
1960,m,13,0.00173527
1960,m,14,0.00189838
1960,m,15,0.00209502
1960,m,16,0.00232214
1960,m,17,0.00257541
1960,m,18,0.00284607
1960,m,19,0.00312026
1960,m,20,0.00337777
1960,m,21,0.00359452
1960,m,22,0.00375351
1960,m,23,0.00384525
1960,m,24,0.00387982
1960,m,25,0.0038779
1960,m,26,0.00386628
1960,m,27,0.00387193
1960,m,28,0.00390926
1960,m,29,0.00398647
1960,m,30,0.00410066
1960,m,31,0.00424344
1960,m,32,0.00440659
1960,m,33,0.00458197
1960,m,34,0.00476795
1960,m,35,0.00496707
1960,m,36,0.00518552
1960,m,37,0.00543193
1960,m,38,0.00571185
1960,m,39,0.00602855
1960,m,40,0.00638102
1960,m,41,0.00676468
1960,m,42,0.0071761
1960,m,43,0.00761297
1960,m,44,0.00807874
1960,m,45,0.00858245
1960,m,46,0.0091364
1960,m,47,0.0097561
1960,m,48,0.01045309
1960,m,49,0.01123444
1960,m,50,0.01210066
1960,m,51,0.01304471
1960,m,52,0.01406053
1960,m,53,0.0151441
1960,m,54,0.01630065
1960,m,55,0.01754745
1960,m,56,0.01890824
1960,m,57,0.02041388
1960,m,58,0.02209011
1960,m,59,0.02395311
1960,m,60,0.02600845
1960,m,61,0.02824597
1960,m,62,0.03065605
1960,m,63,0.03323433
1960,m,64,0.03599138
1960,m,65,0.03932981
1960,m,66,0.04297795
1960,m,67,0.04696454
1960,m,68,0.051321
1960,m,69,0.05608161
1960,m,70,0.0612839
1960,m,71,0.06696882
1960,m,72,0.07318118
1960,m,73,0.07996993
1960,m,74,0.08738855
1960,m,75,0.09549545
1960,m,76,0.10435442
1960,m,77,0.11364288
1960,m,78,0.12368478
1960,m,79,0.13458389
1960,m,80,0.14645645
1960,m,81,0.15942333
1960,m,82,0.17357725
1960,m,83,0.18892479
1960,m,84,0.20539316
1960,m,85,0.2227688
1960,m,86,0.2408003
1960,m,87,0.25929436
1960,m,88,0.27815014
1960,m,89,0.29754688
1960,m,90,0.31778212
1960,m,91,0.33925946
1960,m,92,0.36231992
1960,m,93,0.38691907
1960,m,94,0.41278852
1960,m,95,0.44579814
1960,m,96,0.47841774
1960,m,97,0.51363679
1960,m,98,0.55166251
1960,m,99,0.59271855
1960,m,100,0.68067255
1961,m,0,0.07645314
1961,m,1,0.01609597
1961,m,2,0.01044451
1961,m,3,0.00687274
1961,m,4,0.00464977
1961,m,5,0.00328316
1961,m,6,0.00245368
1961,m,7,0.00196329
1961,m,8,0.00168401
1961,m,9,0.00154377
1961,m,10,0.0014985
1961,m,11,0.00152328
1961,m,12,0.00160326
1961,m,13,0.00172806
1961,m,14,0.00189205
1961,m,15,0.00209022
1961,m,16,0.00231918
1961,m,17,0.00257405
1961,m,18,0.00284583
1961,m,19,0.00312056
1961,m,20,0.00337801
1961,m,21,0.00359439
1961,m,22,0.00375302
1961,m,23,0.00384489
1961,m,24,0.00388026
1961,m,25,0.00387963
1961,m,26,0.00386944
1961,m,27,0.00387627
1961,m,28,0.00391434
1961,m,29,0.0039918
1961,m,30,0.00410583
1961,m,31,0.00424826
1961,m,32,0.00441101
1961,m,33,0.00458609
1961,m,34,0.00477188
1961,m,35,0.00497087
1961,m,36,0.00518913
1961,m,37,0.00543515
1961,m,38,0.00571438
1961,m,39,0.0060301
1961,m,40,0.0063814
1961,m,41,0.00676395
1961,m,42,0.00717446
1961,m,43,0.00761076
1961,m,44,0.00807627
1961,m,45,0.00857981
1961,m,46,0.00913343
1961,m,47,0.00975233
1961,m,48,0.01044784
1961,m,49,0.011227
1961,m,50,0.01209061
1961,m,51,0.013032
1961,m,52,0.01404552
1961,m,53,0.0151276
1961,m,54,0.01628353
1961,m,55,0.01753027
1961,m,56,0.01889109
1961,m,57,0.0203963
1961,m,58,0.02207157
1961,m,59,0.02393311
1961,m,60,0.02598623
1961,m,61,0.0282208
1961,m,62,0.03062728
1961,m,63,0.0332023
1961,m,64,0.03595688
1961,m,65,0.03929007
1961,m,66,0.04293098
1961,m,67,0.04690739
1961,m,68,0.05125092
1961,m,69,0.05599679
1961,m,70,0.06118266
1961,m,71,0.06684961
1961,m,72,0.07304257
1961,m,73,0.07980677
1961,m,74,0.08719449
1961,m,75,0.09526805
1961,m,76,0.1040952
1961,m,77,0.11335305
1961,m,78,0.12336583
1961,m,79,0.1342317
1961,m,80,0.14606505
1961,m,81,0.15898654
1961,m,82,0.17308949
1961,m,83,0.18838333
1961,m,84,0.20479952
1961,m,85,0.22212798
1961,m,86,0.24012075
1961,m,87,0.25858676
1961,m,88,0.27742567
1961,m,89,0.29681527
1961,m,90,0.31705122
1961,m,91,0.33853358
1961,m,92,0.36159872
1961,m,93,0.38619552
1961,m,94,0.41204722
1961,m,95,0.44310958
1961,m,96,0.4746
1961,m,97,0.50840704
1961,m,98,0.54470068
1961,m,99,0.58366328
1961,m,100,0.66770568
1962,m,0,0.07476318
1962,m,1,0.01538429
1962,m,2,0.01008395
1962,m,3,0.00670238
1962,m,4,0.00457745
1962,m,5,0.00325892
1962,m,6,0.00245171
1962,m,7,0.00197026
1962,m,8,0.00169332
1962,m,9,0.00155232
1962,m,10,0.00150495
1962,m,11,0.00152731
1962,m,12,0.00160523
1962,m,13,0.00172849
1962,m,14,0.00189128
1962,m,15,0.00208883
1962,m,16,0.00231763
1962,m,17,0.00257251
1962,m,18,0.00284418
1962,m,19,0.00311833
1962,m,20,0.00337473
1962,m,21,0.00358981
1962,m,22,0.00374721
1962,m,23,0.00383829
1962,m,24,0.00387337
1962,m,25,0.0038729
1962,m,26,0.00386307
1962,m,27,0.0038702
1962,m,28,0.00390839
1962,m,29,0.00398573
1962,m,30,0.00409943
1962,m,31,0.00424142
1962,m,32,0.0044037
1962,m,33,0.0045784
1962,m,34,0.0047639
1962,m,35,0.00496269
1962,m,36,0.00518076
1962,m,37,0.00542651
1962,m,38,0.00570537
1962,m,39,0.00602059
1962,m,40,0.00637132
1962,m,41,0.00675329
1962,m,42,0.00716333
1962,m,43,0.00759931
1962,m,44,0.00806463
1962,m,45,0.00856806
1962,m,46,0.00912153
1962,m,47,0.00974013
1962,m,48,0.01043506
1962,m,49,0.01121339
1962,m,50,0.01207596
1962,m,51,0.01301632
1962,m,52,0.01402896
1962,m,53,0.01511048
1962,m,54,0.01626619
1962,m,55,0.01751291
1962,m,56,0.01887373
1962,m,57,0.02037869
1962,m,58,0.02205335
1962,m,59,0.02391386
1962,m,60,0.02596552
1962,m,61,0.02819833
1962,m,62,0.03060292
1962,m,63,0.03317628
1962,m,64,0.03592957
1962,m,65,0.03925692
1962,m,66,0.04289086
1962,m,67,0.04685888
1962,m,68,0.05119264
1962,m,69,0.05592752
1962,m,70,0.06110102
1962,m,71,0.06675409
1962,m,72,0.07293147
1962,m,73,0.0796772
1962,m,74,0.08704303
1962,m,75,0.09509205
1962,m,76,0.10389273
1962,m,77,0.1131257
1962,m,78,0.12311223
1962,m,79,0.13394819
1962,m,80,0.14574588
1962,m,81,0.15862496
1962,m,82,0.17267836
1962,m,83,0.18791764
1962,m,84,0.20427802
1962,m,85,0.22155374
1962,m,86,0.23950165
1962,m,87,0.25793446
1962,m,88,0.27675424
1962,m,89,0.29613762
1962,m,90,0.31637743
1962,m,91,0.33786852
1962,m,92,0.36094083
1962,m,93,0.38553637
1962,m,94,0.41137064
1962,m,95,0.44256076
1962,m,96,0.47445774
1962,m,97,0.50880923
1962,m,98,0.54580349
1962,m,99,0.58564309
1962,m,100,0.67157959
1963,m,0,0.07306539
1963,m,1,0.01462682
1963,m,2,0.0096714
1963,m,3,0.00647618
1963,m,4,0.00445027
1963,m,5,0.0031836
1963,m,6,0.0024031
1963,m,7,0.00193505
1963,m,8,0.00166514
1963,m,9,0.00152806
1963,m,10,0.00148266
1963,m,11,0.00150552
1963,m,12,0.00158263
1963,m,13,0.00170452
1963,m,14,0.00186614
1963,m,15,0.00206297
1963,m,16,0.00229147
1963,m,17,0.00254629
1963,m,18,0.00281781
1963,m,19,0.00309134
1963,m,20,0.00334663
1963,m,21,0.00356024
1963,m,22,0.00371608
1963,m,23,0.00380575
1963,m,24,0.00383969
1963,m,25,0.00383832
1963,m,26,0.00382772
1963,m,27,0.00383407
1963,m,28,0.00387137
1963,m,29,0.00394765
1963,m,30,0.00406016
1963,m,31,0.00420088
1963,m,32,0.0043619
1963,m,33,0.00453541
1963,m,34,0.0047198
1963,m,35,0.00491755
1963,m,36,0.00513465
1963,m,37,0.00537944
1963,m,38,0.00565734
1963,m,39,0.00597159
1963,m,40,0.00632132
1963,m,41,0.00670226
1963,m,42,0.00711123
1963,m,43,0.00754611
1963,m,44,0.00801034
1963,m,45,0.00851268
1963,m,46,0.00906507
1963,m,47,0.00968258
1963,m,48,0.01037649
1963,m,49,0.0111538
1963,m,50,0.01201529
1963,m,51,0.01295443
1963,m,52,0.01396565
1963,m,53,0.01504538
1963,m,54,0.0161989
1963,m,55,0.01744312
1963,m,56,0.01880118
1963,m,57,0.02030317
1963,m,58,0.0219743
1963,m,59,0.02383057
1963,m,60,0.02587758
1963,m,61,0.02810571
1963,m,62,0.03050596
1963,m,63,0.03307483
1963,m,64,0.03582334
1963,m,65,0.03914431
1963,m,66,0.04277279
1963,m,67,0.04673705
1963,m,68,0.05106838
1963,m,69,0.05580116
1963,m,70,0.0609727
1963,m,71,0.06662376
1963,m,72,0.07279889
1963,m,73,0.07954551
1963,m,74,0.08691635
1963,m,75,0.09497076
1963,m,76,0.10377347
1963,m,77,0.11299829
1963,m,78,0.12296944
1963,m,79,0.13378453
1963,m,80,0.14555559
1963,m,81,0.15840232
1963,m,82,0.17241848
1963,m,83,0.18761624
1963,m,84,0.20393232
1963,m,85,0.22116779
1963,m,86,0.23908708
1963,m,87,0.25750851
1963,m,88,0.27633836
1963,m,89,0.29574894
1963,m,90,0.31602347
1963,m,91,0.33754425
1963,m,92,0.36062991
1963,m,93,0.3852214
1963,m,94,0.41103854
1963,m,95,0.4407697
1963,m,96,0.47160102
1963,m,97,0.50458973
1963,m,98,0.53988658
1963,m,99,0.57765269
1963,m,100,0.65950143
1964,m,0,0.07187423
1964,m,1,0.01418213
1964,m,2,0.009467
1964,m,3,0.00640651
1964,m,4,0.0044497
1964,m,5,0.00321515
1964,m,6,0.00244759
1964,m,7,0.00198229
1964,m,8,0.00170971
1964,m,9,0.00156761
1964,m,10,0.00151678
1964,m,11,0.00153509
1964,m,12,0.00160956
1964,m,13,0.00173022
1964,m,14,0.00189093
1964,m,15,0.00208734
1964,m,16,0.00231588
1964,m,17,0.00257097
1964,m,18,0.00284287
1964,m,19,0.00311664
1964,m,20,0.00337192
1964,m,21,0.00358532
1964,m,22,0.00374091
1964,m,23,0.00383063
1964,m,24,0.00386507
1964,m,25,0.00386457
1964,m,26,0.00385503
1964,m,27,0.00386242
1964,m,28,0.0039007
1964,m,29,0.0039779
1964,m,30,0.00409125
1964,m,31,0.00423276
1964,m,32,0.00439454
1964,m,33,0.00456881
1964,m,34,0.00475403
1964,m,35,0.00495266
1964,m,36,0.00517066
1964,m,37,0.00541635
1964,m,38,0.00569509
1964,m,39,0.00601012
1964,m,40,0.00636057
1964,m,41,0.00674223
1964,m,42,0.00715194
1964,m,43,0.00758761
1964,m,44,0.00805267
1964,m,45,0.00855587
1964,m,46,0.00910914
1964,m,47,0.00972752
1964,m,48,0.01042221
1964,m,49,0.01120022
1964,m,50,0.01206242
1964,m,51,0.01300235
1964,m,52,0.01401455
1964,m,53,0.01509562
1964,m,54,0.01625088
1964,m,55,0.01749714
1964,m,56,0.01885745
1964,m,57,0.0203618
1964,m,58,0.02203564
1964,m,59,0.02389508
1964,m,60,0.02594545
1964,m,61,0.02817687
1964,m,62,0.03058007
1964,m,63,0.03315206
1964,m,64,0.03590401
1964,m,65,0.03922355
1964,m,66,0.04284853
1964,m,67,0.04680631
1964,m,68,0.05112854
1964,m,69,0.05585048
1964,m,70,0.0610093
1964,m,71,0.06664561
1964,m,72,0.07280375
1964,m,73,0.07952753
1964,m,74,0.08686828
1964,m,75,0.09488842
1964,m,76,0.10365573
1964,m,77,0.11285306
1964,m,78,0.12279973
1964,m,79,0.13358903
1964,m,80,0.14533023
1964,m,81,0.15814079
1964,m,82,0.17211276
1964,m,83,0.18725972
1964,m,84,0.20352178
1964,m,85,0.22070362
1964,m,86,0.238574
1964,m,87,0.25695493
1964,m,88,0.27575607
1964,m,89,0.29515018
1964,m,90,0.31541868
1964,m,91,0.33693987
1964,m,92,0.36002712
1964,m,93,0.38461214
1964,m,94,0.41040614
1964,m,95,0.44148038
1964,m,96,0.47317089
1964,m,97,0.50725298
1964,m,98,0.54390564
1964,m,99,0.58331957
1964,m,100,0.66845909
1965,m,0,0.07053061
1965,m,1,0.01359271
1965,m,2,0.00914315
1965,m,3,0.00622624
1965,m,4,0.00434566
1965,m,5,0.00315092
1965,m,6,0.00240396
1965,m,7,0.00194981
1965,m,8,0.00168429
1965,m,9,0.00154708
1965,m,10,0.00149955
1965,m,11,0.0015196
1965,m,12,0.00159405
1965,m,13,0.00171395
1965,m,14,0.0018744
1965,m,15,0.00207116
1965,m,16,0.00230053
1965,m,17,0.00255668
1965,m,18,0.00282956
1965,m,19,0.0031039
1965,m,20,0.00335932
1965,m,21,0.00357248
1965,m,22,0.00372764
1965,m,23,0.00381686
1965,m,24,0.00385075
1965,m,25,0.00384974
1965,m,26,0.00383974
1965,m,27,0.00384671
1965,m,28,0.00388455
1965,m,29,0.00396123
1965,m,30,0.004074
1965,m,31,0.0042149
1965,m,32,0.00437606
1965,m,33,0.00454973
1965,m,34,0.00473438
1965,m,35,0.0049325
1965,m,36,0.00515006
1965,m,37,0.00539538
1965,m,38,0.00567383
1965,m,39,0.00598861
1965,m,40,0.00633883
1965,m,41,0.00672021
1965,m,42,0.00712957
1965,m,43,0.00756482
1965,m,44,0.0080294
1965,m,45,0.00853213
1965,m,46,0.00908498
1965,m,47,0.00970307
1965,m,48,0.01039766
1965,m,49,0.01117577
1965,m,50,0.01203813
1965,m,51,0.01297815
1965,m,52,0.01399019
1965,m,53,0.01507064
1965,m,54,0.01622475
1965,m,55,0.01746949
1965,m,56,0.0188281
1965,m,57,0.02033077
1965,m,58,0.02200278
1965,m,59,0.02386014
1965,m,60,0.02590845
1965,m,61,0.02813801
1965,m,62,0.03053974
1965,m,63,0.0331101
1965,m,64,0.03586001
1965,m,65,0.03917591
1965,m,66,0.04279791
1965,m,67,0.04675403
1965,m,68,0.05107554
1965,m,69,0.05579685
1965,m,70,0.06095496
1965,m,71,0.06659027
1965,m,72,0.07274694
1965,m,73,0.07947209
1965,m,74,0.08681804
1965,m,75,0.09484347
1965,m,76,0.10361241
1965,m,77,0.11280291
1965,m,78,0.12273673
1965,m,79,0.13350948
1965,m,80,0.14522981
1965,m,81,0.15801457
1965,m,82,0.17195571
1965,m,83,0.18706695
1965,m,84,0.20328956
1965,m,85,0.22043332
1965,m,86,0.23827293
1965,m,87,0.25663564
1965,m,88,0.27543438
1965,m,89,0.2948402
1965,m,90,0.31513088
1965,m,91,0.33667833
1965,m,92,0.35978898
1965,m,93,0.38439137
1965,m,94,0.41019339
1965,m,95,0.44432027
1965,m,96,0.47752505
1965,m,97,0.51348782
1965,m,98,0.55243678
1965,m,99,0.59461807
1965,m,100,0.68491015
1966,m,0,0.06940126
1966,m,1,0.01311888
1966,m,2,0.00889431
1966,m,3,0.00609968
1966,m,4,0.00428321
1966,m,5,0.00312068
1966,m,6,0.00238908
1966,m,7,0.00194176
1966,m,8,0.00167908
1966,m,9,0.00154273
1966,m,10,0.00149505
1966,m,11,0.00151444
1966,m,12,0.00158795
1966,m,13,0.00170712
1966,m,14,0.00186737
1966,m,15,0.00206454
1966,m,16,0.00229479
1966,m,17,0.00255201
1966,m,18,0.00282586
1966,m,19,0.0031008
1966,m,20,0.00335641
1966,m,21,0.00356947
1966,m,22,0.00372441
1966,m,23,0.00381348
1966,m,24,0.00384735
1966,m,25,0.00384643
1966,m,26,0.00383659
1966,m,27,0.00384371
1966,m,28,0.00388164
1966,m,29,0.00395833
1966,m,30,0.00407105
1966,m,31,0.00421187
1966,m,32,0.00437296
1966,m,33,0.00454659
1966,m,34,0.00473123
1966,m,35,0.00492938
1966,m,36,0.005147
1966,m,37,0.0053924
1966,m,38,0.00567095
1966,m,39,0.00598583
1966,m,40,0.00633611
1966,m,41,0.00671747
1966,m,42,0.0071267
1966,m,43,0.00756168
1966,m,44,0.00802588
1966,m,45,0.00852816
1966,m,46,0.00908057
1966,m,47,0.00969829
1966,m,48,0.01039264
1966,m,49,0.01117061
1966,m,50,0.01203289
1966,m,51,0.01297275
1966,m,52,0.01398445
1966,m,53,0.01506429
1966,m,54,0.01621752
1966,m,55,0.01746119
1966,m,56,0.01881865
1966,m,57,0.02032026
1966,m,58,0.02199139
1966,m,59,0.02384809
1966,m,60,0.02589593
1966,m,61,0.0281251
1966,m,62,0.03052638
1966,m,63,0.03309593
1966,m,64,0.03584457
1966,m,65,0.03915829
1966,m,66,0.04277813
1966,m,67,0.04673227
1966,m,68,0.05105169
1966,m,69,0.0557704
1966,m,70,0.06092535
1966,m,71,0.06655691
1966,m,72,0.07270921
1966,m,73,0.0794297
1966,m,74,0.08677077
1966,m,75,0.09479065
1966,m,76,0.10355287
1966,m,77,0.11273252
1966,m,78,0.12265336
1966,m,79,0.13340948
1966,m,80,0.14510888
1966,m,81,0.15786772
1966,m,82,0.17177776
1966,m,83,0.18685322
1966,m,84,0.20303678
1966,m,85,0.220143
1966,m,86,0.23795216
1966,m,87,0.25629608
1966,m,88,0.27509051
1966,m,89,0.2945043
1966,m,90,0.3148108
1966,m,91,0.33637511
1966,m,92,0.35949709
1966,m,93,0.38410477
1966,m,94,0.40990649
1966,m,95,0.43984571
1966,m,96,0.47075387
1966,m,97,0.50383435
1966,m,98,0.53923976
1966,m,99,0.57713335
1966,m,100,0.65930443
1967,m,0,0.06842041
1967,m,1,0.01272217
1967,m,2,0.00869027
1967,m,3,0.00600297
1967,m,4,0.00424341
1967,m,5,0.00310948
1967,m,6,0.00239131
1967,m,7,0.00194944
1967,m,8,0.00168834
1967,m,9,0.00155178
1967,m,10,0.0015031
1967,m,11,0.00152122
1967,m,12,0.00159355
1967,m,13,0.00171189
1967,m,14,0.00187176
1967,m,15,0.00206912
1967,m,16,0.00230006
1967,m,17,0.00255828
1967,m,18,0.00283318
1967,m,19,0.00310896
1967,m,20,0.0033651
1967,m,21,0.0035784
1967,m,22,0.00373342
1967,m,23,0.00382252
1967,m,24,0.00385643
1967,m,25,0.00385562
1967,m,26,0.00384595
1967,m,27,0.00385329
1967,m,28,0.00389149
1967,m,29,0.00396849
1967,m,30,0.00408155
1967,m,31,0.00422271
1967,m,32,0.00438414
1967,m,33,0.00455811
1967,m,34,0.0047431
1967,m,35,0.00494164
1967,m,36,0.00515971
1967,m,37,0.00540566
1967,m,38,0.00568483
1967,m,39,0.0060004
1967,m,40,0.00635139
1967,m,41,0.00673339
1967,m,42,0.00714314
1967,m,43,0.00757848
1967,m,44,0.00804291
1967,m,45,0.00854539
1967,m,46,0.00909808
1967,m,47,0.00971627
1967,m,48,0.01041136
1967,m,49,0.01119035
1967,m,50,0.01205381
1967,m,51,0.01299486
1967,m,52,0.0140076
1967,m,53,0.01508815
1967,m,54,0.01624176
1967,m,55,0.01748561
1967,m,56,0.01884326
1967,m,57,0.02034532
1967,m,58,0.02201734
1967,m,59,0.02387538
1967,m,60,0.02592503
1967,m,61,0.02815631
1967,m,62,0.03055978
1967,m,63,0.03313129
1967,m,64,0.03588151
1967,m,65,0.039195
1967,m,66,0.04281443
1967,m,67,0.04676801
1967,m,68,0.05108665
1967,m,69,0.05580411
1967,m,70,0.06095723
1967,m,71,0.06658624
1967,m,72,0.0727351
1967,m,73,0.07945166
1967,m,74,0.08678833
1967,m,75,0.09480252
1967,m,76,0.10355696
1967,m,77,0.11272645
1967,m,78,0.12263582
1967,m,79,0.13337864
1967,m,80,0.14506152
1967,m,81,0.15779901
1967,m,82,0.17168167
1967,m,83,0.18672382
1967,m,84,0.20286962
1967,m,85,0.21993769
1967,m,86,0.23771343
1967,m,87,0.25603337
1967,m,88,0.27481697
1967,m,89,0.29423299
1967,m,90,0.31455293
1967,m,91,0.33613732
1967,m,92,0.35928055
1967,m,93,0.38390571
1967,m,94,0.40971561
1967,m,95,0.44185608
1967,m,96,0.47438699
1967,m,97,0.50955254
1967,m,98,0.54756607
1967,m,99,0.58865823
1967,m,100,0.67718853
1968,m,0,0.06749359
1968,m,1,0.01236078
1968,m,2,0.00850801
1968,m,3,0.00592211
1968,m,4,0.00421612
1968,m,5,0.00310849
1968,m,6,0.00240219
1968,m,7,0.00196486
1968,m,8,0.00170488
1968,m,9,0.00156792
1968,m,10,0.00151824
1968,m,11,0.00153524
1968,m,12,0.00160656
1968,m,13,0.00172427
1968,m,14,0.00188405
1968,m,15,0.00208197
1968,m,16,0.00231405
1968,m,17,0.00257377
1968,m,18,0.00285029
1968,m,19,0.0031275
1968,m,20,0.00338475
1968,m,21,0.00359882
1968,m,22,0.00375433
1968,m,23,0.00384379
1968,m,24,0.00387807
1968,m,25,0.00387767
1968,m,26,0.00386847
1968,m,27,0.00387634
1968,m,28,0.00391514
1968,m,29,0.00399281
1968,m,30,0.00410657
1968,m,31,0.00424846
1968,m,32,0.0044106
1968,m,33,0.00458527
1968,m,34,0.00477096
1968,m,35,0.00497023
1968,m,36,0.00518911
1968,m,37,0.00543597
1968,m,38,0.00571618
1968,m,39,0.00603286
1968,m,40,0.00638499
1968,m,41,0.00676808
1968,m,42,0.0071788
1968,m,43,0.00761497
1968,m,44,0.00808013
1968,m,45,0.00858331
1968,m,46,0.00913679
1968,m,47,0.00975602
1968,m,48,0.01045246
1968,m,49,0.01123313
1968,m,50,0.01209851
1968,m,51,0.01304152
1968,m,52,0.01405608
1968,m,53,0.01513819
1968,m,54,0.01629305
1968,m,55,0.01753801
1968,m,56,0.01889683
1968,m,57,0.02040046
1968,m,58,0.02207463
1968,m,59,0.02393553
1968,m,60,0.0259887
1968,m,61,0.02822389
1968,m,62,0.03063139
1968,m,63,0.03320678
1968,m,64,0.03596055
1968,m,65,0.03927175
1968,m,66,0.04288779
1968,m,67,0.04683672
1968,m,68,0.05114918
1968,m,69,0.05585872
1968,m,70,0.06100195
1968,m,71,0.06661886
1968,m,72,0.0727531
1968,m,73,0.07945229
1968,m,74,0.08676847
1968,m,75,0.09475848
1968,m,76,0.10348443
1968,m,77,0.11263299
1968,m,78,0.12252011
1968,m,79,0.13323821
1968,m,80,0.14489219
1968,m,81,0.15759462
1968,m,82,0.17143446
1968,m,83,0.18642614
1968,m,84,0.20251531
1968,m,85,0.21952464
1968,m,86,0.23724459
1968,m,87,0.25551662
1968,m,88,0.27426422
1968,m,89,0.29365678
1968,m,90,0.31396458
1968,m,91,0.33554421
1968,m,92,0.35868482
1968,m,93,0.38330401
1968,m,94,0.40909779
1968,m,95,0.43909365
1968,m,96,0.47002078
1968,m,97,0.50312565
1968,m,98,0.53856162
1968,m,99,0.57649312
1968,m,100,0.65880953
1969,m,0,0.06656045
1969,m,1,0.01199025
1969,m,2,0.00831769
1969,m,3,0.00583021
1969,m,4,0.00417587
1969,m,5,0.00309393
1969,m,6,0.00239951
1969,m,7,0.00196715
1969,m,8,0.00170894
1969,m,9,0.00157216
1969,m,10,0.00152198
1969,m,11,0.00153827
1969,m,12,0.00160893
1969,m,13,0.00172884
1969,m,14,0.00189548
1969,m,15,0.00210371
1969,m,16,0.00234815
1969,m,17,0.00262075
1969,m,18,0.0029148
1969,m,19,0.00321543
1969,m,20,0.00349633
1969,m,21,0.00372871
1969,m,22,0.00389172
1969,m,23,0.00398127
1969,m,24,0.00401529
1969,m,25,0.00401441
1969,m,26,0.00400456
1969,m,27,0.00401167
1969,m,28,0.00404881
1969,m,29,0.00412348
1969,m,30,0.00423354
1969,m,31,0.00437165
1969,m,32,0.00453056
1969,m,33,0.00470252
1969,m,34,0.0048856
1969,m,35,0.0050824
1969,m,36,0.005299
1969,m,37,0.0055438
1969,m,38,0.00582202
1969,m,39,0.00613674
1969,m,40,0.00648708
1969,m,41,0.00686868
1969,m,42,0.00727835
1969,m,43,0.00771384
1969,m,44,0.0081784
1969,m,45,0.00868103
1969,m,46,0.00923395
1969,m,47,0.00985259
1969,m,48,0.01054802
1969,m,49,0.01132728
1969,m,50,0.01219137
1969,m,51,0.01313359
1969,m,52,0.014148290000000001
1969,m,53,0.0152317
1969,m,54,0.01638857
1969,m,55,0.01763566
1969,m,56,0.01899628
1969,m,57,0.02050097
1969,m,58,0.02217561
1969,m,59,0.02403709
1969,m,60,0.02609126
1969,m,61,0.02832792
1969,m,62,0.03073743
1969,m,63,0.03331555
1969,m,64,0.03607257
1969,m,65,0.03936847
1969,m,66,0.04296584
1969,m,67,0.04689181
1969,m,68,0.05117641
1969,m,69,0.05585279
1969,m,70,0.06095692
1969,m,71,0.06652803
1969,m,72,0.07260895
1969,m,73,0.07924637
1969,m,74,0.08649116
1969,m,75,0.09439882
1969,m,76,0.10302993
1969,m,77,0.11211742
1969,m,78,0.12193427
1969,m,79,0.13257362
1969,m,80,0.14414182
1969,m,81,0.15675492
1969,m,82,0.17050476
1969,m,83,0.18540628
1969,m,84,0.20140309
1969,m,85,0.21830878
1969,m,86,0.23590441
1969,m,87,0.25402696
1969,m,88,0.27260098
1969,m,89,0.29181459
1969,m,90,0.31196492
1969,m,91,0.33343778
1969,m,92,0.35654294
1969,m,93,0.38118203
1969,m,94,0.40701096
1969,m,95,0.43937729
1969,m,96,0.47241295
1969,m,97,0.50826335
1969,m,98,0.54716963
1969,m,99,0.58939452
1969,m,100,0.68052262
1970,m,0,0.06626031
1970,m,1,0.01197881
1970,m,2,0.00834767
1970,m,3,0.00591392
1970,m,4,0.00429481
1970,m,5,0.00323039
1970,m,6,0.00254269
1970,m,7,0.00210931
1970,m,8,0.00184083
1970,m,9,0.00168625
1970,m,10,0.00161653
1970,m,11,0.00161697
1970,m,12,0.00168075
1970,m,13,0.00179954
1970,m,14,0.00196452
1970,m,15,0.00217114
1970,m,16,0.00241449
1970,m,17,0.00268687
1970,m,18,0.00298416
1970,m,19,0.00329199
1970,m,20,0.00358131
1970,m,21,0.00382073
1970,m,22,0.00398683
1970,m,23,0.00407621
1970,m,24,0.00410933
1970,m,25,0.00410713
1970,m,26,0.00409579
1970,m,27,0.00410148
1970,m,28,0.00413747
1970,m,29,0.00421127
1970,m,30,0.00432068
1970,m,31,0.00445826
1970,m,32,0.00461671
1970,m,33,0.00478823
1970,m,34,0.00497092
1970,m,35,0.00516745
1970,m,36,0.00538396
1970,m,37,0.00562895
1970,m,38,0.00590747
1970,m,39,0.00622253
1970,m,40,0.00657334
1970,m,41,0.00695563
1970,m,42,0.00736634
1970,m,43,0.00780285
1970,m,44,0.00826816
1970,m,45,0.00877141
1970,m,46,0.00932503
1970,m,47,0.00994469
1970,m,48,0.01064163
1970,m,49,0.01142278
1970,m,50,0.01228887
1970,m,51,0.01323281
1970,m,52,0.01424859
1970,m,53,0.01533369
1970,m,54,0.01649378
1970,m,55,0.01774489
1970,m,56,0.01910962
1970,m,57,0.0206179
1970,m,58,0.02229584
1970,m,59,0.02416105
1970,m,60,0.02621939
1970,m,61,0.02846053
1970,m,62,0.03087463
1970,m,63,0.03345746
1970,m,64,0.03621926
1970,m,65,0.03951956
1970,m,66,0.04312125
1970,m,67,0.04705126
1970,m,68,0.05133954
1970,m,69,0.0560193
1970,m,70,0.06112644
1970,m,71,0.06670015
1970,m,72,0.07278317
1970,m,73,0.07942195
1970,m,74,0.0866672
1970,m,75,0.09457455
1970,m,76,0.10320467
1970,m,77,0.11228955
1970,m,78,0.12210598
1970,m,79,0.13274627
1970,m,80,0.14431318
1970,m,81,0.15691897
1970,m,82,0.17065195
1970,m,83,0.18552753
1970,m,84,0.20149277
1970,m,85,0.21836473
1970,m,86,0.23592866
1970,m,87,0.25402565
1970,m,88,0.27257983
1970,m,89,0.29177863
1970,m,90,0.31192221999999997
1970,m,91,0.33339749
1970,m,92,0.35651452
1970,m,93,0.38116853
1970,m,94,0.40700613
1970,m,95,0.43831935
1970,m,96,0.47011468
1970,m,97,0.50434475
1970,m,98,0.54119617
1970,m,99,0.58087075
1970,m,100,0.6668703
1971,m,0,0.06549392
1971,m,1,0.01157591
1971,m,2,0.00811227
1971,m,3,0.00574394
1971,m,4,0.00415317
1971,m,5,0.00310263
1971,m,6,0.00242213
1971,m,7,0.00199447
1971,m,8,0.0017364
1971,m,9,0.00159769
1971,m,10,0.00154494
1971,m,11,0.00155888
1971,m,12,0.001628
1971,m,13,0.00174836
1971,m,14,0.00191796
1971,m,15,0.00213127
1971,m,16,0.00238227
1971,m,17,0.00266209
1971,m,18,0.00296561
1971,m,19,0.00327821
1971,m,20,0.00357091
1971,m,21,0.00381241
1971,m,22,0.00397948
1971,m,23,0.00406959
1971,m,24,0.00410386
1971,m,25,0.00410306
1971,m,26,0.00409325
1971,m,27,0.00410043
1971,m,28,0.0041374
1971,m,29,0.00421153
1971,m,30,0.0043209
1971,m,31,0.00445834
1971,m,32,0.00461684
1971,m,33,0.0047886
1971,m,34,0.00497155
1971,m,35,0.00516834
1971,m,36,0.00538511
1971,m,37,0.00563036
1971,m,38,0.00590923
1971,m,39,0.00622476
1971,m,40,0.00657606
1971,m,41,0.00695874
1971,m,42,0.00736959
1971,m,43,0.00780626
1971,m,44,0.00827196
1971,m,45,0.00877574
1971,m,46,0.00932999
1971,m,47,0.00995033
1971,m,48,0.01064776
1971,m,49,0.01142935
1971,m,50,0.01229621
1971,m,51,0.01324157
1971,m,52,0.01425972
1971,m,53,0.01534691
1971,m,54,0.0165077
1971,m,55,0.01775877
1971,m,56,0.01912344
1971,m,57,0.02063241
1971,m,58,0.02231198
1971,m,59,0.02417954
1971,m,60,0.026241
1971,m,61,0.02848587
1971,m,62,0.03090415
1971,m,63,0.03349142
1971,m,64,0.03625776
1971,m,65,0.03955689
1971,m,66,0.04315672
1971,m,67,0.04708401
1971,m,68,0.05136864
1971,m,69,0.05604366
1971,m,70,0.0611447
1971,m,71,0.06671064
1971,m,72,0.0727839
1971,m,73,0.07941051
1971,m,74,0.08664091
1971,m,75,0.09453052
1971,m,76,0.10313978
1971,m,77,0.11221309
1971,m,78,0.12201952
1971,m,79,0.13265114
1971,m,80,0.14420895
1971,m,81,0.15680275
1971,m,82,0.17051862
1971,m,83,0.18537146
1971,m,84,0.20130932
1971,m,85,0.21815257
1971,m,86,0.23569067
1971,m,87,0.2537686
1971,m,88,0.27231578
1971,m,89,0.29151934
1971,m,90,0.31167404
1971,m,91,0.33315943
1971,m,92,0.35627828
1971,m,93,0.38092449
1971,m,94,0.40674781
1971,m,95,0.43796903
1971,m,96,0.47020546
1971,m,97,0.50504396
1971,m,98,0.5426958
1971,m,99,0.58338853
1971,m,100,0.67158562
1972,m,0,0.0656601
1972,m,1,0.01172712
1972,m,2,0.00819484
1972,m,3,0.00581464
1972,m,4,0.00422005
1972,m,5,0.00316435
1972,m,6,0.00247852
1972,m,7,0.00204528
1972,m,8,0.00178112
1972,m,9,0.00163655
1972,m,10,0.00157886
1972,m,11,0.00158937
1972,m,12,0.0016571
1972,m,13,0.00177999
1972,m,14,0.00195659
1972,m,15,0.00217995
1972,m,16,0.00244255
1972,m,17,0.002734
1972,m,18,0.00305229
1972,m,19,0.00338397
1972,m,20,0.00369571
1972,m,21,0.00395186
1972,m,22,0.00412489
1972,m,23,0.00421522
1972,m,24,0.00424975
1972,m,25,0.00424923
1972,m,26,0.00423969
1972,m,27,0.00424708
1972,m,28,0.00428224
1972,m,29,0.00435176
1972,m,30,0.00445549
1972,m,31,0.00458802
1972,m,32,0.00474408
1972,m,33,0.00491573
1972,m,34,0.0050993
1972,m,35,0.00529707
1972,m,36,0.00551478
1972,m,37,0.00576053
1972,m,38,0.00603909
1972,m,39,0.00635379
1972,m,40,0.00670432
1972,m,41,0.00708685
1972,m,42,0.00749878
1972,m,43,0.00793749
1972,m,44,0.00840541
1972,m,45,0.00891147
1972,m,46,0.00946791
1972,m,47,0.01009022
1972,m,48,0.01079028
1972,m,49,0.01157559
1972,m,50,0.01244636
1972,m,51,0.0133949
1972,m,52,0.0144146
1972,m,53,0.01550417
1972,m,54,0.0166704
1972,m,55,0.01792871
1972,m,56,0.0193012
1972,m,57,0.02081741
1972,m,58,0.02250337
1972,m,59,0.02437726
1972,m,60,0.02644532
1972,m,61,0.02869733
1972,m,62,0.03112352
1972,m,63,0.0337201
1972,m,64,0.03649727
1972,m,65,0.039808
1972,m,66,0.04342
1972,m,67,0.04735949
1972,m,68,0.05165745
1972,m,69,0.0563473
1972,m,70,0.061463
1972,m,71,0.06704179
1972,m,72,0.07312442
1972,m,73,0.07975631
1972,m,74,0.08698946
1972,m,75,0.09488085
1972,m,76,0.1034925
1972,m,77,0.11257037
1972,m,78,0.12239934
1972,m,79,0.13307501
1972,m,80,0.14468226
1972,m,81,0.15731473
1972,m,82,0.17104234
1972,m,83,0.18588471
1972,m,84,0.20180604
1972,m,85,0.21862816
1972,m,86,0.2361423
1972,m,87,0.25419563
1972,m,88,0.27271352
1972,m,89,0.29188154
1972,m,90,0.31200059
1972,m,91,0.33345557
1972,m,92,0.35655342
1972,m,93,0.38118053
1972,m,94,0.40697822
1972,m,95,0.43674322
1972,m,96,0.46756826
1972,m,97,0.50059239
1972,m,98,0.53597094
1972,m,99,0.5738653
1972,m,100,0.6563664
1973,m,0,0.065728
1973,m,1,0.01182043
1973,m,2,0.00828278
1973,m,3,0.00589189
1973,m,4,0.00428549
1973,m,5,0.00321899
1973,m,6,0.00252447
1973,m,7,0.00208514
1973,m,8,0.00181642
1973,m,9,0.00166785
1973,m,10,0.00160702
1973,m,11,0.00161545
1973,m,12,0.0016824
1973,m,13,0.00180951
1973,m,14,0.00199728
1973,m,15,0.00223634
1973,m,16,0.00251675
1973,m,17,0.00282566
1973,m,18,0.00316528
1973,m,19,0.00352402
1973,m,20,0.00386255
1973,m,21,0.00413923
1973,m,22,0.00432055
1973,m,23,0.0044111
1973,m,24,0.00444593
1973,m,25,0.00444579
1973,m,26,0.00443667
1973,m,27,0.00444455
1973,m,28,0.00447699
1973,m,29,0.00453929
1973,m,30,0.00463417
1973,m,31,0.00475907
1973,m,32,0.00491159
1973,m,33,0.00508306
1973,m,34,0.00526698
1973,m,35,0.00546527
1973,m,36,0.00568336
1973,m,37,0.00592904
1973,m,38,0.00620661
1973,m,39,0.00651956
1973,m,40,0.00686818
1973,m,41,0.00724924
1973,m,42,0.00766072
1973,m,43,0.00810012
1973,m,44,0.00856947
1973,m,45,0.00907753
1973,m,46,0.00963639
1973,m,47,0.01026139
1973,m,48,0.01096399
1973,m,49,0.01175162
1973,m,50,0.0126249
1973,m,51,0.01357652
1973,m,52,0.01460024
1973,m,53,0.01569538
1973,m,54,0.01686862
1973,m,55,0.01813477
1973,m,56,0.01951532
1973,m,57,0.02103922
1973,m,58,0.02273218
1973,m,59,0.02461282
1973,m,60,0.02668787
1973,m,61,0.02894755
1973,m,62,0.03138253
1973,m,63,0.03398947
1973,m,64,0.03677834
1973,m,65,0.04010101
1973,m,66,0.0437252
1973,m,67,0.04767659
1973,m,68,0.05198862
1973,m,69,0.05669505
1973,m,70,0.06182606
1973,m,71,0.0674151
1973,m,72,0.07349914
1973,m,73,0.08012671
1973,m,74,0.08735519
1973,m,75,0.09524118
1973,m,76,0.10384629
1973,m,77,0.11291763
1973,m,78,0.12277046
1973,m,79,0.13351299
1973,m,80,0.14520184
1973,m,81,0.1579022
1973,m,82,0.17165561
1973,m,83,0.18649142
1973,m,84,0.20240256
1973,m,85,0.21921174
1973,m,86,0.23671128
1973,m,87,0.25474939
1973,m,88,0.27324107
1973,m,89,0.29236568
1973,m,90,0.31243116
1973,m,91,0.33382904
1973,m,92,0.35687295
1973,m,93,0.38144065
1973,m,94,0.40716884
1973,m,95,0.43679083
1973,m,96,0.46755979
1973,m,97,0.500557
1973,m,98,0.53592049
1973,m,99,0.57378959
1973,m,100,0.65626455
1974,m,0,0.06558457
1974,m,1,0.01174038
1974,m,2,0.00823306
1974,m,3,0.00586033
1974,m,4,0.00426455
1974,m,5,0.00320415
1974,m,6,0.00251315
1974,m,7,0.00207592
1974,m,8,0.00180868
1974,m,9,0.00166127
1974,m,10,0.00160131
1974,m,11,0.00161028
1974,m,12,0.00167734
1974,m,13,0.00180406
1974,m,14,0.00199102
1974,m,15,0.00222904
1974,m,16,0.00250833
1974,m,17,0.00281618
1974,m,18,0.00315434
1974,m,19,0.00351102
1974,m,20,0.00384742
1974,m,21,0.00412247
1974,m,22,0.00430323
1974,m,23,0.00439389
1974,m,24,0.00442873
1974,m,25,0.00442851
1974,m,26,0.00441926
1974,m,27,0.00442697
1974,m,28,0.00445948
1974,m,29,0.00452222
1974,m,30,0.00461769
1974,m,31,0.00474313
1974,m,32,0.00489594
1974,m,33,0.00506748
1974,m,34,0.00525146
1974,m,35,0.0054498
1974,m,36,0.00566797
1974,m,37,0.00591375
1974,m,38,0.00619147
1974,m,39,0.00650461
1974,m,40,0.00685343
1974,m,41,0.00723465
1974,m,42,0.00764623
1974,m,43,0.00808554
1974,m,44,0.00855458
1974,m,45,0.0090622
1974,m,46,0.0096206
1974,m,47,0.01024524
1974,m,48,0.01094763
1974,m,49,0.01173517
1974,m,50,0.0126084
1974,m,51,0.01355988
1974,m,52,0.01458326
1974,m,53,0.01567767
1974,m,54,0.01684974
1974,m,55,0.01811439
1974,m,56,0.01949332
1974,m,57,0.02101566
1974,m,58,0.02270723
1974,m,59,0.02458666
1974,m,60,0.02666061
1974,m,61,0.02891918
1974,m,62,0.03135288
1974,m,63,0.03395826
1974,m,64,0.03674526
1974,m,65,0.040066740000000003
1974,m,66,0.04368993
1974,m,67,0.04764061
1974,m,68,0.05195314
1974,m,69,0.05666122
1974,m,70,0.06179376
1974,m,71,0.06738291
1974,m,72,0.07346433
1974,m,73,0.08008855
1974,m,74,0.08731511
1974,m,75,0.09519956
1974,m,76,0.10380242
1974,m,77,0.11286828
1974,m,78,0.12272412
1974,m,79,0.13348304
1974,m,80,0.14519296
1974,m,81,0.15791021
1974,m,82,0.17166753
1974,m,83,0.18649965
1974,m,84,0.20241006
1974,m,85,0.21922178
1974,m,86,0.23672766
1974,m,87,0.25477602
1974,m,88,0.27327203
1974,m,89,0.29238831
1974,m,90,0.31243694
1974,m,91,0.333813
1974,m,92,0.35683427
1974,m,93,0.381381
1974,m,94,0.40708831
1974,m,95,0.43672704
1974,m,96,0.46747511
1974,m,97,0.50044494
1974,m,98,0.53577712
1974,m,99,0.573612
1974,m,100,0.65604449
1975,m,0,0.06536541
1975,m,1,0.01164005
1975,m,2,0.00818285
1975,m,3,0.00583424
1975,m,4,0.00425041
1975,m,5,0.00319596
1975,m,6,0.00250781
1975,m,7,0.00207216
1975,m,8,0.00180613
1975,m,9,0.00165964
1975,m,10,0.00160036
1975,m,11,0.00160974
1975,m,12,0.00167686
1975,m,13,0.00180331
1975,m,14,0.00198981
1975,m,15,0.00222729
1975,m,16,0.00250606
1975,m,17,0.00281345
1975,m,18,0.00315071
1975,m,19,0.00350584
1975,m,20,0.00384055
1975,m,21,0.00411429
1975,m,22,0.00429469
1975,m,23,0.00438561
1975,m,24,0.00442067
1975,m,25,0.00442066
1975,m,26,0.00441163
1975,m,27,0.0044196
1975,m,28,0.00445259
1975,m,29,0.00451607
1975,m,30,0.00461241
1975,m,31,0.00473866
1975,m,32,0.00489208
1975,m,33,0.00506406
1975,m,34,0.00524842
1975,m,35,0.00544714
1975,m,36,0.00566571
1975,m,37,0.00591195
1975,m,38,0.00619021
1975,m,39,0.00650394
1975,m,40,0.00685336
1975,m,41,0.00723514
1975,m,42,0.00764715
1975,m,43,0.00808671
1975,m,44,0.00855581
1975,m,45,0.00906341
1975,m,46,0.00962181
1975,m,47,0.0102466
1975,m,48,0.01094935
1975,m,49,0.01173743
1975,m,50,0.01261131
1975,m,51,0.01356342
1975,m,52,0.01458727
1975,m,53,0.01568182
1975,m,54,0.01685367
1975,m,55,0.01811791
1975,m,56,0.01949642
1975,m,57,0.02101859
1975,m,58,0.0227104
1975,m,59,0.02459046
1975,m,60,0.02666538
1975,m,61,0.02892505
1975,m,62,0.03135977
1975,m,63,0.03396586
1975,m,64,0.0367532
1975,m,65,0.0400742
1975,m,66,0.04369671
1975,m,67,0.04764654
1975,m,68,0.0519582
1975,m,69,0.0566653
1975,m,70,0.06179642
1975,m,71,0.06738338
1975,m,72,0.07346152
1975,m,73,0.0800793
1975,m,74,0.08729576
1975,m,75,0.0951684
1975,m,76,0.10375971
1975,m,77,0.11281761
1975,m,78,0.12267064
1975,m,79,0.13343175
1975,m,80,0.14514752
1975,m,81,0.15787275
1975,m,82,0.17163871
1975,m,83,0.18647949
1975,m,84,0.20239846
1975,m,85,0.21921839
1975,m,86,0.23673231
1975,m,87,0.25478899
1975,m,88,0.27328648
1975,m,89,0.29239425
1975,m,90,0.31243099
1975,m,91,0.33379768
1975,m,92,0.35681709
1975,m,93,0.38136805
1975,m,94,0.40707783
1975,m,95,0.43826134
1975,m,96,0.47048667
1975,m,97,0.50538028
1975,m,98,0.54314493
1975,m,99,0.58399228
1975,m,100,0.6725704
1976,m,0,0.06523005
1976,m,1,0.01161574
1976,m,2,0.0081875
1976,m,3,0.00587413
1976,m,4,0.00431598
1976,m,5,0.00327725
1976,m,6,0.0025977
1976,m,7,0.00216464
1976,m,8,0.00189741
1976,m,9,0.0017486
1976,m,10,0.00168676
1976,m,11,0.00169406
1976,m,12,0.00176024
1976,m,13,0.00188128
1976,m,14,0.00205406
1976,m,15,0.00227271
1976,m,16,0.00253067
1976,m,17,0.00281837
1976,m,18,0.00313306
1976,m,19,0.00346057
1976,m,20,0.00376844
1976,m,21,0.00402199
1976,m,22,0.00419473
1976,m,23,0.00428623
1976,m,24,0.00432183
1976,m,25,0.0043224
1976,m,26,0.00431408
1976,m,27,0.00432293
1976,m,28,0.00436057
1976,m,29,0.00443397
1976,m,30,0.00454236
1976,m,31,0.0046797
1976,m,32,0.00484006
1976,m,33,0.00501522
1976,m,34,0.00520186
1976,m,35,0.00540258
1976,m,36,0.00562348
1976,m,37,0.00587302
1976,m,38,0.00615644
1976,m,39,0.00647679
1976,m,40,0.00683291
1976,m,41,0.00722003
1976,m,42,0.00763465
1976,m,43,0.00807566
1976,m,44,0.0085473
1976,m,45,0.00905817
1976,m,46,0.00962026
1976,m,47,0.01024886
1976,m,48,0.01095558
1976,m,49,0.01174812
1976,m,50,0.01262693
1976,m,51,0.01358432
1976,m,52,0.01461371
1976,m,53,0.01571211
1976,m,54,0.01688507
1976,m,55,0.01814905
1976,m,56,0.01952739
1976,m,57,0.02105098
1976,m,58,0.02274615
1976,m,59,0.0246307
1976,m,60,0.02671092
1976,m,61,0.02897615
1976,m,62,0.03141615
1976,m,63,0.03402632
1976,m,64,0.03681612
1976,m,65,0.04013693
1976,m,66,0.04375835
1976,m,67,0.04770645
1976,m,68,0.05201461
1976,m,69,0.05671609
1976,m,70,0.06184082
1976,m,71,0.06742196
1976,m,72,0.07349619
1976,m,73,0.08011019
1976,m,74,0.08732069
1976,m,75,0.09518572
1976,m,76,0.10376828
1976,m,77,0.11282101
1976,m,78,0.12266404
1976,m,79,0.13340973
1976,m,80,0.14511409
1976,m,81,0.15784074
1976,m,82,0.17162993000000001
1976,m,83,0.18650657
1976,m,84,0.20245525
1976,m,85,0.21929598
1976,m,86,0.23681971
1976,m,87,0.25487287
1976,m,88,0.27336851
1976,m,89,0.29248796
1976,m,90,0.31254205
1976,m,91,0.33392244
1976,m,92,0.35694285
1976,m,93,0.38147771
1976,m,94,0.4071582
1976,m,95,0.43657215
1976,m,96,0.46722866
1976,m,97,0.50009925
1976,m,98,0.53532569
1976,m,99,0.57305054
1976,m,100,0.65535878
1977,m,0,0.06430524
1977,m,1,0.01109191
1977,m,2,0.00787721
1977,m,3,0.00564821
1977,m,4,0.00413049
1977,m,5,0.00311513
1977,m,6,0.00244959
1977,m,7,0.00202681
1977,m,8,0.00176926
1977,m,9,0.00162933
1977,m,10,0.00157489
1977,m,11,0.00158722
1977,m,12,0.00165509
1977,m,13,0.00177442
1977,m,14,0.00194316
1977,m,15,0.00215621
1977,m,16,0.00240769
1977,m,17,0.00268866
1977,m,18,0.00299232
1977,m,19,0.00330313
1977,m,20,0.00359334
1977,m,21,0.003833
1977,m,22,0.00400044
1977,m,23,0.00409236
1977,m,24,0.00412814
1977,m,25,0.00412875
1977,m,26,0.00412042
1977,m,27,0.00412933
1977,m,28,0.00416858
1977,m,29,0.00424566
1977,m,30,0.00435844
1977,m,31,0.00449943
1977,m,32,0.00466134
1977,m,33,0.00483626
1977,m,34,0.00502226
1977,m,35,0.0052221
1977,m,36,0.00544204
1977,m,37,0.00569076
1977,m,38,0.00597347
1977,m,39,0.00629316
1977,m,40,0.00664867
1977,m,41,0.00703519
1977,m,42,0.00744922
1977,m,43,0.00788825
1977,m,44,0.00835566
1977,m,45,0.00886092
1977,m,46,0.00941692
1977,m,47,0.0100399
1977,m,48,0.01074127
1977,m,49,0.01152812
1977,m,50,0.01240105
1977,m,51,0.01335239
1977,m,52,0.0143756
1977,m,53,0.01546628
1977,m,54,0.01662904
1977,m,55,0.0178813
1977,m,56,0.0192474
1977,m,57,0.02075936
1977,m,58,0.02244438
1977,m,59,0.02432009
1977,m,60,0.026392
1977,m,61,0.02864851
1977,m,62,0.03107836
1977,m,63,0.03367602
1977,m,64,0.03645104
1977,m,65,0.03975534
1977,m,66,0.04335955
1977,m,67,0.0472903
1977,m,68,0.05157757
1977,m,69,0.05625414
1977,m,70,0.06135493
1977,m,71,0.06691806
1977,m,72,0.07298516
1977,m,73,0.07960043
1977,m,74,0.08681373
1977,m,75,0.09468153
1977,m,76,0.10326519
1977,m,77,0.11231598
1977,m,78,0.12210621
1977,m,79,0.13272685
1977,m,80,0.14427405
1977,m,81,0.15685109
1977,m,82,0.17053797
1977,m,83,0.18534903
1977,m,84,0.2012338
1977,m,85,0.21801777
1977,m,86,0.23549816
1977,m,87,0.25352783
1977,m,88,0.27204759
1977,m,89,0.29124936
1977,m,90,0.31142437
1977,m,91,0.33294282
1977,m,92,0.35609591
1977,m,93,0.38076401
1977,m,94,0.40658561
1977,m,95,0.43637347
1977,m,96,0.46721572
1977,m,97,0.50024862
1977,m,98,0.53562543
1977,m,99,0.57350774
1977,m,100,0.65602896
1978,m,0,0.06392391
1978,m,1,0.01096488
1978,m,2,0.0078115
1978,m,3,0.00562291
1978,m,4,0.00412876
1978,m,5,0.00312588
1978,m,6,0.00246631
1978,m,7,0.00204559
1978,m,8,0.00178755
1978,m,9,0.00164566
1978,m,10,0.00158879
1978,m,11,0.001599
1978,m,12,0.0016657
1978,m,13,0.00178541
1978,m,14,0.00195603
1978,m,15,0.00217214
1978,m,16,0.00242746
1978,m,17,0.00271261
1978,m,18,0.00302252
1978,m,19,0.00334211
1978,m,20,0.00364139
1978,m,21,0.00388817
1978,m,22,0.00405858
1978,m,23,0.00415056
1978,m,24,0.00418621
1978,m,25,0.00418655
1978,m,26,0.00417786
1978,m,27,0.00418637
1978,m,28,0.00422492
1978,m,29,0.00430089
1978,m,30,0.00441233
1978,m,31,0.00455194
1978,m,32,0.00471261
1978,m,33,0.00488643
1978,m,34,0.00507133
1978,m,35,0.00527009
1978,m,36,0.00548902
1978,m,37,0.00573681
1978,m,38,0.00601863
1978,m,39,0.00633741
1978,m,40,0.00669203
1978,m,41,0.00707771
1978,m,42,0.00749099
1978,m,43,0.00792928
1978,m,44,0.00839586
1978,m,45,0.0089002
1978,m,46,0.00945523
1978,m,47,0.0100772
1978,m,48,0.01077742
1978,m,49,0.01156298
1978,m,50,0.0124346
1978,m,51,0.01338464
1978,m,52,0.01440662
1978,m,53,0.01549633
1978,m,54,0.0166583
1978,m,55,0.01790963
1978,m,56,0.01927441
1978,m,57,0.02078445
1978,m,58,0.02246721
1978,m,59,0.02434071
1978,m,60,0.02641051
1978,m,61,0.02866483
1978,m,62,0.03109226
1978,m,63,0.03368736
1978,m,64,0.03645965
1978,m,65,0.03976419
1978,m,66,0.04336881
1978,m,67,0.04729999
1978,m,68,0.05158792
1978,m,69,0.05626553
1978,m,70,0.06136744
1978,m,71,0.06693148
1978,m,72,0.07299898
1978,m,73,0.0796135
1978,m,74,0.08682507
1978,m,75,0.09469104
1978,m,76,0.1032737
1978,m,77,0.11231732
1978,m,78,0.12210284
1978,m,79,0.1327213
1978,m,80,0.14426747
1978,m,81,0.15684325
1978,m,82,0.17052746
1978,m,83,0.18533692
1978,m,84,0.20122229
1978,m,85,0.2180068
1978,m,86,0.23548567
1978,m,87,0.25350964
1978,m,88,0.27202599
1978,m,89,0.29123355
1978,m,90,0.3114216
1978,m,91,0.33295758
1978,m,92,0.35612966
1978,m,93,0.38080539
1978,m,94,0.40661564
1978,m,95,0.43633606
1978,m,96,0.4671184
1978,m,97,0.50009146
1978,m,98,0.53540876
1978,m,99,0.57322743
1978,m,100,0.6556644
1979,m,0,0.06333568
1979,m,1,0.01073759
1979,m,2,0.00769005
1979,m,3,0.00555816
1979,m,4,0.00409399
1979,m,5,0.00310639
1979,m,6,0.00245416
1979,m,7,0.00203703
1979,m,8,0.00178133
1979,m,9,0.00164128
1979,m,10,0.00158584
1979,m,11,0.00159692
1979,m,12,0.00166359
1979,m,13,0.00178198
1979,m,14,0.00195009
1979,m,15,0.00216298
1979,m,16,0.00241474
1979,m,17,0.00269624
1979,m,18,0.00300014
1979,m,19,0.00331055
1979,m,20,0.00360001
1979,m,21,0.00383898
1979,m,22,0.00400628
1979,m,23,0.00409858
1979,m,24,0.00413487
1979,m,25,0.00413614
1979,m,26,0.00412857
1979,m,27,0.0041383
1979,m,28,0.00417842
1979,m,29,0.00425644
1979,m,30,0.00437015
1979,m,31,0.00451204
1979,m,32,0.00467476
1979,m,33,0.00485042
1979,m,34,0.00503711
1979,m,35,0.00523762
1979,m,36,0.00545827
1979,m,37,0.00570772
1979,m,38,0.00599122
1979,m,39,0.00631171
1979,m,40,0.00666795
1979,m,41,0.00705501
1979,m,42,0.00746931
1979,m,43,0.00790825
1979,m,44,0.00837527
1979,m,45,0.00887997
1979,m,46,0.00943541
1979,m,47,0.010058
1979,m,48,0.0107593
1979,m,49,0.01154634
1979,m,50,0.01241956
1979,m,51,0.01337097
1979,m,52,0.01439373
1979,m,53,0.01548334
1979,m,54,0.01664451
1979,m,55,0.01789474
1979,m,56,0.01925858
1979,m,57,0.02076833
1979,m,58,0.02245173
1979,m,59,0.0243266
1979,m,60,0.02639819
1979,m,61,0.02865433
1979,m,62,0.03108314
1979,m,63,0.03367895
1979,m,64,0.03645131
1979,m,65,0.03975221
1979,m,66,0.04335223
1979,m,67,0.04727779
1979,m,68,0.0515587
1979,m,69,0.05622777
1979,m,70,0.06131997
1979,m,71,0.06687343
1979,m,72,0.07292979
1979,m,73,0.07953204
1979,m,74,0.08672931
1979,m,75,0.094578690000000007
1979,m,76,0.1031422
1979,m,77,0.11217107
1979,m,78,0.12193734
1979,m,79,0.13252947
1979,m,80,0.14404399
1979,m,81,0.15658443
1979,m,82,0.17023144
1979,m,83,0.18499873
1979,m,84,0.20083592
1979,m,85,0.21757304
1979,m,86,0.23501273
1979,m,87,0.2530133
1979,m,88,0.27152151
1979,m,89,0.2907295
1979,m,90,0.31092439
1979,m,91,0.33246972
1979,m,92,0.3556483
1979,m,93,0.38033363
1979,m,94,0.40615709
1979,m,95,0.43561497
1979,m,96,0.46638557
1979,m,97,0.49933525
1979,m,98,0.53461708
1979,m,99,0.57239293
1979,m,100,0.6548206
1980,m,0,0.06268224
1980,m,1,0.01050394
1980,m,2,0.00756024
1980,m,3,0.00549139
1980,m,4,0.00406362
1980,m,5,0.00309597
1980,m,6,0.00245397
1980,m,7,0.0020414
1980,m,8,0.00178712
1980,m,9,0.00164691
1980,m,10,0.00159058
1980,m,11,0.00160057
1980,m,12,0.00166635
1980,m,13,0.00178402
1980,m,14,0.00195142
1980,m,15,0.0021638
1980,m,16,0.00241529
1980,m,17,0.00269671
1980,m,18,0.00300044
1980,m,19,0.0033103
1980,m,20,0.00359902
1980,m,21,0.00383731
1980,m,22,0.0040043
1980,m,23,0.00409656
1980,m,24,0.0041328
1980,m,25,0.00413403
1980,m,26,0.00412645
1980,m,27,0.00413617
1980,m,28,0.00417636
1980,m,29,0.00425455
1980,m,30,0.00436849
1980,m,31,0.00451062
1980,m,32,0.00467353
1980,m,33,0.00484934
1980,m,34,0.0050362
1980,m,35,0.0052369
1980,m,36,0.00545778
1980,m,37,0.00570751
1980,m,38,0.00599134
1980,m,39,0.00631219
1980,m,40,0.00666876
1980,m,41,0.0070561
1980,m,42,0.00747056
1980,m,43,0.00790956
1980,m,44,0.0083766
1980,m,45,0.0088813
1980,m,46,0.00943678
1980,m,47,0.0100595
1980,m,48,0.01076104
1980,m,49,0.0115485
1980,m,50,0.01242222
1980,m,51,0.01337414
1980,m,52,0.01439733
1980,m,53,0.01548706
1980,m,54,0.01664797
1980,m,55,0.01789778
1980,m,56,0.01926128
1980,m,57,0.02077109
1980,m,58,0.02245464
1980,m,59,0.02432955
1980,m,60,0.02640127
1980,m,61,0.02865776
1980,m,62,0.03108732
1980,m,63,0.03368376
1980,m,64,0.03645621
1980,m,65,0.03975596
1980,m,66,0.04335477
1980,m,67,0.04727927
1980,m,68,0.05155932
1980,m,69,0.05622745
1980,m,70,0.06131835
1980,m,71,0.06686992
1980,m,72,0.07292352
1980,m,73,0.07952326
1980,m,74,0.08671882
1980,m,75,0.09456618
1980,m,76,0.10312624
1980,m,77,0.11214889
1980,m,78,0.12190684
1980,m,79,0.13248827
1980,m,80,0.14398932
1980,m,81,0.15651289
1980,m,82,0.17013936
1980,m,83,0.18488266
1980,m,84,0.20069361
1980,m,85,0.21740648
1980,m,86,0.23482877
1980,m,87,0.25282272
1980,m,88,0.27133632
1980,m,89,0.29055876
1980,m,90,0.31077367
1980,m,91,0.33233936
1980,m,92,0.35553397
1980,m,93,0.38023621
1980,m,94,0.40608122
1980,m,95,0.43942278
1980,m,96,0.47251687
1980,m,97,0.50837345
1980,m,98,0.54720915
1980,m,99,0.58926525
1980,m,100,0.67991705
1981,m,0,0.06210095
1981,m,1,0.01035022
1981,m,2,0.00747018
1981,m,3,0.00545518
1981,m,4,0.00406159
1981,m,5,0.00311254
1981,m,6,0.00247964
1981,m,7,0.00207006
1981,m,8,0.00181473
1981,m,9,0.00167121
1981,m,10,0.00161088
1981,m,11,0.00161741
1981,m,12,0.00168128
1981,m,13,0.00179898
1981,m,14,0.00196788
1981,m,15,0.00218299
1981,m,16,0.00243805
1981,m,17,0.00272341
1981,m,18,0.00303319
1981,m,19,0.00335163
1981,m,20,0.00364911
1981,m,21,0.0038941
1981,m,22,0.00406354
1981,m,23,0.00415541
1981,m,24,0.00419124
1981,m,25,0.00419208
1981,m,26,0.00418409
1981,m,27,0.00419332
1981,m,28,0.00423266
1981,m,29,0.00430947
1981,m,30,0.00442177
1981,m,31,0.00456223
1981,m,32,0.00472373
1981,m,33,0.0048984
1981,m,34,0.00508424
1981,m,35,0.00528405
1981,m,36,0.00550411
1981,m,37,0.00575311
1981,m,38,0.00603613
1981,m,39,0.00635609
1981,m,40,0.00671186
1981,m,41,0.00709864
1981,m,42,0.00751298
1981,m,43,0.00795214
1981,m,44,0.00841936
1981,m,45,0.00892427
1981,m,46,0.00947996
1981,m,47,0.01010287
1981,m,48,0.01080449
1981,m,49,0.01159184
1981,m,50,0.01246535
1981,m,51,0.01341704
1981,m,52,0.01444006
1981,m,53,0.01553045
1981,m,54,0.01669313
1981,m,55,0.01794518
1981,m,56,0.0193107
1981,m,57,0.02082162
1981,m,58,0.02250584
1981,m,59,0.02438167
1981,m,60,0.02645436
1981,m,61,0.02871168
1981,m,62,0.03114171
1981,m,63,0.0337391
1981,m,64,0.03651364
1981,m,65,0.03981479
1981,m,66,0.043415
1981,m,67,0.04734046
1981,m,68,0.0516215
1981,m,69,0.05629091
1981,m,70,0.06138258
1981,m,71,0.06693357
1981,m,72,0.07298442
1981,m,73,0.07957876
1981,m,74,0.08676694
1981,m,75,0.09460581
1981,m,76,0.10315712
1981,m,77,0.11217076
1981,m,78,0.12192274
1981,m,79,0.13250126
1981,m,80,0.14400048
1981,m,81,0.15652144
1981,m,82,0.17014299
1981,m,83,0.18488281
1981,m,84,0.20069503
1981,m,85,0.21741379
1981,m,86,0.23484685
1981,m,87,0.25285611
1981,m,88,0.27138823
1981,m,89,0.29063321
1981,m,90,0.31087665
1981,m,91,0.33247732
1981,m,92,0.35571377
1981,m,93,0.38047519
1981,m,94,0.40639292
1981,m,95,0.4391716
1981,m,96,0.47246235
1981,m,97,0.50858848
1981,m,98,0.54777793
1981,m,99,0.59029927
1981,m,100,0.6821284
1982,m,0,0.06114868
1982,m,1,0.01000919
1982,m,2,0.00728099
1982,m,3,0.00534563
1982,m,4,0.00399577
1982,m,5,0.003071
1982,m,6,0.00245112
1982,m,7,0.00204866
1982,m,8,0.00179771
1982,m,9,0.00165695
1982,m,10,0.0015983
1982,m,11,0.00160556
1982,m,12,0.00166913
1982,m,13,0.00178545
1982,m,14,0.00195215
1982,m,15,0.00216466
1982,m,16,0.00241695
1982,m,17,0.00269946
1982,m,18,0.00300439
1982,m,19,0.0033152
1982,m,20,0.00360433
1982,m,21,0.00384244
1982,m,22,0.00400876
1982,m,23,0.00410032
1982,m,24,0.00413615
1982,m,25,0.00413729
1982,m,26,0.00412977
1982,m,27,0.00413953
1982,m,28,0.00417964
1982,m,29,0.00425758
1982,m,30,0.00437114
1982,m,31,0.00451284
1982,m,32,0.00467537
1982,m,33,0.00485094
1982,m,34,0.00503769
1982,m,35,0.00523843
1982,m,36,0.00545943
1982,m,37,0.00570931
1982,m,38,0.00599327
1982,m,39,0.00631422
1982,m,40,0.00667092
1982,m,41,0.00705848
1982,m,42,0.00747334
1982,m,43,0.00791296
1982,m,44,0.00838082
1982,m,45,0.00888651
1982,m,46,0.00944307
1982,m,47,0.01006688
1982,m,48,0.01076948
1982,m,49,0.01155797
1982,m,50,0.01243274
1982,m,51,0.01338587
1982,m,52,0.01441055
1982,m,53,0.01550224
1982,m,54,0.01666564
1982,m,55,0.01791833
1982,m,56,0.01928493
1982,m,57,0.02079781
1982,m,58,0.02248443
1982,m,59,0.02436246
1982,m,60,0.02643735
1982,m,61,0.0286972
1982,m,62,0.0311304
1982,m,63,0.03373106
1982,m,64,0.03650854
1982,m,65,0.03980558
1982,m,66,0.04340079
1982,m,67,0.04732063
1982,m,68,0.05159487
1982,m,69,0.05625587
1982,m,70,0.06133803
1982,m,71,0.06687892
1982,m,72,0.07291953
1982,m,73,0.07950404
1982,m,74,0.08668207
1982,m,75,0.09450896
1982,m,76,0.10304495
1982,m,77,0.1120491
1982,m,78,0.12178582
1982,m,79,0.13234131
1982,m,80,0.14381082
1982,m,81,0.15629653
1982,m,82,0.16987875
1982,m,83,0.18457496
1982,m,84,0.20033919
1982,m,85,0.21700957
1982,m,86,0.2343985
1982,m,87,0.25237199
1982,m,88,0.2708797
1982,m,89,0.29011059
1982,m,90,0.31034753
1982,m,91,0.33194467
1982,m,92,0.35517547
1982,m,93,0.37992127
1982,m,94,0.40581051
1982,m,95,0.43561326
1982,m,96,0.4665345
1982,m,97,0.49962199
1982,m,98,0.53502614
1982,m,99,0.57291853
1982,m,100,0.65556149
1983,m,0,0.06010063
1983,m,1,0.0096638
1983,m,2,0.00707631
1983,m,3,0.00522469
1983,m,4,0.00392393
1983,m,5,0.00302716
1983,m,6,0.0024226
1983,m,7,0.00202819
1983,m,8,0.00178169
1983,m,9,0.00164348
1983,m,10,0.00158619
1983,m,11,0.00159382
1983,m,12,0.00165676
1983,m,13,0.00177211
1983,m,14,0.00193822
1983,m,15,0.00215053
1983,m,16,0.00240286
1983,m,17,0.00268537
1983,m,18,0.00298988
1983,m,19,0.00329965
1983,m,20,0.0035873
1983,m,21,0.00382383
1983,m,22,0.00398887
1983,m,23,0.00407967
1983,m,24,0.00411518
1983,m,25,0.00411634
1983,m,26,0.00410898
1983,m,27,0.00411885
1983,m,28,0.00415886
1983,m,29,0.00423645
1983,m,30,0.00434945
1983,m,31,0.00449047
1983,m,32,0.00465232
1983,m,33,0.00482726
1983,m,34,0.00501348
1983,m,35,0.00521373
1983,m,36,0.00543422
1983,m,37,0.00568351
1983,m,38,0.00596675
1983,m,39,0.00628687
1983,m,40,0.00664267
1983,m,41,0.00702933
1983,m,42,0.00744335
1983,m,43,0.00788228
1983,m,44,0.00834961
1983,m,45,0.00885483
1983,m,46,0.00941086
1983,m,47,0.01003392
1983,m,48,0.01073549
1983,m,49,0.01152262
1983,m,50,0.01239584
1983,m,51,0.0133474
1983,m,52,0.0143707
1983,m,53,0.01546112
1983,m,54,0.0166233
1983,m,55,0.01787484
1983,m,56,0.0192403
1983,m,57,0.02075194
1983,m,58,0.02243679
1983,m,59,0.02431221
1983,m,60,0.02638387
1983,m,61,0.02864024
1983,m,62,0.03107014
1983,m,63,0.0336677
1983,m,64,0.03644215
1983,m,65,0.0397322
1983,m,66,0.04331968
1983,m,67,0.04723108
1983,m,68,0.051496020000000003
1983,m,69,0.05614671
1983,m,70,0.06121753
1983,m,71,0.06674602
1983,m,72,0.07277312
1983,m,73,0.07934325
1983,m,74,0.08650591
1983,m,75,0.09431588
1983,m,76,0.10283279
1983,m,77,0.1118191
1983,m,78,0.12153493
1983,m,79,0.13206546
1983,m,80,0.14350552
1983,m,81,0.15595733
1983,m,82,0.16950175
1983,m,83,0.18415697
1983,m,84,0.1998787
1983,m,85,0.21650885
1983,m,86,0.23386389
1983,m,87,0.25181303
1983,m,88,0.27030776
1983,m,89,0.2895351
1983,m,90,0.30977431
1983,m,91,0.33137434
1983,m,92,0.35460314
1983,m,93,0.37933644
1983,m,94,0.40519958
1983,m,95,0.43606571
1983,m,96,0.4679597
1983,m,97,0.50232215
1983,m,98,0.53934937
1983,m,99,0.57925942
1983,m,100,0.66605072
1984,m,0,0.05906827
1984,m,1,0.0094226
1984,m,2,0.00693932
1984,m,3,0.0051703
1984,m,4,0.00392306
1984,m,5,0.00305723
1984,m,6,0.00246913
1984,m,7,0.00208152
1984,m,8,0.00183368
1984,m,9,0.00168815
1984,m,10,0.00162134
1984,m,11,0.00162054
1984,m,12,0.00167912
1984,m,13,0.0017922
1984,m,14,0.00195468
1984,m,15,0.00216275
1984,m,16,0.00241072
1984,m,17,0.00268912
1984,m,18,0.00298968
1984,m,19,0.00329533
1984,m,20,0.00357899
1984,m,21,0.00381218
1984,m,22,0.00397507
1984,m,23,0.00406463
1984,m,24,0.00409915
1984,m,25,0.00409958
1984,m,26,0.00409161
1984,m,27,0.00410082
1984,m,28,0.00414033
1984,m,29,0.00421759
1984,m,30,0.00433032
1984,m,31,0.00447105
1984,m,32,0.00463248
1984,m,33,0.00480699
1984,m,34,0.0049929
1984,m,35,0.00519294
1984,m,36,0.00541325
1984,m,37,0.00566229
1984,m,38,0.00594517
1984,m,39,0.00626478
1984,m,40,0.00662001
1984,m,41,0.0070062
1984,m,42,0.00741999
1984,m,43,0.0078589
1984,m,44,0.00832632
1984,m,45,0.0088317
1984,m,46,0.00938788
1984,m,47,0.01001093
1984,m,48,0.0107124
1984,m,49,0.01149929
1984,m,50,0.01237199
1984,m,51,0.01332276
1984,m,52,0.01434495
1984,m,53,0.01543482
1984,m,54,0.01659765
1984,m,55,0.0178505
1984,m,56,0.01921732
1984,m,57,0.02072962
1984,m,58,0.02241443
1984,m,59,0.02428937
1984,m,60,0.02635991
1984,m,61,0.02861463
1984,m,62,0.0310425
1984,m,63,0.03363826
1984,m,64,0.03641172
1984,m,65,0.03969769
1984,m,66,0.04328065
1984,m,67,0.04718697
1984,m,68,0.05144648
1984,m,69,0.0560914
1984,m,70,0.06115567
1984,m,71,0.06667639
1984,m,72,0.07269406
1984,m,73,0.07925273
1984,m,74,0.08640218
1984,m,75,0.09419766
1984,m,76,0.10269926
1984,m,77,0.11166997
1984,m,78,0.12137022
1984,m,79,0.13188426
1984,m,80,0.14330538
1984,m,81,0.15573494
1984,m,82,0.16925353
1984,m,83,0.18388108
1984,m,84,0.19957656
1984,m,85,0.21618627
1984,m,86,0.23353123
1984,m,87,0.25148368
1984,m,88,0.26999703
1984,m,89,0.28925469
1984,m,90,0.30952915
1984,m,91,0.33116105
1984,m,92,0.35441083
1984,m,93,0.37915397
1984,m,94,0.40501834
1984,m,95,0.43545384
1984,m,96,0.46704324
1984,m,97,0.50100746
1984,m,98,0.53753822
1984,m,99,0.57684886
1984,m,100,0.66247455
1985,m,0,0.05745503
1985,m,1,0.00889268
1985,m,2,0.00660494
1985,m,3,0.00494686
1985,m,4,0.00376502
1985,m,5,0.00293805
1985,m,6,0.00237262
1985,m,7,0.00199853
1985,m,8,0.00176141
1985,m,9,0.0016262
1985,m,10,0.00156836
1985,m,11,0.00157366
1985,m,12,0.00163355
1985,m,13,0.0017457
1985,m,14,0.00190856
1985,m,15,0.00211793
1985,m,16,0.00236753
1985,m,17,0.00264716
1985,m,18,0.00294801
1985,m,19,0.0032529
1985,m,20,0.00353492
1985,m,21,0.00376596
1985,m,22,0.00392665
1985,m,23,0.00401469
1985,m,24,0.00404873
1985,m,25,0.00404939
1985,m,26,0.00404194
1985,m,27,0.00405147
1985,m,28,0.00409063
1985,m,29,0.00416671
1985,m,30,0.00427765
1985,m,31,0.00441629
1985,m,32,0.00457565
1985,m,33,0.00474826
1985,m,34,0.00493238
1985,m,35,0.00513066
1985,m,36,0.00534912
1985,m,37,0.00559604
1985,m,38,0.00587645
1985,m,39,0.00619329
1985,m,40,0.00654556
1985,m,41,0.00692882
1985,m,42,0.00733986
1985,m,43,0.00777641
1985,m,44,0.00824183
1985,m,45,0.00874531
1985,m,46,0.00929934
1985,m,47,0.00991961
1985,m,48,0.01061734
1985,m,49,0.01139952
1985,m,50,0.01226686
1985,m,51,0.01321222
1985,m,52,0.01422951
1985,m,53,0.01531489
1985,m,54,0.01647323
1985,m,55,0.01772149
1985,m,56,0.01908332
1985,m,57,0.02058975
1985,m,58,0.02226729
1985,m,59,0.02413321
1985,m,60,0.02619309
1985,m,61,0.0284361
1985,m,62,0.03085182
1985,m,63,0.03343562
1985,m,64,0.03619763
1985,m,65,0.03947112
1985,m,66,0.04304105
1985,m,67,0.04693374
1985,m,68,0.05117887
1985,m,69,0.05580868
1985,m,70,0.06085736
1985,m,71,0.06636226
1985,m,72,0.07236418
1985,m,73,0.07890764
1985,m,74,0.08604236
1985,m,75,0.093823
1985,m,76,0.10230909
1985,m,77,0.11125692
1985,m,78,0.12092982
1985,m,79,0.13141119
1985,m,80,0.14279393
1985,m,81,0.15518034
1985,m,82,0.16865264
1985,m,83,0.18323058
1985,m,84,0.19887511
1985,m,85,0.21543812
1985,m,86,0.23274601
1985,m,87,0.25067475
1985,m,88,0.26918005
1985,m,89,0.28844112
1985,m,90,0.30872305
1985,m,91,0.33035804
1985,m,92,0.35359833
1985,m,93,0.37830814
1985,m,94,0.40411605
1985,m,95,0.43394833
1985,m,96,0.46491932
1985,m,97,0.49810129
1985,m,98,0.5336521
1985,m,99,0.57174001
1985,m,100,0.65486473
1986,m,0,0.05593462
1986,m,1,0.00853335
1986,m,2,0.00638463
1986,m,3,0.00482372
1986,m,4,0.00370223
1986,m,5,0.00290968
1986,m,6,0.00236264
1986,m,7,0.00199725
1986,m,8,0.00176298
1986,m,9,0.00162712
1986,m,10,0.00156702
1986,m,11,0.00156964
1986,m,12,0.00162724
1986,m,13,0.00174025
1986,m,14,0.0019085
1986,m,15,0.00212642
1986,m,16,0.00238608
1986,m,17,0.00267544
1986,m,18,0.00298824
1986,m,19,0.00330825
1986,m,20,0.00360476
1986,m,21,0.00384611
1986,m,22,0.00400945
1986,m,23,0.00409565
1986,m,24,0.00412869
1986,m,25,0.00412897
1986,m,26,0.00412136
1986,m,27,0.00413048
1986,m,28,0.00416687
1986,m,29,0.00423696
1986,m,30,0.00434046
1986,m,31,0.00447211
1986,m,32,0.0046268
1986,m,33,0.0047971
1986,m,34,0.00497975
1986,m,35,0.00517697
1986,m,36,0.00539426
1986,m,37,0.00563932
1986,m,38,0.00591675
1986,m,39,0.00622976
1986,m,40,0.00657809
1986,m,41,0.00695816
1986,m,42,0.00736758
1986,m,43,0.00780387
1986,m,44,0.00826956
1986,m,45,0.00877355
1986,m,46,0.00932791
1986,m,47,0.00994787
1986,m,48,0.0106449
1986,m,49,0.01142619
1986,m,50,0.01229217
1986,m,51,0.01323573
1986,m,52,0.01425075
1986,m,53,0.0153356
1986,m,54,0.0164967
1986,m,55,0.01774965
1986,m,56,0.01911652
1986,m,57,0.02062656
1986,m,58,0.02230534
1986,m,59,0.02417043
1986,m,60,0.02622795
1986,m,61,0.02846814
1986,m,62,0.03088176
1986,m,63,0.03346536
1986,m,64,0.03622948
1986,m,65,0.03951384
1986,m,66,0.04309671
1986,m,67,0.04700434
1986,m,68,0.05126833
1986,m,69,0.05592155
1986,m,70,0.06099619
1986,m,71,0.06652765
1986,m,72,0.07255481
1986,m,73,0.07912149
1986,m,74,0.08628022
1986,m,75,0.09408925
1986,m,76,0.10261179
1986,m,77,0.11157059
1986,m,78,0.12126754
1986,m,79,0.13178696
1986,m,80,0.14321472
1986,m,81,0.1556471
1986,m,82,0.16916118
1986,m,83,0.18377688
1986,m,84,0.19946294
1986,m,85,0.21608074
1986,m,86,0.2334662
1986,m,87,0.25150209
1986,m,88,0.27015785
1986,m,89,0.28960765
1986,m,90,0.31009271
1986,m,91,0.33191954
1986,m,92,0.35531683
1986,m,93,0.38014726
1986,m,94,0.40605846
1986,m,95,0.43851243
1986,m,96,0.47258523
1986,m,97,0.50983063
1986,m,98,0.55054751
1986,m,99,0.59505434
1986,m,100,0.69086429
1987,m,0,0.0537777
1987,m,1,0.00789011
1987,m,2,0.00598638
1987,m,3,0.00457973
1987,m,4,0.00355533
1987,m,5,0.00282259
1987,m,6,0.00231078
1987,m,7,0.00196475
1987,m,8,0.00173975
1987,m,9,0.00160666
1987,m,10,0.00154567
1987,m,11,0.00154572
1987,m,12,0.00160056
1987,m,13,0.00170823
1987,m,14,0.00186648
1987,m,15,0.00207168
1987,m,16,0.00231746
1987,m,17,0.00259312
1987,m,18,0.00288896
1987,m,19,0.00318707
1987,m,20,0.00346116
1987,m,21,0.00368436
1987,m,22,0.0038387
1987,m,23,0.00392257
1987,m,24,0.00395413
1987,m,25,0.00395368
1987,m,26,0.00394567
1987,m,27,0.00395428
1987,m,28,0.00399184
1987,m,29,0.00406547
1987,m,30,0.00417321
1987,m,31,0.00430827
1987,m,32,0.00446398
1987,m,33,0.00463329
1987,m,34,0.00481454
1987,m,35,0.00501024
1987,m,36,0.00522606
1987,m,37,0.00546988
1987,m,38,0.00574661
1987,m,39,0.0060592
1987,m,40,0.00640696
1987,m,41,0.006786
1987,m,42,0.00719354
1987,m,43,0.00762767
1987,m,44,0.00809167
1987,m,45,0.00859425
1987,m,46,0.00914716
1987,m,47,0.00976523
1987,m,48,0.01045924
1987,m,49,0.01123614
1987,m,50,0.01209711
1987,m,51,0.01303608
1987,m,52,0.01404799
1987,m,53,0.01512989
1987,m,54,0.01628688
1987,m,55,0.01753511
1987,m,56,0.01889697
1987,m,57,0.02040176
1987,m,58,0.02207485
1987,m,59,0.023933
1987,m,60,0.02598207
1987,m,61,0.02821265
1987,m,62,0.03061597
1987,m,63,0.03318899
1987,m,64,0.03594293
1987,m,65,0.03920575
1987,m,66,0.04276514
1987,m,67,0.0466476
1987,m,68,0.05088288
1987,m,69,0.05550337
1987,m,70,0.0605435
1987,m,71,0.06604087
1987,m,72,0.07203658
1987,m,73,0.07857504
1987,m,74,0.08570606
1987,m,75,0.09348501
1987,m,76,0.10197218
1987,m,77,0.11089971
1987,m,78,0.12055119
1987,m,79,0.13100693
1987,m,80,0.14235599
1987,m,81,0.15469896
1987,m,82,0.16811827
1987,m,83,0.1826371
1987,m,84,0.19822504
1987,m,85,0.21474829
1987,m,86,0.23204787
1987,m,87,0.25000956
1987,m,88,0.26859431
1987,m,89,0.28797005
1987,m,90,0.30838214
1987,m,91,0.33013858
1987,m,92,0.35346975
1987,m,93,0.37823732
1987,m,94,0.4040783
1987,m,95,0.43484608
1987,m,96,0.4665867
1987,m,97,0.50073314
1987,m,98,0.53746874
1987,m,99,0.57698855
1987,m,100,0.66290746
1988,m,0,0.05150462
1988,m,1,0.00730574
1988,m,2,0.00561219
1988,m,3,0.00434512
1988,m,4,0.00341011
1988,m,5,0.00273234
1988,m,6,0.00225264
1988,m,7,0.00192384
1988,m,8,0.00170746
1988,m,9,0.00157815
1988,m,10,0.00151808
1988,m,11,0.00151725
1988,m,12,0.00156988
1988,m,13,0.00167376
1988,m,14,0.00182653
1988,m,15,0.00202528
1988,m,16,0.002264
1988,m,17,0.00253208
1988,m,18,0.00281721
1988,m,19,0.00310043
1988,m,20,0.00335858
1988,m,21,0.00356821
1988,m,22,0.00371493
1988,m,23,0.00379615
1988,m,24,0.00382657
1988,m,25,0.00382611
1988,m,26,0.00381859
1988,m,27,0.00382748
1988,m,28,0.00386496
1988,m,29,0.00393811
1988,m,30,0.004045
1988,m,31,0.00417901
1988,m,32,0.00433363
1988,m,33,0.00450206
1988,m,34,0.00468273
1988,m,35,0.00487792
1988,m,36,0.00509305
1988,m,37,0.00533563
1988,m,38,0.00561049
1988,m,39,0.00592068
1988,m,40,0.00626568
1988,m,41,0.00664193
1988,m,42,0.00704692
1988,m,43,0.00747893
1988,m,44,0.00794122
1988,m,45,0.00844222
1988,m,46,0.00899329
1988,m,47,0.00960874
1988,m,48,0.01029941
1988,m,49,0.0110722
1988,m,50,0.01192815
1988,m,51,0.01286147
1988,m,52,0.01386731
1988,m,53,0.01494331
1988,m,54,0.01609519
1988,m,55,0.01733891
1988,m,56,0.01869638
1988,m,57,0.02019608
1988,m,58,0.02186222
1988,m,59,0.02371071
1988,m,60,0.02574756
1988,m,61,0.02796436
1988,m,62,0.03035345
1988,m,63,0.03291243
1988,m,64,0.03565291
1988,m,65,0.03888561
1988,m,66,0.04241162
1988,m,67,0.04625735
1988,m,68,0.05045229
1988,m,69,0.05502822
1988,m,70,0.06001901
1988,m,71,0.06546166
1988,m,72,0.07139657
1988,m,73,0.07786792
1988,m,74,0.0849251
1988,m,75,0.0926225
1988,m,76,0.10101936
1988,m,77,0.10987261
1988,m,78,0.11943632
1988,m,79,0.12979123
1988,m,80,0.14102942
1988,m,81,0.15325889
1988,m,82,0.16656954
1988,m,83,0.18098878
1988,m,84,0.19648675
1988,m,85,0.21292164
1988,m,86,0.23012457
1988,m,87,0.24797371000000001
1988,m,88,0.26642515
1988,m,89,0.285659
1988,m,90,0.30594221
1988,m,91,0.32760876
1988,m,92,0.35090919
1988,m,93,0.37569406
1988,m,94,0.40156873
1988,m,95,0.43419286
1988,m,96,0.4670394
1988,m,97,0.50259458
1988,m,98,0.5410827
1988,m,99,0.58274495
1988,m,100,0.67303247
1989,m,0,0.04920018
1989,m,1,0.00672302
1989,m,2,0.00523415
1989,m,3,0.0041027
1989,m,4,0.00325538
1989,m,5,0.00263242
1989,m,6,0.00218552
1989,m,7,0.00187532
1989,m,8,0.00166908
1989,m,9,0.00154468
1989,m,10,0.00148627
1989,m,11,0.00148498
1989,m,12,0.00153562
1989,m,13,0.00163704
1989,m,14,0.00178775
1989,m,15,0.00198494
1989,m,16,0.00222235
1989,m,17,0.00248889
1989,m,18,0.00277206
1989,m,19,0.00305267
1989,m,20,0.00330752
1989,m,21,0.0035135
1989,m,22,0.00365659
1989,m,23,0.00373502
1989,m,24,0.00376385
1989,m,25,0.0037627
1989,m,26,0.00375485
1989,m,27,0.00376314
1989,m,28,0.00379948
1989,m,29,0.00387077
1989,m,30,0.00397516
1989,m,31,0.0041063
1989,m,32,0.00425789
1989,m,33,0.00442342
1989,m,34,0.00460139
1989,m,35,0.00479402
1989,m,36,0.00500654
1989,m,37,0.00524621
1989,m,38,0.00551776
1989,m,39,0.00582423
1989,m,40,0.00616533
1989,m,41,0.00653787
1989,m,42,0.00693965
1989,m,43,0.00736917
1989,m,44,0.00782961
1989,m,45,0.00832904
1989,m,46,0.00887835
1989,m,47,0.00949125
1989,m,48,0.01017808
1989,m,49,0.01094564
1989,m,50,0.01179544
1989,m,51,0.01272264
1989,m,52,0.01372326
1989,m,53,0.0147954
1989,m,54,0.01594464
1989,m,55,0.0171864
1989,m,56,0.01854173
1989,m,57,0.0200379
1989,m,58,0.02169832
1989,m,59,0.02353855
1989,m,60,0.02556476
1989,m,61,0.02776955
1989,m,62,0.03014639
1989,m,63,0.03269414
1989,m,64,0.03542522
1989,m,65,0.03865101
1989,m,66,0.04217074
1989,m,67,0.04601094
1989,m,68,0.05020116
1989,m,69,0.05477345
1989,m,70,0.0597621
1989,m,71,0.06520458
1989,m,72,0.0711418
1989,m,73,0.07761847
1989,m,74,0.08468427
1989,m,75,0.09239382
1989,m,76,0.10080662
1989,m,77,0.109657
1989,m,78,0.11922131
1989,m,79,0.12957613
1989,m,80,0.14080875
1989,m,81,0.15302133
1989,m,82,0.16630015
1989,m,83,0.1806761
1989,m,84,0.19612852
1989,m,85,0.21253643
1989,m,86,0.2297536
1989,m,87,0.24767271
1989,m,88,0.26625099
1989,m,89,0.28564248
1989,m,90,0.30607885
1989,m,91,0.32784973
1989,m,92,0.35116946
1989,m,93,0.37589679
1989,m,94,0.40166912
1989,m,95,0.43391254
1989,m,96,0.46627771
1989,m,97,0.50119234
1989,m,98,0.53885735
1989,m,99,0.5794896
1989,m,100,0.66766733
1990,m,0,0.04714984
1990,m,1,0.00631222
1990,m,2,0.00495771
1990,m,3,0.00393673
1990,m,4,0.00316629
1990,m,5,0.00259221
1990,m,6,0.00217449
1990,m,7,0.00187961
1990,m,8,0.0016795
1990,m,9,0.00155564
1990,m,10,0.00149489
1990,m,11,0.00149023
1990,m,12,0.00153777
1990,m,13,0.00163633
1990,m,14,0.00178377
1990,m,15,0.00197768
1990,m,16,0.00221184
1990,m,17,0.00247498
1990,m,18,0.00275459
1990,m,19,0.00303125
1990,m,20,0.00328179
1990,m,21,0.00348347
1990,m,22,0.0036227
1990,m,23,0.00369833
1990,m,24,0.00372563
1990,m,25,0.0037239
1990,m,26,0.00371585
1990,m,27,0.00372369
1990,m,28,0.00375897
1990,m,29,0.00382847
1990,m,30,0.00393055
1990,m,31,0.00405922
1990,m,32,0.00420854
1990,m,33,0.00437208
1990,m,34,0.00454826
1990,m,35,0.00473924
1990,m,36,0.00495008
1990,m,37,0.00518785
1990,m,38,0.0054572
1990,m,39,0.00576109
1990,m,40,0.00609929
1990,m,41,0.00646886
1990,m,42,0.00686778
1990,m,43,0.00729535
1990,m,44,0.00775518
1990,m,45,0.00825473
1990,m,46,0.0088041
1990,m,47,0.0094161
1990,m,48,0.01010077
1990,m,49,0.0108651
1990,m,50,0.01171089
1990,m,51,0.01263407
1990,m,52,0.01363139
1990,m,53,0.01470156
1990,m,54,0.0158503
1990,m,55,0.0170925
1990,m,56,0.01844835
1990,m,57,0.0199439
1990,m,58,0.02160138
1990,m,59,0.02343582
1990,m,60,0.02545375
1990,m,61,0.02764906
1990,m,62,0.03001661
1990,m,63,0.03255644
1990,m,64,0.03528151
1990,m,65,0.03849054
1990,m,66,0.04199175
1990,m,67,0.04581145
1990,m,68,0.04997977
1990,m,69,0.05452859
1990,m,70,0.05949089
1990,m,71,0.06490279
1990,m,72,0.07080387
1990,m,73,0.07723885
1990,m,74,0.08425852
1990,m,75,0.09191774
1990,m,76,0.10027621
1990,m,77,0.10908023
1990,m,78,0.11860066
1990,m,79,0.12891485
1990,m,80,0.14010481
1990,m,81,0.15226877
1990,m,82,0.16549024
1990,m,83,0.17980513
1990,m,84,0.1952004
1990,m,85,0.21156014
1990,m,86,0.2287434
1990,m,87,0.24664513
1990,m,88,0.26522375
1990,m,89,0.2846293
1990,m,90,0.30508491
1990,m,91,0.32686856
1990,m,92,0.35018407
1990,m,93,0.37489562
1990,m,94,0.40064415
1990,m,95,0.431534
1990,m,96,0.46371621
1990,m,97,0.49844187
1990,m,98,0.5359162
1990,m,99,0.57636549
1990,m,100,0.66457613
1991,m,0,0.0449626
1991,m,1,0.00656721
1991,m,2,0.00480243
1991,m,3,0.00358604
1991,m,4,0.00274191
1991,m,5,0.00216128
1991,m,6,0.00177079
1991,m,7,0.00151587
1991,m,8,0.00135235
1991,m,9,0.00125597
1991,m,10,0.00121443
1991,m,11,0.00122297
1991,m,12,0.00128113
1991,m,13,0.00138338
1991,m,14,0.00152263
1991,m,15,0.00169795
1991,m,16,0.00190743
1991,m,17,0.00214649
1991,m,18,0.00241114
1991,m,19,0.00268945
1991,m,20,0.00295941
1991,m,21,0.0031959
1991,m,22,0.00337923
1991,m,23,0.00350208
1991,m,24,0.00357463
1991,m,25,0.00361351
1991,m,26,0.00363976
1991,m,27,0.00367621
1991,m,28,0.00373659
1991,m,29,0.00382805
1991,m,30,0.00395087
1991,m,31,0.00409875
1991,m,32,0.0042656
1991,m,33,0.00444525
1991,m,34,0.00463513
1991,m,35,0.00483756
1991,m,36,0.00505689
1991,m,37,0.00529988
1991,m,38,0.00557217
1991,m,39,0.00587736
1991,m,40,0.00621782
1991,m,41,0.00659345
1991,m,42,0.00700464
1991,m,43,0.00745356
1991,m,44,0.00794439
1991,m,45,0.00848525
1991,m,46,0.00908562
1991,m,47,0.00975561
1991,m,48,0.01050394
1991,m,49,0.01133337
1991,m,50,0.01224302
1991,m,51,0.01322566
1991,m,52,0.01427314
1991,m,53,0.01538529
1991,m,54,0.01656704
1991,m,55,0.01783875
1991,m,56,0.01922804
1991,m,57,0.02076451
1991,m,58,0.02247816
1991,m,59,0.02438042
1991,m,60,0.02647229
1991,m,61,0.02873758
1991,m,62,0.03115177
1991,m,63,0.03370836
1991,m,64,0.0364123
1991,m,65,0.03962045
1991,m,66,0.04311163
1991,m,67,0.04691057
1991,m,68,0.05104552
1991,m,69,0.05554626
1991,m,70,0.06044339
1991,m,71,0.0657704
1991,m,72,0.07156385
1991,m,73,0.077864
1991,m,74,0.08471739
1991,m,75,0.09217554
1991,m,76,0.1002943
1991,m,77,0.10903769
1991,m,78,0.11849965
1991,m,79,0.128752
1991,m,80,0.13987129
1991,m,81,0.15194647
1991,m,82,0.16505279
1991,m,83,0.17922644
1991,m,84,0.19445711
1991,m,85,0.2106413
1991,m,86,0.2276557
1991,m,87,0.24541318
1991,m,88,0.26389461
1991,m,89,0.28325919
1991,m,90,0.30372477
1991,m,91,0.32555188
1991,m,92,0.34892226
1991,m,93,0.37368734
1991,m,94,0.39946799
1991,m,95,0.43354547
1991,m,96,0.46779302
1991,m,97,0.50512799
1991,m,98,0.54584115
1991,m,99,0.59025858
1991,m,100,0.68611379
1992,m,0,0.04223669
1992,m,1,0.00571759
1992,m,2,0.0042271
1992,m,3,0.00315349
1992,m,4,0.00239496
1992,m,5,0.00187022
1992,m,6,0.00151709
1992,m,7,0.00128946
1992,m,8,0.0011516
1992,m,9,0.0010811
1992,m,10,0.00106215
1992,m,11,0.00108562
1992,m,12,0.00114636
1992,m,13,0.00124289
1992,m,14,0.00137512
1992,m,15,0.00154173
1992,m,16,0.00174083
1992,m,17,0.00196847
1992,m,18,0.00222012
1992,m,19,0.00248485
1992,m,20,0.00274315
1992,m,21,0.00297177
1992,m,22,0.00315207
1992,m,23,0.00327625
1992,m,24,0.0033528
1992,m,25,0.00339692
1992,m,26,0.00342852
1992,m,27,0.00346956
1992,m,28,0.00353326
1992,m,29,0.00362676
1992,m,30,0.0037506
1992,m,31,0.00389883
1992,m,32,0.00406561
1992,m,33,0.00424489
1992,m,34,0.00443396
1992,m,35,0.00463482
1992,m,36,0.00485149
1992,m,37,0.00509038
1992,m,38,0.00535689
1992,m,39,0.00565461
1992,m,40,0.00598593
1992,m,41,0.00635096
1992,m,42,0.00675042
1992,m,43,0.0071866
1992,m,44,0.00766396
1992,m,45,0.00819148
1992,m,46,0.0087795
1992,m,47,0.00943873
1992,m,48,0.01017784
1992,m,49,0.01099841
1992,m,50,0.01189795
1992,m,51,0.01286639
1992,m,52,0.01389246
1992,m,53,0.01497346
1992,m,54,0.01611298
1992,m,55,0.01733407
1992,m,56,0.01866838
1992,m,57,0.02014975
1992,m,58,0.02181211
1992,m,59,0.02366686
1992,m,60,0.02571295
1992,m,61,0.0279284
1992,m,62,0.0302809
1992,m,63,0.0327584
1992,m,64,0.03536153
1992,m,65,0.03851854
1992,m,66,0.04195759
1992,m,67,0.0457036
1992,m,68,0.04978419
1992,m,69,0.05422944
1992,m,70,0.05907166
1992,m,71,0.06434604
1992,m,72,0.07009097
1992,m,73,0.07634803
1992,m,74,0.08316321
1992,m,75,0.09058714
1992,m,76,0.09867493
1992,m,77,0.10733319
1992,m,78,0.11668915
1992,m,79,0.12681284
1992,m,80,0.13778756
1992,m,81,0.14971386
1992,m,82,0.1626794
1992,m,83,0.17672321
1992,m,84,0.19183605
1992,m,85,0.20791596
1992,m,86,0.22483846
1992,m,87,0.24251375
1992,m,88,0.26091379
1992,m,89,0.28019146
1992,m,90,0.30056629
1992,m,91,0.32230459
1992,m,92,0.34559306
1992,m,93,0.37026784
1992,m,94,0.39593836
1992,m,95,0.42695588
1992,m,96,0.45904998
1992,m,97,0.49369506
1992,m,98,0.53109605
1992,m,99,0.57147618
1992,m,100,0.65999694
1993,m,0,0.04019022
1993,m,1,0.00539983
1993,m,2,0.00399897
1993,m,3,0.00299115
1993,m,4,0.0022789
1993,m,5,0.0017859
1993,m,6,0.00145411
1993,m,7,0.00124039
1993,m,8,0.001111
1993,m,9,0.00104502
1993,m,10,0.0010279
1993,m,11,0.00105142
1993,m,12,0.00111103
1993,m,13,0.00120447
1993,m,14,0.00133089
1993,m,15,0.00148955
1993,m,16,0.00167935
1993,m,17,0.00189735
1993,m,18,0.00213879
1993,m,19,0.00239323
1993,m,20,0.0026432
1993,m,21,0.00286721
1993,m,22,0.00304789
1993,m,23,0.00317609
1993,m,24,0.00325781
1993,m,25,0.00330753
1993,m,26,0.0033447
1993,m,27,0.00339101
1993,m,28,0.00345994
1993,m,29,0.00355889
1993,m,30,0.00368841
1993,m,31,0.00384255
1993,m,32,0.00401537
1993,m,33,0.00420079
1993,m,34,0.0043961
1993,m,35,0.00460305
1993,m,36,0.00482545
1993,m,37,0.00506948
1993,m,38,0.00534044
1993,m,39,0.00564185
1993,m,40,0.0059761
1993,m,41,0.00634343
1993,m,42,0.00674482
1993,m,43,0.00718305
1993,m,44,0.00766338
1993,m,45,0.00819584
1993,m,46,0.0087919
1993,m,47,0.00946312
1993,m,48,0.01021868
1993,m,49,0.01105917
1993,m,50,0.01197998
1993,m,51,0.0129675
1993,m,52,0.01400661
1993,m,53,0.0150926
1993,m,54,0.01622864
1993,m,55,0.01744109
1993,m,56,0.01876647
1993,m,57,0.02024369
1993,m,58,0.02191153
1993,m,59,0.02378162
1993,m,60,0.02585076
1993,m,61,0.02809049
1993,m,62,0.03045959
1993,m,63,0.03293989
1993,m,64,0.03552782
1993,m,65,0.0386717
1993,m,66,0.04209391
1993,m,67,0.04581892
1993,m,68,0.04987372
1993,m,69,0.05428761
1993,m,70,0.05909211
1993,m,71,0.06432157
1993,m,72,0.07001336
1993,m,73,0.07620825
1993,m,74,0.08295106
1993,m,75,0.09029077
1993,m,76,0.09828065
1993,m,77,0.10688637
1993,m,78,0.11618907
1993,m,79,0.1262561
1993,m,80,0.13716704
1993,m,81,0.14901724
1993,m,82,0.16189015
1993,m,83,0.17582425
1993,m,84,0.19081407
1993,m,85,0.20677036
1993,m,86,0.22358389
1993,m,87,0.24117879
1993,m,88,0.25953623
1993,m,89,0.27880575
1993,m,90,0.29919876
1993,m,91,0.32096599
1993,m,92,0.34427717
1993,m,93,0.36895535
1993,m,94,0.39460054
1993,m,95,0.42634864
1993,m,96,0.45839726
1993,m,97,0.49293809
1993,m,98,0.53016591
1993,m,99,0.57029148
1993,m,100,0.65819574
1994,m,0,0.03836184
1994,m,1,0.0050689
1994,m,2,0.00375612
1994,m,3,0.0028107
1994,m,4,0.00214254
1994,m,5,0.00168045
1994,m,6,0.00137004
1994,m,7,0.00117092
1994,m,8,0.00105154
1994,m,9,9.9231e-4
1994,m,10,9.7926e-4
1994,m,11,0.00100427
1994,m,12,0.00106269
1994,m,13,0.00115182
1994,m,14,0.00127082
1994,m,15,0.00141933
1994,m,16,0.00159696
1994,m,17,0.001802
1994,m,18,0.0020298
1994,m,19,0.00227098
1994,m,20,0.00251023
1994,m,21,0.00272771
1994,m,22,0.0029071
1994,m,23,0.00303788
1994,m,24,0.00312366
1994,m,25,0.00317803
1994,m,26,0.00321982
1994,m,27,0.0032704
1994,m,28,0.00334326
1994,m,29,0.00344597
1994,m,30,0.00357916
1994,m,31,0.00373699
1994,m,32,0.00391354
1994,m,33,0.00410267
1994,m,34,0.00430156
1994,m,35,0.00451171
1994,m,36,0.00473666
1994,m,37,0.00498233
1994,m,38,0.0052539
1994,m,39,0.00555483
1994,m,40,0.00588745
1994,m,41,0.00625208
1994,m,42,0.00664989
1994,m,43,0.0070842
1994,m,44,0.00756102
1994,m,45,0.00809128
1994,m,46,0.00868737
1994,m,47,0.00936157
1994,m,48,0.01012346
1994,m,49,0.01097266
1994,m,50,0.01190258
1994,m,51,0.01289624
1994,m,52,0.01393478
1994,m,53,0.01501132
1994,m,54,0.01612834
1994,m,55,0.01731539
1994,m,56,0.01861356
1994,m,57,0.02006653
1994,m,58,0.02171733
1994,m,59,0.02357757
1994,m,60,0.02564206
1994,m,61,0.02787623
1994,m,62,0.03023041
1994,m,63,0.03268038
1994,m,64,0.03521815
1994,m,65,0.03834042
1994,m,66,0.04173953
1994,m,67,0.04543998
1994,m,68,0.04946864
1994,m,69,0.05385465
1994,m,70,0.05862946
1994,m,71,0.06382732
1994,m,72,0.06948555
1994,m,73,0.07564491
1994,m,74,0.08235013
1994,m,75,0.08964991
1994,m,76,0.09759725
1994,m,77,0.10615447
1994,m,78,0.11540529
1994,m,79,0.12541547
1994,m,80,0.13626336
1994,m,81,0.14804373
1994,m,82,0.16084043
1994,m,83,0.1746937
1994,m,84,0.1896021
1994,m,85,0.20548424
1994,m,86,0.22223924
1994,m,87,0.23979718
1994,m,88,0.25814147
1994,m,89,0.27741544
1994,m,90,0.29782141
1994,m,91,0.31959791
1994,m,92,0.34290315
1994,m,93,0.36755618
1994,m,94,0.39315827
1994,m,95,0.42431688
1994,m,96,0.45616462
1994,m,97,0.49047622
1994,m,98,0.52744278
1994,m,99,0.56726983
1994,m,100,0.65480833
1995,m,0,0.03689633
1995,m,1,0.00486682
1995,m,2,0.00358387
1995,m,3,0.00267875
1995,m,4,0.00204451
1995,m,5,0.00160756
1995,m,6,0.00131511
1995,m,7,0.00112796
1995,m,8,0.00101554
1995,m,9,9.5954e-4
1995,m,10,9.4708e-4
1995,m,11,9.7073e-4
1995,m,12,0.0010264
1995,m,13,0.00111078
1995,m,14,0.00122235
1995,m,15,0.00136101
1995,m,16,0.00152704
1995,m,17,0.00171988
1995,m,18,0.00193575
1995,m,19,0.00216649
1995,m,20,0.00239804
1995,m,21,0.00261133
1995,m,22,0.00279015
1995,m,23,0.00292298
1995,m,24,0.0030121
1995,m,25,0.00307029
1995,m,26,0.00311585
1995,m,27,0.00316993
1995,m,28,0.00324601
1995,m,29,0.00335175
1995,m,30,0.00348786
1995,m,31,0.00364858
1995,m,32,0.00382794
1995,m,33,0.00401983
1995,m,34,0.00422137
1995,m,35,0.00443381
1995,m,36,0.00466043
1995,m,37,0.00490693
1995,m,38,0.0051783
1995,m,39,0.00547795
1995,m,40,0.00580818
1995,m,41,0.00616939
1995,m,42,0.00656298
1995,m,43,0.0069927
1995,m,44,0.0074652
1995,m,45,0.00799233
1995,m,46,0.00858742
1995,m,47,0.0092635
1995,m,48,0.01003045
1995,m,49,0.01088692
1995,m,50,0.0118244
1995,m,51,0.01282256
1995,m,52,0.01385881
1995,m,53,0.01492417
1995,m,54,0.01602047
1995,m,55,0.01718039
1995,m,56,0.01844963
1995,m,57,0.01987658
1995,m,58,0.02150865
1995,m,59,0.02335741
1995,m,60,0.02541528
1995,m,61,0.02764097
1995,m,62,0.02997572
1995,m,63,0.03238936
1995,m,64,0.03486996
1995,m,65,0.03798445
1995,m,66,0.04137715
1995,m,67,0.04507289
1995,m,68,0.04909911
1995,m,69,0.05348535
1995,m,70,0.05826317
1995,m,71,0.063467
1995,m,72,0.06913442
1995,m,73,0.07530694
1995,m,74,0.08203047
1995,m,75,0.08935469
1995,m,76,0.09733368
1995,m,77,0.10588163
1995,m,78,0.1151248
1995,m,79,0.12512818
1995,m,80,0.13596849
1995,m,81,0.14773958
1995,m,82,0.16052532
1995,m,83,0.17436871
1995,m,84,0.18927323
1995,m,85,0.2051646
1995,m,86,0.22194909
1995,m,87,0.23956104
1995,m,88,0.25798489
1995,m,89,0.27735608
1995,m,90,0.29786468
1995,m,91,0.31973445
1995,m,92,0.34311108
1995,m,93,0.36781537
1995,m,94,0.3934582
1995,m,95,0.42344119
1995,m,96,0.45478599
1995,m,97,0.48845243
1995,m,98,0.52461498
1995,m,99,0.56345985
1995,m,100,0.64905305
1996,m,0,0.03540885
1996,m,1,0.00458118
1996,m,2,0.00337519
1996,m,3,0.00251023
1996,m,4,0.00190346
1996,m,5,0.00148779
1996,m,6,0.00121177
1996,m,7,0.00103773
1996,m,8,9.3637e-4
1996,m,9,8.8959e-4
1996,m,10,8.8421e-4
1996,m,11,9.1227e-4
1996,m,12,9.6896e-4
1996,m,13,0.00105121
1996,m,14,0.00115828
1996,m,15,0.00129007
1996,m,16,0.00144729
1996,m,17,0.00163027
1996,m,18,0.00183642
1996,m,19,0.00205901
1996,m,20,0.00228495
1996,m,21,0.00249561
1996,m,22,0.00267458
1996,m,23,0.0028097
1996,m,24,0.00290242
1996,m,25,0.00296464
1996,m,26,0.00301409
1996,m,27,0.00307162
1996,m,28,0.00315068
1996,m,29,0.00325903
1996,m,30,0.00339763
1996,m,31,0.00356089
1996,m,32,0.00374296
1996,m,33,0.00393761
1996,m,34,0.00414172
1996,m,35,0.00435632
1996,m,36,0.00458448
1996,m,37,0.00483168
1996,m,38,0.00510277
1996,m,39,0.00540105
1996,m,40,0.00572883
1996,m,41,0.00608666
1996,m,42,0.0064762
1996,m,43,0.00690162
1996,m,44,0.00737015
1996,m,45,0.00789457
1996,m,46,0.00848916
1996,m,47,0.00916769
1996,m,48,0.00994041
1996,m,49,0.01080504
1996,m,50,0.01175117
1996,m,51,0.01275507
1996,m,52,0.01379039
1996,m,53,0.01484601
1996,m,54,0.01592308
1996,m,55,0.01705735
1996,m,56,0.01829904
1996,m,57,0.01970112
1996,m,58,0.02131538
1996,m,59,0.02315358
1996,m,60,0.02520616
1996,m,61,0.02742571
1996,m,62,0.02974492
1996,m,63,0.03212763
1996,m,64,0.03455762
1996,m,65,0.03765205
1996,m,66,0.04102358
1996,m,67,0.04469701
1996,m,68,0.04869945
1996,m,69,0.05306036
1996,m,70,0.05781175
1996,m,71,0.06298849
1996,m,72,0.06862856
1996,m,73,0.07477343
1996,m,74,0.08146841
1996,m,75,0.08876294
1996,m,76,0.09671085
1996,m,77,0.10522082
1996,m,78,0.1144224
1996,m,79,0.12437899
1996,m,80,0.1351672
1996,m,81,0.14688126
1996,m,82,0.15960623
1996,m,83,0.17338674
1996,m,84,0.18822914
1996,m,85,0.20406529
1996,m,86,0.22080786
1996,m,87,0.23839548
1996,m,88,0.25681341
1996,m,89,0.27619145
1996,m,90,0.29671208
1996,m,91,0.31858901
1996,m,92,0.3419588
1996,m,93,0.36664045
1996,m,94,0.3922468
1996,m,95,0.4238475
1996,m,96,0.45649369
1996,m,97,0.49185487
1996,m,98,0.5301571
1996,m,99,0.57164511
1996,m,100,0.66267891
1997,m,0,0.03429528
1997,m,1,0.00441356
1997,m,2,0.00322697
1997,m,3,0.00238323
1997,m,4,0.00179646
1997,m,5,0.00139804
1997,m,6,0.00113598
1997,m,7,9.727e-4
1997,m,8,8.7929e-4
1997,m,9,8.3808e-4
1997,m,10,8.3619e-4
1997,m,11,8.6567e-4
1997,m,12,9.2161e-4
1997,m,13,0.00100072
1997,m,14,0.00110223
1997,m,15,0.00122607
1997,m,16,0.00137343
1997,m,17,0.00154558
1997,m,18,0.00174125
1997,m,19,0.00195519
1997,m,20,0.00217507
1997,m,21,0.00238256
1997,m,22,0.00256089
1997,m,23,0.00269733
1997,m,24,0.00279271
1997,m,25,0.00285809
1997,m,26,0.0029106
1997,m,27,0.00297083
1997,m,28,0.00305211
1997,m,29,0.00316229
1997,m,30,0.00330249
1997,m,31,0.00346733
1997,m,32,0.00365103
1997,m,33,0.00384732
1997,m,34,0.00405289
1997,m,35,0.00426854
1997,m,36,0.00449707
1997,m,37,0.00474376
1997,m,38,0.00501325
1997,m,39,0.00530875
1997,m,40,0.00563259
1997,m,41,0.00598544
1997,m,42,0.00636922
1997,m,43,0.00678845
1997,m,44,0.00725092
1997,m,45,0.00777021
1997,m,46,0.00836151
1997,m,47,0.00903928
1997,m,48,0.00981408
1997,m,49,0.01068274
1997,m,50,0.01163303
1997,m,51,0.01263795
1997,m,52,0.01366747
1997,m,53,0.01470845
1997,m,54,0.01576135
1997,m,55,0.01686485
1997,m,56,0.01807337
1997,m,57,0.01944416
1997,m,58,0.02103309
1997,m,59,0.02285209
1997,m,60,0.02488969
1997,m,61,0.02709255
1997,m,62,0.02938517
1997,m,63,0.03172561
1997,m,64,0.03409349
1997,m,65,0.03716443
1997,m,66,0.04051202
1997,m,67,0.04416113
1997,m,68,0.04813904
1997,m,69,0.05247539
1997,m,70,0.0572023
1997,m,71,0.06235484
1997,m,72,0.0679712
1997,m,73,0.07409312
1997,m,74,0.08076629
1997,m,75,0.08804061
1997,m,76,0.09597044
1997,m,77,0.10444025
1997,m,78,0.11359794
1997,m,79,0.12350667
1997,m,80,0.13424346
1997,m,81,0.1459046
1997,m,82,0.15857775
1997,m,83,0.17231043
1997,m,84,0.18711193
1997,m,85,0.20291583
1997,m,86,0.21963565
1997,m,87,0.23720901
1997,m,88,0.25561873
1997,m,89,0.27499036
1997,m,90,0.29550137
1997,m,91,0.31736079
1997,m,92,0.34070156
1997,m,93,0.36534331
1997,m,94,0.39090187
1997,m,95,0.42171774
1997,m,96,0.45398721
1997,m,97,0.48887981
1997,m,98,0.5266088
1997,m,99,0.56740473
1997,m,100,0.65726775
1998,m,0,0.03335411
1998,m,1,0.00432814
1998,m,2,0.00313395
1998,m,3,0.00229602
1998,m,4,0.00172
1998,m,5,0.0013331
1998,m,6,0.00108139
1998,m,7,9.2646e-4
1998,m,8,8.3899e-4
1998,m,9,8.0153e-4
1998,m,10,8.0166e-4
1998,m,11,8.3173e-4
1998,m,12,8.87e-4
1998,m,13,9.6334e-4
1998,m,14,0.00105929
1998,m,15,0.00117495
1998,m,16,0.00131216
1998,m,17,0.00147334
1998,m,18,0.00165823
1998,m,19,0.00186286
1998,m,20,0.00207603
1998,m,21,0.00228006
1998,m,22,0.0024582
1998,m,23,0.0025967
1998,m,24,0.00269515
1998,m,25,0.00276384
1998,m,26,0.00281951
1998,m,27,0.00288263
1998,m,28,0.0029667
1998,m,29,0.00307974
1998,m,30,0.00322295
1998,m,31,0.00339096
1998,m,32,0.00357793
1998,m,33,0.00377746
1998,m,34,0.00398613
1998,m,35,0.00420451
1998,m,36,0.00443523
1998,m,37,0.00468337
1998,m,38,0.00495348
1998,m,39,0.00524868
1998,m,40,0.00557125
1998,m,41,0.00592193
1998,m,42,0.00630283
1998,m,43,0.00671894
1998,m,44,0.00717875
1998,m,45,0.00769676
1998,m,46,0.00828913
1998,m,47,0.00897113
1998,m,48,0.00975375
1998,m,49,0.01063295
1998,m,50,0.0115946
1998,m,51,0.01260816
1998,m,52,0.01363964
1998,m,53,0.01467362
1998,m,54,0.01570985
1998,m,55,0.01679033
1998,m,56,0.01797426
1998,m,57,0.01932366
1998,m,58,0.02089887
1998,m,59,0.02271199
1998,m,60,0.02474955
1998,m,61,0.02695191
1998,m,62,0.02923473
1998,m,63,0.03154993
1998,m,64,0.03387281
1998,m,65,0.03693109
1998,m,66,0.04026552
1998,m,67,0.04390101
1998,m,68,0.04786483
1998,m,69,0.05218664
1998,m,70,0.05689864
1998,m,71,0.06203597
1998,m,72,0.06763694
1998,m,73,0.07374328
1998,m,74,0.08040073
1998,m,75,0.08765934
1998,m,76,0.09557361
1998,m,77,0.10402104
1998,m,78,0.11315539
1998,m,79,0.12303905
1998,m,80,0.13374852
1998,m,81,0.14538002
1998,m,82,0.15802175
1998,m,83,0.17172301
1998,m,84,0.18649591
1998,m,85,0.20227833
1998,m,86,0.21898806
1998,m,87,0.23656496
1998,m,88,0.25499165
1998,m,89,0.27438796
1998,m,90,0.29492343
1998,m,91,0.31679786
1998,m,92,0.34013702
1998,m,93,0.36476349
1998,m,94,0.39030182
1998,m,95,0.42187771
1998,m,96,0.45495684
1998,m,97,0.49090291
1998,m,98,0.52996439
1998,m,99,0.57241127
1998,m,100,0.66564497
1999,m,0,0.03252691
1999,m,1,0.0042388
1999,m,2,0.00303112
1999,m,3,0.00219496
1999,m,4,0.00162736
1999,m,5,0.00125077
1999,m,6,0.00100889
1999,m,7,8.6237e-4
1999,m,8,7.8193e-4
1999,m,9,7.5027e-4
1999,m,10,7.5476e-4
1999,m,11,7.8731e-4
1999,m,12,8.4269e-4
1999,m,13,9.1663e-4
1999,m,14,0.00100799
1999,m,15,0.00111684
1999,m,16,0.00124546
1999,m,17,0.00139715
1999,m,18,0.00157272
1999,m,19,0.00176945
1999,m,20,0.00197698
1999,m,21,0.00217803
1999,m,22,0.00235564
1999,m,23,0.0024955
1999,m,24,0.00259654
1999,m,25,0.00266821
1999,m,26,0.00272675
1999,m,27,0.00279243
1999,m,28,0.00287868
1999,m,29,0.00299365
1999,m,30,0.00313872
1999,m,31,0.0033087
1999,m,32,0.0034978
1999,m,33,0.00369955
1999,m,34,0.0039103
1999,m,35,0.0041304
1999,m,36,0.00436222
1999,m,37,0.00461066
1999,m,38,0.00488009
1999,m,39,0.00517359
1999,m,40,0.00549342
1999,m,41,0.00584043
1999,m,42,0.00621694
1999,m,43,0.00662835
1999,m,44,0.00708375
1999,m,45,0.0075985
1999,m,46,0.00818965
1999,m,47,0.00887324
1999,m,48,0.00966069
1999,m,49,0.0105471
1999,m,50,0.0115165
1999,m,51,0.01253491
1999,m,52,0.01356441
1999,m,53,0.01458738
1999,m,54,0.01560288
1999,m,55,0.01665614
1999,m,56,0.01781088
1999,m,57,0.01913366
1999,m,58,0.02068905
1999,m,59,0.0224893
1999,m,60,0.02451902
1999,m,61,0.02671248
1999,m,62,0.02897681
1999,m,63,0.03125797
1999,m,64,0.0335271
1999,m,65,0.03655858
1999,m,66,0.03986419
1999,m,67,0.04346868
1999,m,68,0.04739922
1999,m,69,0.05168532
1999,m,70,0.0563589
1999,m,71,0.06145481
1999,m,72,0.06701106
1999,m,73,0.07306926
1999,m,74,0.0796751
1999,m,75,0.0868783
1999,m,76,0.0947331
1999,m,77,0.10312487
1999,m,78,0.11219663
1999,m,79,0.12201167
1999,m,80,0.13264829
1999,m,81,0.14420671
1999,m,82,0.15677918
1999,m,83,0.17041743
1999,m,84,0.18513394
1999,m,85,0.20086182
1999,m,86,0.21751263
1999,m,87,0.23502056
1999,m,88,0.25336518
1999,m,89,0.27267099
1999,m,90,0.29311511
1999,m,91,0.31490827
1999,m,92,0.33818535
1999,m,93,0.36276598
1999,m,94,0.3882642
1999,m,95,0.41852857
1999,m,96,0.44991472
1999,m,97,0.48365495
1999,m,98,0.51992648
1999,m,99,0.55891957
1999,m,100,0.64530674
2000,m,0,0.03175537
2000,m,1,0.00427698
2000,m,2,0.00291954
2000,m,3,0.00201987
2000,m,4,0.00143706
2000,m,5,0.00106771
2000,m,6,8.4085e-4
2000,m,7,7.0969e-4
2000,m,8,6.4225e-4
2000,m,9,6.2055e-4
2000,m,10,6.319e-4
2000,m,11,6.6841e-4
2000,m,12,7.2436e-4
2000,m,13,7.9475e-4
2000,m,14,8.7812e-4
2000,m,15,9.7431e-4
2000,m,16,0.0010869
2000,m,17,0.00122089
2000,m,18,0.00137937
2000,m,19,0.00156337
2000,m,20,0.00176643
2000,m,21,0.00197598
2000,m,22,0.00217655
2000,m,23,0.00235139
2000,m,24,0.00249394
2000,m,25,0.00260477
2000,m,26,0.00269445
2000,m,27,0.00277797
2000,m,28,0.00286727
2000,m,29,0.00297287
2000,m,30,0.00309966
2000,m,31,0.00325024
2000,m,32,0.00342476
2000,m,33,0.00362199
2000,m,34,0.00383962
2000,m,35,0.00407432
2000,m,36,0.00432262
2000,m,37,0.00458079
2000,m,38,0.00484779
2000,m,39,0.00512454
2000,m,40,0.00541611
2000,m,41,0.00573087
2000,m,42,0.00607949
2000,m,43,0.00647514
2000,m,44,0.00693243
2000,m,45,0.00746804
2000,m,46,0.00809718
2000,m,47,0.00883382
2000,m,48,0.00968145
2000,m,49,0.01063128
2000,m,50,0.01165662
2000,m,51,0.01271106
2000,m,52,0.01375466
2000,m,53,0.01475891
2000,m,54,0.01573537
2000,m,55,0.0167394
2000,m,56,0.01784638
2000,m,57,0.01915124
2000,m,58,0.02071615
2000,m,59,0.02256055
2000,m,60,0.024649130000000002
2000,m,61,0.02687139
2000,m,62,0.02911604
2000,m,63,0.03129086
2000,m,64,0.03338031
2000,m,65,0.0364006
2000,m,66,0.03969418
2000,m,67,0.04328576
2000,m,68,0.04720231
2000,m,69,0.05147323
2000,m,70,0.05613059
2000,m,71,0.06120936
2000,m,72,0.06674766
2000,m,73,0.07278708
2000,m,74,0.07937294
2000,m,75,0.086554710000000007
2000,m,76,0.09438629
2000,m,77,0.10275254
2000,m,78,0.11179726
2000,m,79,0.12158255
2000,m,80,0.13218628
2000,m,81,0.14370796
2000,m,82,0.1562396
2000,m,83,0.16983337
2000,m,84,0.1845034
2000,m,85,0.20018797
2000,m,86,0.21680443
2000,m,87,0.23429147
2000,m,88,0.25263053
2000,m,89,0.27194206
2000,m,90,0.29239708
2000,m,91,0.31419781
2000,m,92,0.33747144
2000,m,93,0.36203711
2000,m,94,0.3875122
2000,m,95,0.41791667
2000,m,96,0.44936549
2000,m,97,0.48318089
2000,m,98,0.51954093
2000,m,99,0.55863713
2000,m,100,0.64532571
2001,m,0,0.03101126
2001,m,1,0.00409702
2001,m,2,0.00280537
2001,m,3,0.00194739
2001,m,4,0.00139092
2001,m,5,0.00103851
2001,m,6,8.2252e-4
2001,m,7,6.9896e-4
2001,m,8,6.3723e-4
2001,m,9,6.2026e-4
2001,m,10,6.3576e-4
2001,m,11,6.7544e-4
2001,m,12,7.334e-4
2001,m,13,8.0404e-4
2001,m,14,8.8592e-4
2001,m,15,9.7966e-4
2001,m,16,0.00108966
2001,m,17,0.00122282
2001,m,18,0.00138307
2001,m,19,0.00157148
2001,m,20,0.00178001
2001,m,21,0.00199119
2001,m,22,0.0021855
2001,m,23,0.00234346
2001,m,24,0.00246018
2001,m,25,0.00254415
2001,m,26,0.00261284
2001,m,27,0.00268934
2001,m,28,0.00278892
2001,m,29,0.00292055
2001,m,30,0.00308477
2001,m,31,0.0032736
2001,m,32,0.00347816
2001,m,33,0.00368875
2001,m,34,0.00389975
2001,m,35,0.0041114
2001,m,36,0.00432715
2001,m,37,0.00455438
2001,m,38,0.00480015
2001,m,39,0.00507022
2001,m,40,0.00536956
2001,m,41,0.00570146
2001,m,42,0.0060705
2001,m,43,0.00648358
2001,m,44,0.00695067
2001,m,45,0.00748678
2001,m,46,0.00810823
2001,m,47,0.00882971
2001,m,48,0.00966094
2001,m,49,0.01059517
2001,m,50,0.01161358
2001,m,51,0.01267863
2001,m,52,0.01374769
2001,m,53,0.01479833
2001,m,54,0.01582507
2001,m,55,0.01687011
2001,m,56,0.01799521
2001,m,57,0.01926767
2001,m,58,0.0207547
2001,m,59,0.02247796
2001,m,60,0.02443717
2001,m,61,0.02658787
2001,m,62,0.02886217
2001,m,63,0.03121687
2001,m,64,0.03362306
2001,m,65,0.03663303
2001,m,66,0.03991246
2001,m,67,0.04348547
2001,m,68,0.04737833
2001,m,69,0.05161969
2001,m,70,0.05624074
2001,m,71,0.06127547
2001,m,72,0.06676092
2001,m,73,0.07273743
2001,m,74,0.07924897
2001,m,75,0.08634342
2001,m,76,0.09407297
2001,m,77,0.10240239
2001,m,78,0.11141041
2001,m,79,0.12115801
2001,m,80,0.13172108
2001,m,81,0.14319597
2001,m,82,0.1556719
2001,m,83,0.16920033
2001,m,84,0.18379669
2001,m,85,0.19940476
2001,m,86,0.21594889
2001,m,87,0.23337487
2001,m,88,0.25167016
2001,m,89,0.27095626
2001,m,90,0.29140266
2001,m,91,0.31320584
2001,m,92,0.33648523
2001,m,93,0.36105117
2001,m,94,0.38651073
2001,m,95,0.41655687
2001,m,96,0.44808967
2001,m,97,0.48204811
2001,m,98,0.51861875
2001,m,99,0.55800255
2001,m,100,0.64551568
2002,m,0,0.03028848
2002,m,1,0.00412617
2002,m,2,0.00276152
2002,m,3,0.0018752
2002,m,4,0.00131228
2002,m,5,9.6231e-4
2002,m,6,7.5097e-4
2002,m,7,6.3123e-4
2002,m,8,5.7172e-4
2002,m,9,5.555e-4
2002,m,10,5.7123e-4
2002,m,11,6.1198e-4
2002,m,12,6.7305e-4
2002,m,13,7.4991e-4
2002,m,14,8.4087e-4
2002,m,15,9.4525e-4
2002,m,16,0.00106521
2002,m,17,0.00120459
2002,m,18,0.00136531
2002,m,19,0.00154716
2002,m,20,0.00174396
2002,m,21,0.00194349
2002,m,22,0.00213222
2002,m,23,0.00229643
2002,m,24,0.00243104
2002,m,25,0.00253924
2002,m,26,0.00263082
2002,m,27,0.00272024
2002,m,28,0.00281871
2002,m,29,0.0029345
2002,m,30,0.00307143
2002,m,31,0.00322916
2002,m,32,0.00340635
2002,m,33,0.00360059
2002,m,34,0.00380996
2002,m,35,0.00403336
2002,m,36,0.00427049
2002,m,37,0.0045223
2002,m,38,0.00479099
2002,m,39,0.00508052
2002,m,40,0.00539645
2002,m,41,0.00574654
2002,m,42,0.00613964
2002,m,43,0.00658558
2002,m,44,0.00709495
2002,m,45,0.00767835
2002,m,46,0.00834585
2002,m,47,0.00910426
2002,m,48,0.00995613
2002,m,49,0.01089368
2002,m,50,0.01190129
2002,m,51,0.01295356
2002,m,52,0.01402348
2002,m,53,0.01510058
2002,m,54,0.01618772
2002,m,55,0.01732274
2002,m,56,0.01855823
2002,m,57,0.01994896
2002,m,58,0.02154835
2002,m,59,0.02336901
2002,m,60,0.02540233
2002,m,61,0.02760116
2002,m,62,0.02989828
2002,m,63,0.03225543
2002,m,64,0.03465253
2002,m,65,0.03766537
2002,m,66,0.04094017
2002,m,67,0.04449969
2002,m,68,0.04836869
2002,m,69,0.05257407
2002,m,70,0.0571451
2002,m,71,0.06211354
2002,m,72,0.06751397
2002,m,73,0.07338394
2002,m,74,0.07976426
2002,m,75,0.08669932
2002,m,76,0.09423734
2002,m,77,0.10253605
2002,m,78,0.11151751
2002,m,79,0.12124057
2002,m,80,0.13177646
2002,m,81,0.14321304
2002,m,82,0.15563131
2002,m,83,0.16907895
2002,m,84,0.18357186
2002,m,85,0.19906395
2002,m,86,0.21549362
2002,m,87,0.23282188
2002,m,88,0.25104987
2002,m,89,0.27030295
2002,m,90,0.29074948
2002,m,91,0.31257646
2002,m,92,0.33589042
2002,m,93,0.36048873
2002,m,94,0.3859638
2002,m,95,0.41709436
2002,m,96,0.44912484
2002,m,97,0.4837015
2002,m,98,0.52102675
2002,m,99,0.56131908
2002,m,100,0.65061428
2003,m,0,0.02960436
2003,m,1,0.00393374
2003,m,2,0.0026836
2003,m,3,0.00185401
2003,m,4,0.00131502
2003,m,5,9.7175e-4
2003,m,6,7.5866e-4
2003,m,7,6.3283e-4
2003,m,8,5.6497e-4
2003,m,9,5.3856e-4
2003,m,10,5.4286e-4
2003,m,11,5.7183e-4
2003,m,12,6.2216e-4
2003,m,13,6.9156e-4
2003,m,14,7.799e-4
2003,m,15,8.8769e-4
2003,m,16,0.00101673
2003,m,17,0.00116917
2003,m,18,0.00134475
2003,m,19,0.00153999
2003,m,20,0.00174543
2003,m,21,0.00194551
2003,m,22,0.00212491
2003,m,23,0.00227036
2003,m,24,0.00238041
2003,m,25,0.00246402
2003,m,26,0.00253656
2003,m,27,0.00261742
2003,m,28,0.00271952
2003,m,29,0.00285054
2003,m,30,0.00301114
2003,m,31,0.00319487
2003,m,32,0.00339478
2003,m,33,0.00360354
2003,m,34,0.0038177
2003,m,35,0.00403917
2003,m,36,0.00427245
2003,m,37,0.00452513
2003,m,38,0.00480349
2003,m,39,0.00511095
2003,m,40,0.00544894
2003,m,41,0.0058155
2003,m,42,0.00621011
2003,m,43,0.00663619
2003,m,44,0.00710213
2003,m,45,0.00762564
2003,m,46,0.00822713
2003,m,47,0.00892691
2003,m,48,0.00974015
2003,m,49,0.01066236
2003,m,50,0.01167565
2003,m,51,0.01273938
2003,m,52,0.01380731
2003,m,53,0.01485643
2003,m,54,0.01588335
2003,m,55,0.01693939
2003,m,56,0.01809742
2003,m,57,0.01943342
2003,m,58,0.02102075
2003,m,59,0.0228715
2003,m,60,0.02496524
2003,m,61,0.02722226
2003,m,62,0.02953056
2003,m,63,0.03182409
2003,m,64,0.03406719
2003,m,65,0.03706513
2003,m,66,0.04032689
2003,m,67,0.04387569
2003,m,68,0.04773679
2003,m,69,0.05193766
2003,m,70,0.05650821
2003,m,71,0.06148098
2003,m,72,0.06689135
2003,m,73,0.07277784
2003,m,74,0.07918235
2003,m,75,0.08615045
2003,m,76,0.09373176
2003,m,77,0.10201059
2003,m,78,0.11097004
2003,m,79,0.12066899
2003,m,80,0.13117942
2003,m,81,0.14259126
2003,m,82,0.15498797
2003,m,83,0.16841961
2003,m,84,0.18290431
2003,m,85,0.19839702
2003,m,86,0.21483627
2003,m,87,0.23218139
2003,m,88,0.25043045
2003,m,89,0.26970383
2003,m,90,0.2901643
2003,m,91,0.31199395
2003,m,92,0.33529631
2003,m,93,0.35987234
2003,m,94,0.38532206
2003,m,95,0.41545475
2003,m,96,0.44687161
2003,m,97,0.48066422
2003,m,98,0.51701224
2003,m,99,0.55610891
2003,m,100,0.64306709
2004,m,0,0.02893634
2004,m,1,0.00391507
2004,m,2,0.0025929
2004,m,3,0.00174329
2004,m,4,0.00120924
2004,m,5,8.8042e-4
2004,m,6,6.8362e-4
2004,m,7,5.7317e-4
2004,m,8,5.1913e-4
2004,m,9,5.0557e-4
2004,m,10,5.221e-4
2004,m,11,5.6256e-4
2004,m,12,6.2295e-4
2004,m,13,6.9944e-4
2004,m,14,7.9102e-4
2004,m,15,8.9781e-4
2004,m,16,0.00102276
2004,m,17,0.00117062
2004,m,18,0.00134351
2004,m,19,0.00154031
2004,m,20,0.00175156
2004,m,21,0.00195907
2004,m,22,0.00214389
2004,m,23,0.00228861
2004,m,24,0.00239106
2004,m,25,0.00246242
2004,m,26,0.00252182
2004,m,27,0.00259303
2004,m,28,0.00269121
2004,m,29,0.00282477
2004,m,30,0.00299328
2004,m,31,0.00318713
2004,m,32,0.00339594
2004,m,33,0.00360872
2004,m,34,0.00381962
2004,m,35,0.00403012
2004,m,36,0.00424562
2004,m,37,0.00447609
2004,m,38,0.00473061
2004,m,39,0.00501582
2004,m,40,0.00533655
2004,m,41,0.00569421
2004,m,42,0.00609059
2004,m,43,0.00652875
2004,m,44,0.00701405
2004,m,45,0.00755612
2004,m,46,0.00816583
2004,m,47,0.0088538
2004,m,48,0.00962778
2004,m,49,0.01048571
2004,m,50,0.01141913
2004,m,51,0.01240981
2004,m,52,0.0134384
2004,m,53,0.01450031
2004,m,54,0.01560294
2004,m,55,0.01678528
2004,m,56,0.01809926
2004,m,57,0.01959484
2004,m,58,0.02131668
2004,m,59,0.02325816
2004,m,60,0.02538154
2004,m,61,0.02760233
2004,m,62,0.02981208
2004,m,63,0.03195682
2004,m,64,0.03402018
2004,m,65,0.03700599
2004,m,66,0.04025385
2004,m,67,0.04378677
2004,m,68,0.04762975
2004,m,69,0.05181002
2004,m,70,0.05635717
2004,m,71,0.06130341
2004,m,72,0.06668376
2004,m,73,0.07253632
2004,m,74,0.07890253
2004,m,75,0.08582748
2004,m,76,0.09336021
2004,m,77,0.10161324
2004,m,78,0.11054629
2004,m,79,0.12021771
2004,m,80,0.13069874
2004,m,81,0.14207848
2004,m,82,0.15444
2004,m,83,0.16783422
2004,m,84,0.18228118
2004,m,85,0.19773969
2004,m,86,0.21415243
2004,m,87,0.23148172
2004,m,88,0.24972686
2004,m,89,0.2690049
2004,m,90,0.2894732
2004,m,91,0.31130668
2004,m,92,0.33460258
2004,m,93,0.35916197
2004,m,94,0.38458859
2004,m,95,0.41511775
2004,m,96,0.44670021
2004,m,97,0.4807021
2004,m,98,0.51730875
2004,m,99,0.55671972
2004,m,100,0.64435583
2005,m,0,0.02829261
2005,m,1,0.0037785
2005,m,2,0.00252676
2005,m,3,0.0017143
2005,m,4,0.00119852
2005,m,5,8.7793e-4
2005,m,6,6.8434e-4
2005,m,7,5.7465e-4
2005,m,8,5.2029e-4
2005,m,9,5.0597e-4
2005,m,10,5.2178e-4
2005,m,11,5.6208e-4
2005,m,12,6.2334e-4
2005,m,13,7.0214e-4
2005,m,14,7.9714e-4
2005,m,15,9.0732e-4
2005,m,16,0.00103364
2005,m,17,0.00117804
2005,m,18,0.0013411
2005,m,19,0.00152167
2005,m,20,0.00171456
2005,m,21,0.0019104
2005,m,22,0.00209845
2005,m,23,0.0022673
2005,m,24,0.00241027
2005,m,25,0.00252563
2005,m,26,0.00261725
2005,m,27,0.00269351
2005,m,28,0.00276443
2005,m,29,0.00284117
2005,m,30,0.00293467
2005,m,31,0.00305591
2005,m,32,0.00321288
2005,m,33,0.00341047
2005,m,34,0.00364812
2005,m,35,0.00391767
2005,m,36,0.00420783
2005,m,37,0.00450389
2005,m,38,0.00479629
2005,m,39,0.00508583
2005,m,40,0.00538192
2005,m,41,0.00570659
2005,m,42,0.00608199
2005,m,43,0.00652595
2005,m,44,0.00704987
2005,m,45,0.00764876
2005,m,46,0.00831179
2005,m,47,0.00902207
2005,m,48,0.00976573
2005,m,49,0.01054776
2005,m,50,0.01138426
2005,m,51,0.01231211
2005,m,52,0.01337237
2005,m,53,0.01459088
2005,m,54,0.01598128
2005,m,55,0.01751481
2005,m,56,0.01914094
2005,m,57,0.02080079
2005,m,58,0.02243601
2005,m,59,0.0240441
2005,m,60,0.02565395
2005,m,61,0.02734461
2005,m,62,0.0292178
2005,m,63,0.03134671
2005,m,64,0.03379276
2005,m,65,0.03679359
2005,m,66,0.0400609
2005,m,67,0.04361836
2005,m,68,0.04749172
2005,m,69,0.05170903
2005,m,70,0.05630085
2005,m,71,0.06130043
2005,m,72,0.06674398
2005,m,73,0.07267092
2005,m,74,0.07912418
2005,m,75,0.0861505
2005,m,76,0.09380076
2005,m,77,0.10205058
2005,m,78,0.11098702
2005,m,79,0.12066648
2005,m,80,0.13115578
2005,m,81,0.1425359
2005,m,82,0.15488208
2005,m,83,0.16824186
2005,m,84,0.18263619
2005,m,85,0.19803436
2005,m,86,0.21439323
2005,m,87,0.2316901
2005,m,88,0.24993736
2005,m,89,0.26925467
2005,m,90,0.2897968
2005,m,91,0.31172784
2005,m,92,0.33513148
2005,m,93,0.35979761
2005,m,94,0.38531868
2005,m,95,0.41690026
2005,m,96,0.44936172
2005,m,97,0.48448329
2005,m,98,0.52248296
2005,m,99,0.56359657
2005,m,100,0.65457924
2006,m,0,0.02769057
2006,m,1,0.00353647
2006,m,2,0.0024541
2006,m,3,0.00172316
2006,m,4,0.00124005
2006,m,5,9.2727e-4
2006,m,6,7.3049e-4
2006,m,7,6.1288e-4
2006,m,8,5.491e-4
2006,m,9,5.2475e-4
2006,m,10,5.3059e-4
2006,m,11,5.621e-4
2006,m,12,6.1696e-4
2006,m,13,6.94e-4
2006,m,14,7.9298e-4
2006,m,15,9.1313e-4
2006,m,16,0.00105342
2006,m,17,0.0012113
2006,m,18,0.00138308
2006,m,19,0.00156325
2006,m,20,0.00174597
2006,m,21,0.00192472
2006,m,22,0.00209384
2006,m,23,0.00224835
2006,m,24,0.00238543
2006,m,25,0.00250401
2006,m,26,0.00260594
2006,m,27,0.00269512
2006,m,28,0.00277806
2006,m,29,0.00286292
2006,m,30,0.00295949
2006,m,31,0.00307841
2006,m,32,0.00322725
2006,m,33,0.00341208
2006,m,34,0.00363187
2006,m,35,0.00388095
2006,m,36,0.00414949
2006,m,37,0.00442464
2006,m,38,0.00470144
2006,m,39,0.00498104
2006,m,40,0.00527686
2006,m,41,0.0056113
2006,m,42,0.00600485
2006,m,43,0.00647728
2006,m,44,0.00703394
2006,m,45,0.00766739
2006,m,46,0.00835909
2006,m,47,0.00907939
2006,m,48,0.00981061
2006,m,49,0.01054827
2006,m,50,0.01131209
2006,m,51,0.0121456
2006,m,52,0.01309281
2006,m,53,0.01419809
2006,m,54,0.01548459
2006,m,55,0.01695
2006,m,56,0.01857265
2006,m,57,0.02030703
2006,m,58,0.02211379
2006,m,59,0.02396683
2006,m,60,0.02586362
2006,m,61,0.02783337
2006,m,62,0.02991447
2006,m,63,0.03215327
2006,m,64,0.03459126
2006,m,65,0.03757394
2006,m,66,0.04081381
2006,m,67,0.04433304
2006,m,68,0.04815572
2006,m,69,0.05230801
2006,m,70,0.05681834
2006,m,71,0.06171758
2006,m,72,0.06703927
2006,m,73,0.07281983
2006,m,74,0.07909882
2006,m,75,0.08591922
2006,m,76,0.09332773
2006,m,77,0.10155372
2006,m,78,0.11046475
2006,m,79,0.12011711
2006,m,80,0.13057787
2006,m,81,0.14192895
2006,m,82,0.15424687
2006,m,83,0.16758073
2006,m,84,0.18195324
2006,m,85,0.19733534
2006,m,86,0.21368514
2006,m,87,0.23097995
2006,m,88,0.24923108
2006,m,89,0.26855494
2006,m,90,0.28910218
2006,m,91,0.31103242
2006,m,92,0.33442569
2006,m,93,0.35907226
2006,m,94,0.38456726
2006,m,95,0.41617171
2006,m,96,0.44835169
2006,m,97,0.48308659
2006,m,98,0.52057925
2006,m,99,0.56104862
2006,m,100,0.65069212
2007,m,0,0.02711493
2007,m,1,0.00350146
2007,m,2,0.00239734
2007,m,3,0.00166119
2007,m,4,0.00118023
2007,m,5,8.7189e-4
2007,m,6,6.7928e-4
2007,m,7,5.6451e-4
2007,m,8,5.0222e-4
2007,m,9,4.7832e-4
2007,m,10,4.8441e-4
2007,m,11,5.1711e-4
2007,m,12,5.754e-4
2007,m,13,6.5962e-4
2007,m,14,7.6986e-4
2007,m,15,9.0433e-4
2007,m,16,0.00105827
2007,m,17,0.00122291
2007,m,18,0.00138926
2007,m,19,0.00154813
2007,m,20,0.00169709
2007,m,21,0.00183772
2007,m,22,0.00197397
2007,m,23,0.00211054
2007,m,24,0.00224662
2007,m,25,0.00237858
2007,m,26,0.00249936
2007,m,27,0.00260147
2007,m,28,0.00268492
2007,m,29,0.00275467
2007,m,30,0.00282457
2007,m,31,0.0029122
2007,m,32,0.00303172
2007,m,33,0.00319581
2007,m,34,0.00340632
2007,m,35,0.00365873
2007,m,36,0.00394091
2007,m,37,0.00423479
2007,m,38,0.00452948
2007,m,39,0.00481961
2007,m,40,0.00511388
2007,m,41,0.00543133
2007,m,42,0.00579162
2007,m,43,0.00621553
2007,m,44,0.00671345
2007,m,45,0.00728745
2007,m,46,0.00793146
2007,m,47,0.00863132
2007,m,48,0.00937787
2007,m,49,0.01016718
2007,m,50,0.01100711
2007,m,51,0.01191764
2007,m,52,0.01292009
2007,m,53,0.01403666
2007,m,54,0.01527963
2007,m,55,0.01664916
2007,m,56,0.01813702
2007,m,57,0.01972534
2007,m,58,0.02140179
2007,m,59,0.02316307
2007,m,60,0.02501918
2007,m,61,0.02699731
2007,m,62,0.02912741
2007,m,63,0.03144045
2007,m,64,0.0339594
2007,m,65,0.03690511
2007,m,66,0.04010634
2007,m,67,0.04358524
2007,m,68,0.04736592
2007,m,69,0.05147453
2007,m,70,0.05593954
2007,m,71,0.06079185
2007,m,72,0.06606506
2007,m,73,0.07179568
2007,m,74,0.07802339
2007,m,75,0.0847913
2007,m,76,0.09214627
2007,m,77,0.1003266
2007,m,78,0.10918165
2007,m,79,0.11876977
2007,m,80,0.12916325
2007,m,81,0.14045406
2007,m,82,0.15272885
2007,m,83,0.16604212
2007,m,84,0.18041737
2007,m,85,0.19581539
2007,m,86,0.21217999
2007,m,87,0.22947296
2007,m,88,0.24769214
2007,m,89,0.26695249
2007,m,90,0.28740899
2007,m,91,0.3092346
2007,m,92,0.33252461
2007,m,93,0.35707805
2007,m,94,0.38249571
2007,m,95,0.41887501
2007,m,96,0.45419889
2007,m,97,0.49296603
2007,m,98,0.53551206
2007,m,99,0.58220535
2007,m,100,0.68409956
2008,m,0,0.02657019
2008,m,1,0.00345845
2008,m,2,0.00233229
2008,m,3,0.00159426
2008,m,4,0.00112088
2008,m,5,8.2328e-4
2008,m,6,6.4152e-4
2008,m,7,5.3671e-4
2008,m,8,4.8323e-4
2008,m,9,4.6731e-4
2008,m,10,4.8049e-4
2008,m,11,5.1901e-4
2008,m,12,5.8103e-4
2008,m,13,6.6541e-4
2008,m,14,7.7151e-4
2008,m,15,8.9747e-4
2008,m,16,0.00104086
2008,m,17,0.00119738
2008,m,18,0.00136208
2008,m,19,0.00152897
2008,m,20,0.00169355
2008,m,21,0.00185209
2008,m,22,0.00200223
2008,m,23,0.00214241
2008,m,24,0.00227107
2008,m,25,0.00238702
2008,m,26,0.00248988
2008,m,27,0.00258037
2008,m,28,0.00266231
2008,m,29,0.0027415
2008,m,30,0.0028266
2008,m,31,0.00292766
2008,m,32,0.00305263
2008,m,33,0.00320853
2008,m,34,0.00339689
2008,m,35,0.00361602
2008,m,36,0.00386081
2008,m,37,0.0041237
2008,m,38,0.00440129
2008,m,39,0.00469319
2008,m,40,0.00500608
2008,m,41,0.00535196
2008,m,42,0.00574259
2008,m,43,0.00618973
2008,m,44,0.00669796
2008,m,45,0.00726546
2008,m,46,0.00788542
2008,m,47,0.00854625
2008,m,48,0.00924345
2008,m,49,0.00998002
2008,m,50,0.01077193
2008,m,51,0.01164834
2008,m,52,0.0126379
2008,m,53,0.01376833
2008,m,54,0.01505215
2008,m,55,0.01648304
2008,m,56,0.01804156
2008,m,57,0.01969299
2008,m,58,0.02141208
2008,m,59,0.02318966
2008,m,60,0.0250399
2008,m,61,0.02700688
2008,m,62,0.0291383
2008,m,63,0.03148182
2008,m,64,0.03406874
2008,m,65,0.03700176
2008,m,66,0.04018729
2008,m,67,0.04364707
2008,m,68,0.0474047
2008,m,69,0.05148583
2008,m,70,0.05591831
2008,m,71,0.06073238
2008,m,72,0.06596091
2008,m,73,0.07163957
2008,m,74,0.07780711
2008,m,75,0.08450562
2008,m,76,0.09178081
2008,m,77,0.09994144
2008,m,78,0.10877645
2008,m,79,0.11834377
2008,m,80,0.12871522
2008,m,81,0.13998246
2008,m,82,0.15223221
2008,m,83,0.16552014
2008,m,84,0.17987186
2008,m,85,0.1952518
2008,m,86,0.21160737
2008,m,87,0.22890231
2008,m,88,0.24713425
2008,m,89,0.26641276
2008,m,90,0.28688526
2008,m,91,0.30871584
2008,m,92,0.33199286
2008,m,93,0.35651846
2008,m,94,0.38190253
2008,m,95,0.41852084
2008,m,96,0.45397458
2008,m,97,0.49291599
2008,m,98,0.53568817
2008,m,99,0.58266795
2008,m,100,0.68517787
2009,m,0,0.02606332
2009,m,1,0.00328578
2009,m,2,0.00228661
2009,m,3,0.0016101
2009,m,4,0.00116195
2009,m,5,8.7132e-4
2009,m,6,6.8842e-4
2009,m,7,5.7942e-4
2009,m,8,5.2106e-4
2009,m,9,5.0026e-4
2009,m,10,5.0879e-4
2009,m,11,5.4299e-4
2009,m,12,6.0125e-4
2009,m,13,6.8315e-4
2009,m,14,7.8879e-4
2009,m,15,9.1738e-4
2009,m,16,0.00106703
2009,m,17,0.00123346
2009,m,18,0.00141073
2009,m,19,0.00159066
2009,m,20,0.00176547
2009,m,21,0.00192753
2009,m,22,0.00207169
2009,m,23,0.00219502
2009,m,24,0.0022983
2009,m,25,0.00238488
2009,m,26,0.00246068
2009,m,27,0.00253291
2009,m,28,0.00260815
2009,m,29,0.00269282
2009,m,30,0.00279189
2009,m,31,0.0029099
2009,m,32,0.00304975
2009,m,33,0.00321354
2009,m,34,0.00340108
2009,m,35,0.00361068
2009,m,36,0.00383962
2009,m,37,0.00408454
2009,m,38,0.00434537
2009,m,39,0.00462456
2009,m,40,0.00492958
2009,m,41,0.00527176
2009,m,42,0.00566232
2009,m,43,0.00611269
2009,m,44,0.00662917
2009,m,45,0.00721347
2009,m,46,0.00786265
2009,m,47,0.00856884
2009,m,48,0.00932577
2009,m,49,0.0101287
2009,m,50,0.01097845
2009,m,51,0.01188177
2009,m,52,0.01284956
2009,m,53,0.01389738
2009,m,54,0.01504402
2009,m,55,0.01631196
2009,m,56,0.01772434
2009,m,57,0.0193045
2009,m,58,0.02106921
2009,m,59,0.02302561
2009,m,60,0.02516868
2009,m,61,0.02747729
2009,m,62,0.02992881
2009,m,63,0.03250282
2009,m,64,0.03519288
2009,m,65,0.03811151
2009,m,66,0.04127218
2009,m,67,0.04469498
2009,m,68,0.04840164
2009,m,69,0.05241571
2009,m,70,0.05676266
2009,m,71,0.06147012
2009,m,72,0.06656799
2009,m,73,0.07208863
2009,m,74,0.0780671
2009,m,75,0.08454139
2009,m,76,0.09155261
2009,m,77,0.09969212
2009,m,78,0.10850618
2009,m,79,0.11805225
2009,m,80,0.12840131
2009,m,81,0.13964358
2009,m,82,0.15186457
2009,m,83,0.16511985
2009,m,84,0.17943594
2009,m,85,0.19478023
2009,m,86,0.21110383
2009,m,87,0.22837395
2009,m,88,0.24659097
2009,m,89,0.26586432
2009,m,90,0.28633983
2009,m,91,0.308178
2009,m,92,0.33146302
2009,m,93,0.35599386
2009,m,94,0.38137735
2009,m,95,0.41175695
2009,m,96,0.44331768
2009,m,97,0.4772975
2009,m,98,0.51388185
2009,m,99,0.55327034
2009,m,100,0.64117337
2010,m,0,0.02560639
2010,m,1,0.00322716
2010,m,2,0.00223097
2010,m,3,0.00156076
2010,m,4,0.00111936
2010,m,5,8.3451e-4
2010,m,6,6.5583e-4
2010,m,7,5.4937e-4
2010,m,8,4.9195e-4
2010,m,9,4.7057e-4
2010,m,10,4.7709e-4
2010,m,11,5.078e-4
2010,m,12,5.6109e-4
2010,m,13,6.3653e-4
2010,m,14,7.3428e-4
2010,m,15,8.5378e-4
2010,m,16,9.9352e-4
2010,m,17,0.00114981
2010,m,18,0.00131718
2010,m,19,0.00148786
2010,m,20,0.00165389
2010,m,21,0.00180716
2010,m,22,0.00194218
2010,m,23,0.00205589
2010,m,24,0.00215002
2010,m,25,0.00222945
2010,m,26,0.0023019
2010,m,27,0.00237633
2010,m,28,0.00245974
2010,m,29,0.00255834
2010,m,30,0.00267543
2010,m,31,0.00281317
2010,m,32,0.00297225
2010,m,33,0.00315254
2010,m,34,0.00335294
2010,m,35,0.00357156
2010,m,36,0.00380629
2010,m,37,0.00405494
2010,m,38,0.00431774
2010,m,39,0.00459685
2010,m,40,0.00489812
2010,m,41,0.00523036
2010,m,42,0.00560267
2010,m,43,0.00602484
2010,m,44,0.00650387
2010,m,45,0.00704455
2010,m,46,0.00764879
2010,m,47,0.00831549
2010,m,48,0.00904251
2010,m,49,0.00982628
2010,m,50,0.01066347
2010,m,51,0.0115511
2010,m,52,0.01249127
2010,m,53,0.01349217
2010,m,54,0.01457332
2010,m,55,0.01576713
2010,m,56,0.01711134
2010,m,57,0.01864909
2010,m,58,0.02040918
2010,m,59,0.02239928
2010,m,60,0.02459909
2010,m,61,0.02695025
2010,m,62,0.02939153
2010,m,63,0.03186899
2010,m,64,0.0343654
2010,m,65,0.03726212
2010,m,66,0.040403
2010,m,67,0.04380864
2010,m,68,0.04750134
2010,m,69,0.05150531
2010,m,70,0.05584678
2010,m,71,0.06055419
2010,m,72,0.0656584
2010,m,73,0.07119286
2010,m,74,0.07719382
2010,m,75,0.08370062
2010,m,76,0.09075588
2010,m,77,0.09888002
2010,m,78,0.10767373
2010,m,79,0.11719557
2010,m,80,0.12751978
2010,m,81,0.13874334
2010,m,82,0.15095897
2010,m,83,0.16422723
2010,m,84,0.17857728
2010,m,85,0.19397294
2010,m,86,0.21035857
2010,m,87,0.22769145
2010,m,88,0.24596073
2010,m,89,0.26526666
2010,m,90,0.28574735
2010,m,91,0.30756079
2010,m,92,0.33079325
2010,m,93,0.35525591
2010,m,94,0.3805751
2010,m,95,0.41102865
2010,m,96,0.44260802
2010,m,97,0.47661364
2010,m,98,0.51323192
2010,m,99,0.55266358
2010,m,100,0.64072725
2011,m,0,0.02521302
2011,m,1,0.00318439
2011,m,2,0.00217036
2011,m,3,0.0014993
2011,m,4,0.00106521
2011,m,5,7.9064e-4
2011,m,6,6.2229e-4
2011,m,7,5.2563e-4
2011,m,8,4.773e-4
2011,m,9,4.647e-4
2011,m,10,4.7982e-4
2011,m,11,5.185e-4
2011,m,12,5.7843e-4
2011,m,13,6.5747e-4
2011,m,14,7.544e-4
2011,m,15,8.6731e-4
2011,m,16,9.946e-4
2011,m,17,0.00113404
2011,m,18,0.00128247
2011,m,19,0.00143555
2011,m,20,0.00158827
2011,m,21,0.00173503
2011,m,22,0.00187136
2011,m,23,0.00199405
2011,m,24,0.00210292
2011,m,25,0.00220041
2011,m,26,0.00229076
2011,m,27,0.00237957
2011,m,28,0.00247118
2011,m,29,0.00256881
2011,m,30,0.00267414
2011,m,31,0.00278742
2011,m,32,0.00290968
2011,m,33,0.00304287
2011,m,34,0.00319108
2011,m,35,0.00336095
2011,m,36,0.00355988
2011,m,37,0.00379592
2011,m,38,0.00407519
2011,m,39,0.00439998
2011,m,40,0.00476921
2011,m,41,0.00517597
2011,m,42,0.00561229
2011,m,43,0.00607138
2011,m,44,0.00654934
2011,m,45,0.00705022
2011,m,46,0.00758153
2011,m,47,0.00815523
2011,m,48,0.00878395
2011,m,49,0.00947703
2011,m,50,0.01024266
2011,m,51,0.01108496
2011,m,52,0.01200822
2011,m,53,0.01302011
2011,m,54,0.01413155
2011,m,55,0.01536127
2011,m,56,0.01673155
2011,m,57,0.01826304
2011,m,58,0.01997369
2011,m,59,0.02186365
2011,m,60,0.02392098
2011,m,61,0.0261174
2011,m,62,0.02841502
2011,m,63,0.03079502
2011,m,64,0.03325126
2011,m,65,0.03613149
2011,m,66,0.03926121
2011,m,67,0.04266202
2011,m,68,0.04635741
2011,m,69,0.0503729
2011,m,70,0.05473621
2011,m,71,0.05947747
2011,m,72,0.06462941
2011,m,73,0.07022762
2011,m,74,0.07631075
2011,m,75,0.0829208
2011,m,76,0.09010341
2011,m,77,0.09821497
2011,m,78,0.10699242
2011,m,79,0.11649512
2011,m,80,0.1267998
2011,m,81,0.13800862
2011,m,82,0.15021999
2011,m,83,0.16349861
2011,m,84,0.17787617
2011,m,85,0.19331446
2011,m,86,0.2097532
2011,m,87,0.2271422
2011,m,88,0.24546153
2011,m,89,0.26480289
2011,m,90,0.2852965
2011,m,91,0.30709645
2011,m,92,0.3302893
2011,m,93,0.35469719
2011,m,94,0.37996473
2011,m,95,0.41083634
2011,m,96,0.44253076
2011,m,97,0.47667028
2011,m,98,0.51344352
2011,m,99,0.55305368
2011,m,100,0.6414671
2012,m,0,0.02488181
2012,m,1,0.00317311
2012,m,2,0.00214808
2012,m,3,0.00147401
2012,m,4,0.0010404
2012,m,5,7.6735e-4
2012,m,6,6.0035e-4
2012,m,7,5.0433e-4
2012,m,8,4.5585e-4
2012,m,9,4.4235e-4
2012,m,10,4.5611e-4
2012,m,11,4.9341e-4
2012,m,12,5.5249e-4
2012,m,13,6.3195e-4
2012,m,14,7.3098e-4
2012,m,15,8.4773e-4
2012,m,16,9.7988e-4
2012,m,17,0.00112361
2012,m,18,0.00127384
2012,m,19,0.00142398
2012,m,20,0.00156748
2012,m,21,0.00169813
2012,m,22,0.00181239
2012,m,23,0.00190943
2012,m,24,0.00199289
2012,m,25,0.00206992
2012,m,26,0.00214894
2012,m,27,0.00223923
2012,m,28,0.00234635
2012,m,29,0.00247266
2012,m,30,0.00261625
2012,m,31,0.00277076
2012,m,32,0.00293032
2012,m,33,0.00309004
2012,m,34,0.00324933
2012,m,35,0.00341316
2012,m,36,0.00358913
2012,m,37,0.00378776
2012,m,38,0.00401849
2012,m,39,0.00428831
2012,m,40,0.00460226
2012,m,41,0.00496147
2012,m,42,0.00536614
2012,m,43,0.00581536
2012,m,44,0.00630781
2012,m,45,0.0068426
2012,m,46,0.00741907
2012,m,47,0.0080382
2012,m,48,0.00870243
2012,m,49,0.00941803
2012,m,50,0.01019387
2012,m,51,0.011043
2012,m,52,0.01198033
2012,m,53,0.01301947
2012,m,54,0.01417346
2012,m,55,0.01544993
2012,m,56,0.01685425
2012,m,57,0.018389140000000002
2012,m,58,0.02005579
2012,m,59,0.02185757
2012,m,60,0.02379833
2012,m,61,0.02588511
2012,m,62,0.02812631
2012,m,63,0.03053162
2012,m,64,0.03311177
2012,m,65,0.03598269
2012,m,66,0.03910253
2012,m,67,0.04249288
2012,m,68,0.04617718
2012,m,69,0.05018092
2012,m,70,0.05453181
2012,m,71,0.05925993
2012,m,72,0.06439801
2012,m,73,0.06998157
2012,m,74,0.07604925
2012,m,75,0.08264302
2012,m,76,0.0898085
2012,m,77,0.09790745
2012,m,78,0.1066712
2012,m,79,0.1161592
2012,m,80,0.12644856
2012,m,81,0.13764247
2012,m,82,0.14984053
2012,m,83,0.16310869
2012,m,84,0.17747975
2012,m,85,0.19291608
2012,m,86,0.20935747
2012,m,87,0.2267528
2012,m,88,0.24508035
2012,m,89,0.26442893
2012,m,90,0.28492539
2012,m,91,0.30672093
2012,m,92,0.3299004
2012,m,93,0.35428844
2012,m,94,0.37953479
2012,m,95,0.41028707
2012,m,96,0.44194547
2012,m,97,0.47604667
2012,m,98,0.51277918
2012,m,99,0.55234602
2012,m,100,0.64074138
2013,m,0,0.0246112
2013,m,1,0.0030394
2013,m,2,0.00211811
2013,m,3,0.0014926
2013,m,4,0.0010766
2013,m,5,8.054e-4
2013,m,6,6.3315e-4
2013,m,7,5.2886e-4
2013,m,8,4.7105e-4
2013,m,9,4.4758e-4
2013,m,10,4.5102e-4
2013,m,11,4.7822e-4
2013,m,12,5.2816e-4
2013,m,13,6.011e-4
2013,m,14,0.00069716
2013,m,15,8.1499e-4
2013,m,16,9.5083e-4
2013,m,17,0.00109723
2013,m,18,0.00124575
2013,m,19,0.00138707
2013,m,20,0.00151579
2013,m,21,0.00163027
2013,m,22,0.00173213
2013,m,23,0.00182557
2013,m,24,0.0019154
2013,m,25,0.00200694
2013,m,26,0.00210465
2013,m,27,0.00221229
2013,m,28,0.00233126
2013,m,29,0.00246063
2013,m,30,0.00259696
2013,m,31,0.00273425
2013,m,32,0.00286858
2013,m,33,0.00299878
2013,m,34,0.00312922
2013,m,35,0.00327085
2013,m,36,0.00343651
2013,m,37,0.00364109
2013,m,38,0.0038959
2013,m,39,0.00420563
2013,m,40,0.00456955
2013,m,41,0.00497676
2013,m,42,0.0054146
2013,m,43,0.0058722
2013,m,44,0.00634352
2013,m,45,0.00683596
2013,m,46,0.00736242
2013,m,47,0.00794228
2013,m,48,0.00859491
2013,m,49,0.00933128
2013,m,50,0.01015802
2013,m,51,0.0110704
2013,m,52,0.01206022
2013,m,53,0.01312171
2013,m,54,0.01425132
2013,m,55,0.01545763
2013,m,56,0.01675503
2013,m,57,0.01816452
2013,m,58,0.01971109
2013,m,59,0.0214175
2013,m,60,0.02330682
2013,m,61,0.02539652
2013,m,62,0.027701
2013,m,63,0.03022607
2013,m,64,0.03296999
2013,m,65,0.03583143
2013,m,66,0.03894122
2013,m,67,0.0423209
2013,m,68,0.0459939
2013,m,69,0.04998568
2013,m,70,0.05432391
2013,m,71,0.05903865
2013,m,72,0.06416257
2013,m,73,0.0697312
2013,m,74,0.07578313
2013,m,75,0.0823603
2013,m,76,0.0895083
2013,m,77,0.09759641
2013,m,78,0.10634818
2013,m,79,0.11582317
2013,m,80,0.12609908
2013,m,81,0.13728042
2013,m,82,0.14946838
2013,m,83,0.16273028
2013,m,84,0.17710006
2013,m,85,0.19254031
2013,m,86,0.20899035
2013,m,87,0.22639756
2013,m,88,0.24473791
2013,m,89,0.26409715
2013,m,90,0.28459884
2013,m,91,0.30639156
2013,m,92,0.32955877
2013,m,93,0.35392761
2013,m,94,0.37915289
2013,m,95,0.41306537
2013,m,96,0.44858924
2013,m,97,0.48783898
2013,m,98,0.53120535
2013,m,99,0.57912014
2013,m,100,0.68464893
2014,m,0,0.02440701
2014,m,1,0.0031468
2014,m,2,0.00210106
2014,m,3,0.00142218
2014,m,4,9.9043e-4
2014,m,5,7.21e-4
2014,m,6,5.5704e-4
2014,m,7,4.6244e-4
2014,m,8,4.136e-4
2014,m,9,3.9791e-4
2014,m,10,4.0796e-4
2014,m,11,4.4052e-4
2014,m,12,4.9443e-4
2014,m,13,5.6926e-4
2014,m,14,6.6474e-4
2014,m,15,7.7928e-4
2014,m,16,9.0988e-4
2014,m,17,0.00105107
2014,m,18,0.00119645
2014,m,19,0.00133859
2014,m,20,0.00147224
2014,m,21,0.00159436
2014,m,22,0.0017047
2014,m,23,0.00180549
2014,m,24,0.00190097
2014,m,25,0.00199695
2014,m,26,0.00209921
2014,m,27,0.00221346
2014,m,28,0.00234236
2014,m,29,0.00248559
2014,m,30,0.00263911
2014,m,31,0.00279504
2014,m,32,0.00294712
2014,m,33,0.0030917
2014,m,34,0.00323137
2014,m,35,0.00337621
2014,m,36,0.00353894
2014,m,37,0.00373495
2014,m,38,0.00397632
2014,m,39,0.00426917
2014,m,40,0.00461485
2014,m,41,0.00500584
2014,m,42,0.00543307
2014,m,43,0.00588814
2014,m,44,0.00636574
2014,m,45,0.00686995
2014,m,46,0.00740893
2014,m,47,0.00799654
2014,m,48,0.00864782
2014,m,49,0.00937475
2014,m,50,0.01018797
2014,m,51,0.0110925
2014,m,52,0.01209096
2014,m,53,0.01318246
2014,m,54,0.01436322
2014,m,55,0.01562662
2014,m,56,0.01696531
2014,m,57,0.01837961
2014,m,58,0.01987734
2014,m,59,0.02149023
2014,m,60,0.02326552
2014,m,61,0.02526639
2014,m,62,0.02756475
2014,m,63,0.0301997
2014,m,64,0.03318798
2014,m,65,0.03604955
2014,m,66,0.03915786
2014,m,67,0.04253418
2014,m,68,0.04620161
2014,m,69,0.05018526
2014,m,70,0.0545124
2014,m,71,0.05921263
2014,m,72,0.06431813
2014,m,73,0.06986385
2014,m,74,0.07588774
2014,m,75,0.08243102
2014,m,76,0.08953849
2014,m,77,0.0976128
2014,m,78,0.10635208
2014,m,79,0.11581531
2014,m,80,0.12607864
2014,m,81,0.13724362
2014,m,82,0.14940843
2014,m,83,0.16263875
2014,m,84,0.17696823
2014,m,85,0.19236242
2014,m,86,0.20876508
2014,m,87,0.22612898
2014,m,88,0.24443553
2014,m,89,0.26377358
2014,m,90,0.28426846
2014,m,91,0.30606751
2014,m,92,0.32925083
2014,m,93,0.3536389
2014,m,94,0.37887708
2014,m,95,0.40949634
2014,m,96,0.44110675
2014,m,97,0.47515728
2014,m,98,0.51183628
2014,m,99,0.55134665
2014,m,100,0.63972687
2015,m,0,0.02427114
2015,m,1,0.00307582
2015,m,2,0.00207916
2015,m,3,0.00142472
2015,m,4,0.00100432
2015,m,5,7.3993e-4
2015,m,6,5.7834e-4
2015,m,7,4.8541e-4
2015,m,8,4.3828e-4
2015,m,9,4.2465e-4
2015,m,10,4.3678e-4
2015,m,11,4.7075e-4
2015,m,12,5.2438e-4
2015,m,13,5.9576e-4
2015,m,14,6.8362e-4
2015,m,15,7.8585e-4
2015,m,16,9.004e-4
2015,m,17,0.00102451
2015,m,18,0.00115532
2015,m,19,0.00128978
2015,m,20,0.00142583
2015,m,21,0.00156229
2015,m,22,0.00169819
2015,m,23,0.00183269
2015,m,24,0.00196392
2015,m,25,0.00208916
2015,m,26,0.00220594
2015,m,27,0.00231232
2015,m,28,0.00240969
2015,m,29,0.00250267
2015,m,30,0.00259896
2015,m,31,0.00270907
2015,m,32,0.00284139
2015,m,33,0.00300186
2015,m,34,0.00319118
2015,m,35,0.00340314
2015,m,36,0.00362921
2015,m,37,0.00385858
2015,m,38,0.00408598
2015,m,39,0.00431613
2015,m,40,0.00456151
2015,m,41,0.00484565
2015,m,42,0.00519144
2015,m,43,0.00561622
2015,m,44,0.00612971
2015,m,45,0.00672169
2015,m,46,0.00737318
2015,m,47,0.00805607
2015,m,48,0.00874458
2015,m,49,0.00943679
2015,m,50,0.0101454
2015,m,51,0.01091102
2015,m,52,0.01178051
2015,m,53,0.01278603
2015,m,54,0.0139492
2015,m,55,0.01524976
2015,m,56,0.01664903
2015,m,57,0.01810344
2015,m,58,0.01957374
2015,m,59,0.0210817
2015,m,60,0.02268377
2015,m,61,0.02448584
2015,m,62,0.02661773
2015,m,63,0.02915707
2015,m,64,0.03215156
2015,m,65,0.03500543
2015,m,66,0.03811262
2015,m,67,0.04149561
2015,m,68,0.04517889
2015,m,69,0.0491891
2015,m,70,0.05355527
2015,m,71,0.058309
2015,m,72,0.06348469
2015,m,73,0.06911978
2015,m,74,0.07525506
2015,m,75,0.08193493
2015,m,76,0.08920772
2015,m,77,0.09727656
2015,m,78,0.10600822
2015,m,79,0.11546218
2015,m,80,0.12571606
2015,m,81,0.13687441
2015,m,82,0.14903862
2015,m,83,0.16227657
2015,m,84,0.17662305
2015,m,85,0.19204187
2015,m,86,0.20847362
2015,m,87,0.22586642
2015,m,88,0.24419649
2015,m,89,0.26354849
2015,m,90,0.2840443
2015,m,91,0.30583028
2015,m,92,0.32898771
2015,m,93,0.35334287
2015,m,94,0.37855033
2015,m,95,0.40942903
2015,m,96,0.44108691
2015,m,97,0.47519264
2015,m,98,0.51193549
2015,m,99,0.55151938
2015,m,100,0.64004248
2016,m,0,0.02419566
2016,m,1,0.0030522
2016,m,2,0.00208684
2016,m,3,0.00144469
2016,m,4,0.00102645
2016,m,5,7.5948e-4
2016,m,6,5.9351e-4
2016,m,7,4.9559e-4
2016,m,8,4.4336e-4
2016,m,9,4.2449e-4
2016,m,10,4.3137e-4
2016,m,11,4.6043e-4
2016,m,12,5.1015e-4
2016,m,13,5.799e-4
2016,m,14,6.6953e-4
2016,m,15,7.7805e-4
2016,m,16,9.0371e-4
2016,m,17,0.00104292
2016,m,18,0.00119137
2016,m,19,0.00134376
2016,m,20,0.00149599
2016,m,21,0.00164519
2016,m,22,0.00178956
2016,m,23,0.00192839
2016,m,24,0.0020611
2016,m,25,0.00218739
2016,m,26,0.00230749
2016,m,27,0.00242222
2016,m,28,0.0025339
2016,m,29,0.00264629
2016,m,30,0.00276436
2016,m,31,0.00289424
2016,m,32,0.00304069
2016,m,33,0.00320689
2016,m,34,0.00339283
2016,m,35,0.0035945
2016,m,36,0.00380693
2016,m,37,0.00402448
2016,m,38,0.0042456
2016,m,39,0.00447554
2016,m,40,0.00472474
2016,m,41,0.00501096
2016,m,42,0.00535174
2016,m,43,0.00576105
2016,m,44,0.00624809
2016,m,45,0.00680951
2016,m,46,0.00743651
2016,m,47,0.00811355
2016,m,48,0.0088247
2016,m,49,0.00956443
2016,m,50,0.01033318
2016,m,51,0.01114569
2016,m,52,0.01202056
2016,m,53,0.01297281
2016,m,54,0.01401469
2016,m,55,0.01514511
2016,m,56,0.01635918
2016,m,57,0.01765454
2016,m,58,0.01903446
2016,m,59,0.0205284
2016,m,60,0.02218189
2016,m,61,0.02405926
2016,m,62,0.02623491
2016,m,63,0.02875173
2016,m,64,0.03163179
2016,m,65,0.03449284
2016,m,66,0.03761266
2016,m,67,0.04101467
2016,m,68,0.04472439
2016,m,69,0.04876964
2016,m,70,0.05318078
2016,m,71,0.0579909
2016,m,72,0.06323609
2016,m,73,0.0689557
2016,m,74,0.07519264
2016,m,75,0.0819937
2016,m,76,0.08940991
2016,m,77,0.09747445
2016,m,78,0.10620404
2016,m,79,0.11565742
2016,m,80,0.12591038
2016,m,81,0.13706384
2016,m,82,0.14921548
2016,m,83,0.16243105
2016,m,84,0.17674479
2016,m,85,0.19212382
2016,m,86,0.20851374
2016,m,87,0.22586881
2016,m,88,0.24417131
2016,m,89,0.26350894
2016,m,90,0.28400503
2016,m,91,0.30580392
2016,m,92,0.32898291
2016,m,93,0.35336204
2016,m,94,0.37858761
2016,m,95,0.40934485
2016,m,96,0.44097642
2016,m,97,0.47505227
2016,m,98,0.51176129
2016,m,99,0.55130695
2016,m,100,0.63976915
2017,m,0,0.02416521
2017,m,1,0.00307952
2017,m,2,0.00209523
2017,m,3,0.00144322
2017,m,4,0.00101997
2017,m,5,7.5036e-4
2017,m,6,5.8281e-4
2017,m,7,4.8364e-4
2017,m,8,4.3032e-4
2017,m,9,4.1052e-4
2017,m,10,4.1707e-4
2017,m,11,4.4716e-4
2017,m,12,5.002e-4
2017,m,13,5.7675e-4
2017,m,14,6.7713e-4
2017,m,15,7.9969e-4
2017,m,16,9.4004e-4
2017,m,17,0.00108955
2017,m,18,0.00123913
2017,m,19,0.00137954
2017,m,20,0.00150711
2017,m,21,0.00162324
2017,m,22,0.00173168
2017,m,23,0.00183788
2017,m,24,0.00194471
2017,m,25,0.00205301
2017,m,26,0.00216192
2017,m,27,0.00226932
2017,m,28,0.00237499
2017,m,29,0.0024806
2017,m,30,0.00259011
2017,m,31,0.00270967
2017,m,32,0.00284429
2017,m,33,0.00299757
2017,m,34,0.00316978
2017,m,35,0.00335697
2017,m,36,0.00355417
2017,m,37,0.0037557
2017,m,38,0.00396015
2017,m,39,0.00417323
2017,m,40,0.00440603
2017,m,41,0.00467736
2017,m,42,0.00500587
2017,m,43,0.00540688
2017,m,44,0.00589099
2017,m,45,0.00645579
2017,m,46,0.00709252
2017,m,47,0.00778355
2017,m,48,0.00850849
2017,m,49,0.00925406
2017,m,50,0.01001132
2017,m,51,0.0107856
2017,m,52,0.01158877
2017,m,53,0.01243988
2017,m,54,0.01336362
2017,m,55,0.01438944
2017,m,56,0.01555067
2017,m,57,0.01687649
2017,m,58,0.01839399
2017,m,59,0.020111
2017,m,60,0.0220234
2017,m,61,0.02410744
2017,m,62,0.026327
2017,m,63,0.02866023
2017,m,64,0.03109353
2017,m,65,0.03392872
2017,m,66,0.03702243
2017,m,67,0.04039824
2017,m,68,0.04408185
2017,m,69,0.04810135
2017,m,70,0.05248736
2017,m,71,0.0572733
2017,m,72,0.06249563
2017,m,73,0.06819414
2017,m,74,0.07441226
2017,m,75,0.08119737
2017,m,76,0.08860116
2017,m,77,0.09668205
2017,m,78,0.10542035
2017,m,79,0.11487729
2017,m,80,0.12513532
2017,m,81,0.13630867
2017,m,82,0.14850883
2017,m,83,0.16181008
2017,m,84,0.17624972
2017,m,85,0.19178426
2017,m,86,0.20834218
2017,m,87,0.22585561
2017,m,88,0.24428367
2017,m,89,0.26369948
2017,m,90,0.28421666
2017,m,91,0.30598221
2017,m,92,0.32908475
2017,m,93,0.35337028
2017,m,94,0.37852238
2017,m,95,0.40936783
2017,m,96,0.44105213
2017,m,97,0.47518875
2017,m,98,0.51196747
2017,m,99,0.55159279
2017,m,100,0.64019905
2018,m,0,0.02415033
2018,m,1,0.00315621
2018,m,2,0.00211846
2018,m,3,0.00144103
2018,m,4,0.00100781
2018,m,5,7.36e-4
2018,m,6,5.6968e-4
2018,m,7,4.7309e-4
2018,m,8,4.2268e-4
2018,m,9,4.0575e-4
2018,m,10,4.1477e-4
2018,m,11,4.4644e-4
2018,m,12,4.9952e-4
2018,m,13,5.735e-4
2018,m,14,6.6793e-4
2018,m,15,7.8086e-4
2018,m,16,9.0882e-4
2018,m,17,0.0010458
2018,m,18,0.00118544
2018,m,19,0.00132113
2018,m,20,0.00144947
2018,m,21,0.00156997
2018,m,22,0.00168348
2018,m,23,0.00179186
2018,m,24,0.00189521
2018,m,25,0.00199226
2018,m,26,0.00208154
2018,m,27,0.00216167
2018,m,28,0.00223496
2018,m,29,0.00230716
2018,m,30,0.00238721
2018,m,31,0.00248708
2018,m,32,0.00261621
2018,m,33,0.00278145
2018,m,34,0.00298373
2018,m,35,0.00321565
2018,m,36,0.00346619
2018,m,37,0.00372014
2018,m,38,0.0039674
2018,m,39,0.0042086
2018,m,40,0.0044534
2018,m,41,0.00472457
2018,m,42,0.00504514
2018,m,43,0.00543381
2018,m,44,0.00590281
2018,m,45,0.00644714
2018,m,46,0.00705464
2018,m,47,0.00770428
2018,m,48,0.00837541
2018,m,49,0.00906316
2018,m,50,0.00977234
2018,m,51,0.01052843
2018,m,52,0.01136268
2018,m,53,0.01230031
2018,m,54,0.01336225
2018,m,55,0.01454741
2018,m,56,0.0158455
2018,m,57,0.01723956
2018,m,58,0.01871082
2018,m,59,0.02026021
2018,m,60,0.02189936
2018,m,61,0.02366039
2018,m,62,0.02558595
2018,m,63,0.02771081
2018,m,64,0.03006668
2018,m,65,0.032896
2018,m,66,0.03599155
2018,m,67,0.03937841
2018,m,68,0.04308397
2018,m,69,0.04713822
2018,m,70,0.05157399
2018,m,71,0.05642717
2018,m,72,0.06173704
2018,m,73,0.06754658
2018,m,74,0.0739028
2018,m,75,0.08085716
2018,m,76,0.08846592
2018,m,77,0.09655115
2018,m,78,0.10529208
2018,m,79,0.11475052
2018,m,80,0.12501043
2018,m,81,0.13618897
2018,m,82,0.14840059
2018,m,83,0.16172114
2018,m,84,0.17618819
2018,m,85,0.19175519
2018,m,86,0.20834621
2018,m,87,0.22588834
2018,m,88,0.24433605
2018,m,89,0.26376103
2018,m,90,0.28427717
2018,m,91,0.30603454
2018,m,92,0.32912593
2018,m,93,0.35340108
2018,m,94,0.37854754
2018,m,95,0.40947911
2018,m,96,0.44115213
2018,m,97,0.47527505
2018,m,98,0.51203736
2018,m,99,0.55164321
2018,m,100,0.64020112
2019,m,0,0.02411223
2019,m,1,0.0030766
2019,m,2,0.0020995
2019,m,3,0.00145027
2019,m,4,0.00102759
2019,m,5,7.5771e-4
2019,m,6,5.8962e-4
2019,m,7,4.8987e-4
2019,m,8,4.3594e-4
2019,m,9,4.1536e-4
2019,m,10,4.2061e-4
2019,m,11,4.4842e-4
2019,m,12,4.976e-4
2019,m,13,5.6793e-4
2019,m,14,6.5919e-4
2019,m,15,7.6968e-4
2019,m,16,8.9577e-4
2019,m,17,0.00103082
2019,m,18,0.00116788
2019,m,19,0.00129958
2019,m,20,0.00142277
2019,m,21,0.00153729
2019,m,22,0.00164512
2019,m,23,0.00174959
2019,m,24,0.00185222
2019,m,25,0.00195366
2019,m,26,0.00205327
2019,m,27,0.00214997
2019,m,28,0.0022446
2019,m,29,0.0023394
2019,m,30,0.00243905
2019,m,31,0.00254979
2019,m,32,0.00267715
2019,m,33,0.00282636
2019,m,34,0.00299961
2019,m,35,0.00319705
2019,m,36,0.00341683
2019,m,37,0.00365546
2019,m,38,0.00391116
2019,m,39,0.00418355
2019,m,40,0.00447551
2019,m,41,0.00479283
2019,m,42,0.00514257
2019,m,43,0.00553313
2019,m,44,0.00597254
2019,m,45,0.00646859
2019,m,46,0.00702748
2019,m,47,0.0076535
2019,m,48,0.00834677
2019,m,49,0.00910212
2019,m,50,0.00990875
2019,m,51,0.0107496
2019,m,52,0.01161238
2019,m,53,0.01249269
2019,m,54,0.01340411
2019,m,55,0.01438272
2019,m,56,0.01547461
2019,m,57,0.01673628
2019,m,58,0.01821028
2019,m,59,0.0199152
2019,m,60,0.02184167
2019,m,61,0.02393729
2019,m,62,0.02614315
2019,m,63,0.02840522
2019,m,64,0.03069973
2019,m,65,0.03352724
2019,m,66,0.03661517
2019,m,67,0.03998751
2019,m,68,0.04367044
2019,m,69,0.04769258
2019,m,70,0.05208516
2019,m,71,0.05688231
2019,m,72,0.06212129
2019,m,73,0.0678428
2019,m,74,0.07409126
2019,m,75,0.08091522
2019,m,76,0.08836768
2019,m,77,0.0964507
2019,m,78,0.1051891
2019,m,79,0.1146447
2019,m,80,0.12490166
2019,m,81,0.1360776
2019,m,82,0.14828758
2019,m,83,0.16160809
2019,m,84,0.17607733
2019,m,85,0.19164918
2019,m,86,0.20824779
2019,m,87,0.22579964
2019,m,88,0.24425792
2019,m,89,0.2636919
2019,m,90,0.28421266
2019,m,91,0.3059678
2019,m,92,0.32904879
2019,m,93,0.35330823
2019,m,94,0.3784392
2019,m,95,0.40915605
2019,m,96,0.4409115
2019,m,97,0.47515644
2019,m,98,0.51208602
2019,m,99,0.55191071
2019,m,100,0.64100411
2020,m,0,0.02403176
2020,m,1,0.00332846
2020,m,2,0.00202173
2020,m,3,0.00125252
2020,m,4,8.0802e-4
2020,m,5,5.5479e-4
2020,m,6,4.1347e-4
2020,m,7,3.396e-4
2020,m,8,3.0742e-4
2020,m,9,3.0481e-4
2020,m,10,3.2521e-4
2020,m,11,3.6565e-4
2020,m,12,4.2435e-4
2020,m,13,4.9855e-4
2020,m,14,5.8559e-4
2020,m,15,6.8141e-4
2020,m,16,7.8288e-4
2020,m,17,8.8716e-4
2020,m,18,9.9219e-4
2020,m,19,0.00109668
2020,m,20,0.00120063
2020,m,21,0.00130526
2020,m,22,0.00141182
2020,m,23,0.00152161
2020,m,24,0.00163441
2020,m,25,0.00174864
2020,m,26,0.00186187
2020,m,27,0.00197101
2020,m,28,0.00207476
2020,m,29,0.00217364
2020,m,30,0.00227067
2020,m,31,0.00237123
2020,m,32,0.00248104
2020,m,33,0.00260609
2020,m,34,0.00275162
2020,m,35,0.00292188
2020,m,36,0.00312036
2020,m,37,0.00334923
2020,m,38,0.00360947
2020,m,39,0.00389995
2020,m,40,0.00421795
2020,m,41,0.00455855
2020,m,42,0.00491772
2020,m,43,0.00529507
2020,m,44,0.00569466
2020,m,45,0.00612949
2020,m,46,0.0066157
2020,m,47,0.00717096
2020,m,48,0.0078101
2020,m,49,0.00853444
2020,m,50,0.00933673
2020,m,51,0.01019357
2020,m,52,0.01107745
2020,m,53,0.01197449
2020,m,54,0.01288254
2020,m,55,0.01383473
2020,m,56,0.01487932
2020,m,57,0.0160693
2020,m,58,0.01745812
2020,m,59,0.01906191
2020,m,60,0.02087687
2020,m,61,0.02285998
2020,m,62,0.02494536
2020,m,63,0.0270887
2020,m,64,0.02925872
2020,m,65,0.0320528
2020,m,66,0.03511371
2020,m,67,0.03846691
2020,m,68,0.04214034
2020,m,69,0.04616456
2020,m,70,0.05040609
2020,m,71,0.05501485
2020,m,72,0.06001837
2020,m,73,0.06544543
2020,m,74,0.07132599
2020,m,75,0.07769102
2020,m,76,0.08457232
2020,m,77,0.09200232
2020,m,78,0.10001377
2020,m,79,0.10863936
2020,m,80,0.11791141
2020,m,81,0.12786128
2020,m,82,0.13851891
2020,m,83,0.14991219
2020,m,84,0.16206629
2020,m,85,0.17500291
2020,m,86,0.18873959
2020,m,87,0.20328882
2020,m,88,0.2186573
2020,m,89,0.23484516
2020,m,90,0.25184516
2020,m,91,0.2696421
2020,m,92,0.2882122
2020,m,93,0.30752272
2020,m,94,0.3275317
2020,m,95,0.35280574
2020,m,96,0.37800329
2020,m,97,0.40500046
2020,m,98,0.43392579
2020,m,99,0.46491697
2020,m,100,0.54327007
2021,m,0,0.02390364
2021,m,1,0.0032592
2021,m,2,0.00209772
2021,m,3,0.00137402
2021,m,4,9.3302e-4
2021,m,5,6.7025e-4
2021,m,6,5.185e-4
2021,m,7,4.3819e-4
2021,m,8,4.0479e-4
2021,m,9,4.0641e-4
2021,m,10,4.3635e-4
2021,m,11,4.9118e-4
2021,m,12,5.6853e-4
2021,m,13,6.6443e-4
2021,m,14,7.7477e-4
2021,m,15,8.9391e-4
2021,m,16,0.00101704
2021,m,17,0.00114027
2021,m,18,0.00126085
2021,m,19,0.00137745
2021,m,20,0.00149073
2021,m,21,0.00160326
2021,m,22,0.00171803
2021,m,23,0.00183832
2021,m,24,0.00196624
2021,m,25,0.00210253
2021,m,26,0.00224684
2021,m,27,0.00239759
2021,m,28,0.00255307
2021,m,29,0.00271161
2021,m,30,0.00287206
2021,m,31,0.00303412
2021,m,32,0.00319912
2021,m,33,0.00337072
2021,m,34,0.00355513
2021,m,35,0.00376213
2021,m,36,0.00400238
2021,m,37,0.0042868
2021,m,38,0.004624
2021,m,39,0.00501606
2021,m,40,0.00546052
2021,m,41,0.0059463
2021,m,42,0.00646083
2021,m,43,0.00699666
2021,m,44,0.00755217
2021,m,45,0.00814264
2021,m,46,0.00879023
2021,m,47,0.00952219
2021,m,48,0.010366
2021,m,49,0.0113338
2021,m,50,0.01242976
2021,m,51,0.01363887
2021,m,52,0.01493684
2021,m,53,0.01630476
2021,m,54,0.0177265
2021,m,55,0.01920921
2021,m,56,0.02077222
2021,m,57,0.02244667
2021,m,58,0.02427205
2021,m,59,0.02628451
2021,m,60,0.02852157
2021,m,61,0.03101408
2021,m,62,0.03379031
2021,m,63,0.03687015
2021,m,64,0.04026666
2021,m,65,0.04316495
2021,m,66,0.04627184
2021,m,67,0.04960237
2021,m,68,0.05317261
2021,m,69,0.05699984
2021,m,70,0.06448565
2021,m,71,0.0728786
2021,m,72,0.08226786
2021,m,73,0.09274576
2021,m,74,0.10440634
2021,m,75,0.11734334
2021,m,76,0.13164773
2021,m,77,0.14740466
2021,m,78,0.16468984
2021,m,79,0.18356555
2021,m,80,0.20407612
2021,m,81,0.22624336
2021,m,82,0.25006196
2021,m,83,0.27549533
2021,m,84,0.30247216
2021,m,85,0.33088415
2021,m,86,0.36058533
2021,m,87,0.39139308
2021,m,88,0.42309133
2021,m,89,0.45543567
2021,m,90,0.4881604
2021,m,91,0.52098693
2021,m,92,0.55363321
2021,m,93,0.58582335
2021,m,94,0.61729676
2021,m,95,0.73249507
2021,m,96,0.94945781
2021,m,97,1
2021,m,98,1
2021,m,99,1
2021,m,100,1.96444076
2022,m,0,0.02377548
2022,m,1,0.00307647
2022,m,2,0.00207434
2022,m,3,0.00141939
2022,m,4,9.9819e-4
2022,m,5,7.3178e-4
2022,m,6,5.67e-4
2022,m,7,4.6939e-4
2022,m,8,4.1611e-4
2022,m,9,3.9494e-4
2022,m,10,3.9888e-4
2022,m,11,4.2524e-4
2022,m,12,4.7339e-4
2022,m,13,5.4362e-4
2022,m,14,6.3566e-4
2022,m,15,7.475e-4
2022,m,16,8.746e-4
2022,m,17,0.00100894
2022,m,18,0.00114271
2022,m,19,0.00126819
2022,m,20,0.00138297
2022,m,21,0.00148863
2022,m,22,0.00158901
2022,m,23,0.00168982
2022,m,24,0.00179332
2022,m,25,0.00189924
2022,m,26,0.00200502
2022,m,27,0.0021071
2022,m,28,0.00220488
2022,m,29,0.00230018
2022,m,30,0.00239792
2022,m,31,0.0025051
2022,m,32,0.00262818
2022,m,33,0.0027734
2022,m,34,0.00294338
2022,m,35,0.00313841
2022,m,36,0.00335662
2022,m,37,0.00359441
2022,m,38,0.00385043
2022,m,39,0.00412493
2022,m,40,0.00442098
2022,m,41,0.00474469
2022,m,42,0.00510314
2022,m,43,0.00550591
2022,m,44,0.00596096
2022,m,45,0.00647364
2022,m,46,0.00704739
2022,m,47,0.00768338
2022,m,48,0.00838071
2022,m,49,0.00913539
2022,m,50,0.00993914
2022,m,51,0.01077987
2022,m,52,0.01165003
2022,m,53,0.01254981
2022,m,54,0.01349391
2022,m,55,0.01451464
2022,m,56,0.01565275
2022,m,57,0.01695782
2022,m,58,0.0184695
2022,m,59,0.02020841
2022,m,60,0.02217136
2022,m,61,0.02431947
2022,m,62,0.02660733
2022,m,63,0.02899487
2022,m,64,0.03146211
2022,m,65,0.03441779
2022,m,66,0.03764773
2022,m,67,0.04117437
2022,m,68,0.04502788
2022,m,69,0.04924167
2022,m,70,0.05384676
2022,m,71,0.05887719
2022,m,72,0.06437025
2022,m,73,0.0703707
2022,m,74,0.07692822
2022,m,75,0.08409333
2022,m,76,0.0919212
2022,m,77,0.10036877
2022,m,78,0.10949026
2022,m,79,0.11935364
2022,m,80,0.13005743
2022,m,81,0.14173749
2022,m,82,0.15452765
2022,m,83,0.16852441
2022,m,84,0.18378252
2022,m,85,0.20026151
2022,m,86,0.21788736
2022,m,87,0.23658469
2022,m,88,0.25646521
2022,m,89,0.2776357
2022,m,90,0.30002259
2022,m,91,0.32359501
2022,m,92,0.34827139
2022,m,93,0.37410767
2022,m,94,0.40094487
2022,m,95,0.43579674
2022,m,96,0.46999753
2022,m,97,0.50631011
2022,m,98,0.5452211
2022,m,99,0.58738848
2022,m,100,0.68004011
2023,m,0,0.02359221
2023,m,1,0.00304751
2023,m,2,0.0020489
2023,m,3,0.00139635
2023,m,4,9.7742e-4
2023,m,5,7.1306e-4
2023,m,6,5.4997e-4
2023,m,7,4.5377e-4
2023,m,8,4.0182e-4
2023,m,9,3.8184e-4
2023,m,10,3.8672e-4
2023,m,11,4.1363e-4
2023,m,12,4.6181e-4
2023,m,13,5.3188e-4
2023,m,14,6.2396e-4
2023,m,15,7.3595e-4
2023,m,16,8.6307e-4
2023,m,17,9.9683e-4
2023,m,18,0.00112917
2023,m,19,0.00125216
2023,m,20,0.0013635
2023,m,21,0.00146512
2023,m,22,0.00156127
2023,m,23,0.00165786
2023,m,24,0.00175734
2023,m,25,0.00185991
2023,m,26,0.00196313
2023,m,27,0.00206337
2023,m,28,0.00215971
2023,m,29,0.00225329
2023,m,30,0.00234869
2023,m,31,0.00245279
2023,m,32,0.00257196
2023,m,33,0.00271253
2023,m,34,0.00287732
2023,m,35,0.00306671
2023,m,36,0.00327887
2023,m,37,0.00351021
2023,m,38,0.00375921
2023,m,39,0.00402592
2023,m,40,0.00431348
2023,m,41,0.00462805
2023,m,42,0.00497675
2023,m,43,0.00536829
2023,m,44,0.00580989
2023,m,45,0.00630689
2023,m,46,0.0068626
2023,m,47,0.00747791
2023,m,48,0.00815144
2023,m,49,0.00887871
2023,m,50,0.00965193
2023,m,51,0.0104603
2023,m,52,0.01129749
2023,m,53,0.01216422
2023,m,54,0.01307488
2023,m,55,0.01406069
2023,m,56,0.01516075
2023,m,57,0.01642251
2023,m,58,0.01788367
2023,m,59,0.01956416
2023,m,60,0.02146221
2023,m,61,0.0235428
2023,m,62,0.02576432
2023,m,63,0.0280875
2023,m,64,0.03049127
2023,m,65,0.0333523
2023,m,66,0.03647998
2023,m,67,0.03989769
2023,m,68,0.04363292
2023,m,69,0.04771665
2023,m,70,0.0521813
2023,m,71,0.05706231
2023,m,72,0.06239841
2023,m,73,0.06823223
2023,m,74,0.07461096
2023,m,75,0.08158609
2023,m,76,0.08921378
2023,m,77,0.09744685
2023,m,78,0.10634676
2023,m,79,0.11597972
2023,m,80,0.12643452
2023,m,81,0.13783852
2023,m,82,0.15031721
2023,m,83,0.16395156
2023,m,84,0.17878929
2023,m,85,0.19479142
2023,m,86,0.21188431
2023,m,87,0.22999211
2023,m,88,0.2491388
2023,m,89,0.26940597
2023,m,90,0.29081333
2023,m,91,0.31342538
2023,m,92,0.33725672
2023,m,93,0.36227487
2023,m,94,0.3882542
2023,m,95,0.42174974
2023,m,96,0.45523791
2023,m,97,0.49116607
2023,m,98,0.52990119
2023,m,99,0.57192716
2023,m,100,0.6649045
1950,f,0,0.09264267
1950,f,1,0.0297795
1950,f,2,0.01787143
1950,f,3,0.01092293
1950,f,4,0.00692884
1950,f,5,0.00465292
1950,f,6,0.0033656
1950,f,7,0.00265665
1950,f,8,0.00228599
1950,f,9,0.00213003
1950,f,10,0.00211431
1950,f,11,0.00219449
1950,f,12,0.00234088
1950,f,13,0.00252669
1950,f,14,0.00273586
1950,f,15,0.00295496
1950,f,16,0.00317969
1950,f,17,0.00341
1950,f,18,0.00364421
1950,f,19,0.00387895
1950,f,20,0.00410616
1950,f,21,0.00431496
1950,f,22,0.00449721
1950,f,23,0.00464785
1950,f,24,0.00477033
1950,f,25,0.004874
1950,f,26,0.00497101
1950,f,27,0.0050751
1950,f,28,0.00519424
1950,f,29,0.00533159
1950,f,30,0.00548459
1950,f,31,0.00564569
1950,f,32,0.00580843
1950,f,33,0.00596799
1950,f,34,0.0061239
1950,f,35,0.00628055
1950,f,36,0.0064435
1950,f,37,0.00661931
1950,f,38,0.0068119
1950,f,39,0.00702022
1950,f,40,0.00724013
1950,f,41,0.00746448
1950,f,42,0.00768987
1950,f,43,0.00792103
1950,f,44,0.00817012
1950,f,45,0.00846018
1950,f,46,0.00881555
1950,f,47,0.00925872
1950,f,48,0.00980579
1950,f,49,0.01045283
1950,f,50,0.01118578
1950,f,51,0.01197177
1950,f,52,0.01277594
1950,f,53,0.0135844
1950,f,54,0.01439907
1950,f,55,0.01526521
1950,f,56,0.01624417
1950,f,57,0.01740002
1950,f,58,0.01879533
1950,f,59,0.02044731
1950,f,60,0.02235088
1950,f,61,0.02445675
1950,f,62,0.02669115
1950,f,63,0.02901457
1950,f,64,0.03140984
1950,f,65,0.03447528
1950,f,66,0.03784005
1950,f,67,0.04153335
1950,f,68,0.04558744
1950,f,69,0.05003758
1950,f,70,0.05492224
1950,f,71,0.06028364
1950,f,72,0.06616817
1950,f,73,0.07262639
1950,f,74,0.07971435
1950,f,75,0.08749423
1950,f,76,0.0960342
1950,f,77,0.10464679
1950,f,78,0.11397424
1950,f,79,0.12412667
1950,f,80,0.13519599
1950,f,81,0.14722147
1950,f,82,0.16021267
1950,f,83,0.17413207
1950,f,84,0.1889033
1950,f,85,0.20440213
1950,f,86,0.22049927
1950,f,87,0.23712463
1950,f,88,0.25427732
1950,f,89,0.27213152
1950,f,90,0.2909398
1950,f,91,0.31102046
1950,f,92,0.33265219
1950,f,93,0.3558544
1950,f,94,0.380491
1950,f,95,0.41113781
1950,f,96,0.44304274
1950,f,97,0.4779367
1950,f,98,0.51610044
1950,f,99,0.55784143
1950,f,100,0.65202966
1951,f,0,0.09020372
1951,f,1,0.02835635
1951,f,2,0.0170654
1951,f,3,0.01047929
1951,f,4,0.00668922
1951,f,5,0.00452537
1951,f,6,0.00329885
1951,f,7,0.00262087
1951,f,8,0.00226247
1951,f,9,0.0021065
1951,f,10,0.00208373
1951,f,11,0.0021536
1951,f,12,0.00228944
1951,f,13,0.00246508
1951,f,14,0.00266363
1951,f,15,0.00287248
1951,f,16,0.00308766
1951,f,17,0.00330912
1951,f,18,0.00353475
1951,f,19,0.0037607
1951,f,20,0.00397936
1951,f,21,0.00418055
1951,f,22,0.00435671
1951,f,23,0.00450304
1951,f,24,0.00462272
1951,f,25,0.00472465
1951,f,26,0.00482038
1951,f,27,0.00492297
1951,f,28,0.0050401
1951,f,29,0.00517483
1951,f,30,0.00532485
1951,f,31,0.00548305
1951,f,32,0.00564335
1951,f,33,0.00580112
1951,f,34,0.00595588
1951,f,35,0.00611184
1951,f,36,0.0062743
1951,f,37,0.00644956
1951,f,38,0.00664135
1951,f,39,0.00684878
1951,f,40,0.00706832
1951,f,41,0.00729357
1951,f,42,0.0075216
1951,f,43,0.00775678
1951,f,44,0.00801041
1951,f,45,0.00830416
1951,f,46,0.00866103
1951,f,47,0.00910234
1951,f,48,0.00964351
1951,f,49,0.01028102
1951,f,50,0.01100178
1951,f,51,0.01177499
1951,f,52,0.01256795
1951,f,53,0.0133679
1951,f,54,0.01417702
1951,f,55,0.01503838
1951,f,56,0.01601052
1951,f,57,0.01715475
1951,f,58,0.01853161
1951,f,59,0.02015852
1951,f,60,0.02203138
1951,f,61,0.02410413
1951,f,62,0.02630757
1951,f,63,0.02860577
1951,f,64,0.03098403
1951,f,65,0.03402983
1951,f,66,0.03737592
1951,f,67,0.04105174
1951,f,68,0.04509185
1951,f,69,0.04953218
1951,f,70,0.0544091
1951,f,71,0.05976286
1951,f,72,0.06563792
1951,f,73,0.07208269
1951,f,74,0.0791558
1951,f,75,0.0869248
1951,f,76,0.09546339
1951,f,77,0.10407824
1951,f,78,0.11341492
1951,f,79,0.12358187
1951,f,80,0.1346673
1951,f,81,0.14671182
1951,f,82,0.15972724
1951,f,83,0.17368251
1951,f,84,0.1885084
1951,f,85,0.20407809
1951,f,86,0.22025737
1951,f,87,0.23696897
1951,f,88,0.25420414
1951,f,89,0.27213364
1951,f,90,0.29100939
1951,f,91,0.31115252
1951,f,92,0.33284668
1951,f,93,0.35613493
1951,f,94,0.38089007
1951,f,95,0.40859518
1951,f,96,0.43753161
1951,f,97,0.46846349
1951,f,98,0.50154986
1951,f,99,0.53697589
1951,f,100,0.61787701
1952,f,0,0.08742608
1952,f,1,0.02674522
1952,f,2,0.01615122
1952,f,3,0.00994669
1952,f,4,0.00636351
1952,f,5,0.0043114
1952,f,6,0.00314494
1952,f,7,0.00249834
1952,f,8,0.00215533
1952,f,9,0.00200514
1952,f,10,0.00198218
1952,f,11,0.00204806
1952,f,12,0.00217767
1952,f,13,0.00234619
1952,f,14,0.00253744
1952,f,15,0.00273933
1952,f,16,0.0029478
1952,f,17,0.00316239
1952,f,18,0.00338078
1952,f,19,0.00359904
1952,f,20,0.00380989
1952,f,21,0.00400375
1952,f,22,0.00417359
1952,f,23,0.00431509
1952,f,24,0.00443136
1952,f,25,0.00453088
1952,f,26,0.00462456
1952,f,27,0.00472476
1952,f,28,0.00483877
1952,f,29,0.0049696
1952,f,30,0.00511519
1952,f,31,0.00526901
1952,f,32,0.00542546
1952,f,33,0.00558024
1952,f,34,0.00573287
1952,f,35,0.00588723
1952,f,36,0.00604827
1952,f,37,0.00622193
1952,f,38,0.00641184
1952,f,39,0.0066174
1952,f,40,0.00683547
1952,f,41,0.00706026
1952,f,42,0.00728915
1952,f,43,0.00752643
1952,f,44,0.00778281
1952,f,45,0.00807859
1952,f,46,0.00843538
1952,f,47,0.00887329
1952,f,48,0.0094069
1952,f,49,0.01003309
1952,f,50,0.01073974
1952,f,51,0.01149811
1952,f,52,0.01227765
1952,f,53,0.01306674
1952,f,54,0.0138677
1952,f,55,0.01472153
1952,f,56,0.01568401
1952,f,57,0.0168138
1952,f,58,0.01816921
1952,f,59,0.01976783
1952,f,60,0.02160673
1952,f,61,0.02364324
1952,f,62,0.02581275
1952,f,63,0.02808248
1952,f,64,0.03043959
1952,f,65,0.03345827
1952,f,66,0.03677679
1952,f,67,0.04042458
1952,f,68,0.04443512
1952,f,69,0.04884462
1952,f,70,0.05369155
1952,f,71,0.05901831
1952,f,72,0.06487159
1952,f,73,0.07130256
1952,f,74,0.07836966
1952,f,75,0.08613846
1952,f,76,0.09468083
1952,f,77,0.10330202
1952,f,78,0.11263277
1952,f,79,0.12278055
1952,f,80,0.13383669
1952,f,81,0.14585018
1952,f,82,0.15884234
1952,f,83,0.17278927
1952,f,84,0.18762489
1952,f,85,0.20322038
1952,f,86,0.21943699
1952,f,87,0.23619012
1952,f,88,0.2534638
1952,f,89,0.27142343
1952,f,90,0.29031577
1952,f,91,0.3104602
1952,f,92,0.33214151
1952,f,93,0.35540071
1952,f,94,0.38012148
1952,f,95,0.41050099
1952,f,96,0.44090504
1952,f,97,0.47370699
1952,f,98,0.509105
1952,f,99,0.54731857
1952,f,100,0.63385374
1953,f,0,0.08446994
1953,f,1,0.02511664
1953,f,2,0.01517809
1953,f,3,0.00933679
1953,f,4,0.00595615
1953,f,5,0.00401781
1953,f,6,0.00291555
1953,f,7,0.00230572
1953,f,8,0.00198569
1953,f,9,0.00185058
1953,f,10,0.00183689
1953,f,11,0.00190687
1953,f,12,0.00203532
1953,f,13,0.00219964
1953,f,14,0.00238611
1953,f,15,0.00258289
1953,f,16,0.00278565
1953,f,17,0.00299341
1953,f,18,0.00320407
1953,f,19,0.00341418
1953,f,20,0.00361674
1953,f,21,0.00380264
1953,f,22,0.00396522
1953,f,23,0.00410052
1953,f,24,0.00421171
1953,f,25,0.00430688
1953,f,26,0.00439643
1953,f,27,0.00449215
1953,f,28,0.00460106
1953,f,29,0.00472611
1953,f,30,0.00486552
1953,f,31,0.00501325
1953,f,32,0.00516412
1953,f,33,0.00531417
1953,f,34,0.00546299
1953,f,35,0.00561412
1953,f,36,0.00577217
1953,f,37,0.00594269
1953,f,38,0.00612936
1953,f,39,0.00633196
1953,f,40,0.00654781
1953,f,41,0.00677177
1953,f,42,0.00700157
1953,f,43,0.00724127
1953,f,44,0.00750087
1953,f,45,0.00779914
1953,f,46,0.00815612
1953,f,47,0.0085906
1953,f,48,0.00911624
1953,f,49,0.00973034
1953,f,50,0.01042181
1953,f,51,0.01116414
1953,f,52,0.01192916
1953,f,53,0.01270621
1953,f,54,0.01349787
1953,f,55,0.01434313
1953,f,56,0.01529511
1953,f,57,0.01640984
1953,f,58,0.01774265
1953,f,59,0.01931087
1953,f,60,0.0211132
1953,f,61,0.02311111
1953,f,62,0.02524557
1953,f,63,0.02748659
1953,f,64,0.02982287
1953,f,65,0.03282062
1953,f,66,0.03611981
1953,f,67,0.03975065
1953,f,68,0.04374642
1953,f,69,0.04814387
1953,f,70,0.05298349
1953,f,71,0.05830988
1953,f,72,0.06417209
1953,f,73,0.07062391
1953,f,74,0.07772444
1953,f,75,0.08553894
1953,f,76,0.09413918
1953,f,77,0.10279804
1953,f,78,0.11215663
1953,f,79,0.12231967
1953,f,80,0.13338214
1953,f,81,0.1454016
1953,f,82,0.15840898
1953,f,83,0.1723838
1953,f,84,0.18726133
1953,f,85,0.20291373
1953,f,86,0.21920069
1953,f,87,0.23603315
1953,f,88,0.25338875
1953,f,89,0.27142519
1953,f,90,0.2903824
1953,f,91,0.31057696
1953,f,92,0.33229452
1953,f,93,0.35557836
1953,f,94,0.38032792
1953,f,95,0.4084201
1953,f,96,0.43758097
1953,f,97,0.46882367
1953,f,98,0.50229684
1953,f,99,0.53815983
1953,f,100,0.6198335
1954,f,0,0.08155518
1954,f,1,0.02372972
1954,f,2,0.01436861
1954,f,3,0.00885571
1954,f,4,0.00565895
1954,f,5,0.00382275
1954,f,6,0.00277695
1954,f,7,0.00219759
1954,f,8,0.00189321
1954,f,9,0.00176457
1954,f,10,0.00175154
1954,f,11,0.00181843
1954,f,12,0.00194144
1954,f,13,0.00209928
1954,f,14,0.00227893
1954,f,15,0.00246906
1954,f,16,0.00266528
1954,f,17,0.00286634
1954,f,18,0.00306998
1954,f,19,0.00327271
1954,f,20,0.00346786
1954,f,21,0.00364686
1954,f,22,0.00380347
1954,f,23,0.00393412
1954,f,24,0.00404189
1954,f,25,0.00413445
1954,f,26,0.00422173
1954,f,27,0.00431491
1954,f,28,0.00442071
1954,f,29,0.00454207
1954,f,30,0.00467743
1954,f,31,0.00482124
1954,f,32,0.00496871
1954,f,33,0.00511616
1954,f,34,0.00526319
1954,f,35,0.00541306
1954,f,36,0.00557008
1954,f,37,0.00573951
1954,f,38,0.00592496
1954,f,39,0.00612652
1954,f,40,0.00634198
1954,f,41,0.0065669
1954,f,42,0.00679942
1954,f,43,0.00704342
1954,f,44,0.00730825
1954,f,45,0.00761127
1954,f,46,0.0079711
1954,f,47,0.00840527
1954,f,48,0.0089266
1954,f,49,0.0095328
1954,f,50,0.01021374
1954,f,51,0.01094506
1954,f,52,0.01170086
1954,f,53,0.01247158
1954,f,54,0.01326008
1954,f,55,0.01410338
1954,f,56,0.01505191
1954,f,57,0.01615911
1954,f,58,0.017478
1954,f,59,0.01902601
1954,f,60,0.0208033
1954,f,61,0.02277506
1954,f,62,0.02488741
1954,f,63,0.02711361
1954,f,64,0.02944444
1954,f,65,0.03241663
1954,f,66,0.03568895
1954,f,67,0.03929163
1954,f,68,0.04325801
1954,f,69,0.04762486
1954,f,70,0.05243264
1954,f,71,0.05772594
1954,f,72,0.06355381
1954,f,73,0.0699702
1954,f,74,0.07703448
1954,f,75,0.0848121
1954,f,76,0.09337512
1954,f,77,0.10203417
1954,f,78,0.11138806
1954,f,79,0.12153927
1954,f,80,0.13258332
1954,f,81,0.14458363
1954,f,82,0.1575782
1954,f,83,0.17155271
1954,f,84,0.18644726
1954,f,85,0.20213395
1954,f,86,0.21846996
1954,f,87,0.23536061
1954,f,88,0.25277655
1954,f,89,0.27086904
1954,f,90,0.2898723
1954,f,91,0.31010024
1954,f,92,0.33183861
1954,f,93,0.35513699
1954,f,94,0.37990509
1954,f,95,0.40946774
1954,f,96,0.4402718
1954,f,97,0.47365186
1954,f,98,0.50982343
1954,f,99,0.54901998
1954,f,100,0.63779338
1955,f,0,0.07873826
1955,f,1,0.02252835
1955,f,2,0.0136748
1955,f,3,0.00845487
1955,f,4,0.00542258
1955,f,5,0.0036773
1955,f,6,0.00268145
1955,f,7,0.00212867
1955,f,8,0.00183722
1955,f,9,0.00171285
1955,f,10,0.00169875
1955,f,11,0.0017614
1955,f,12,0.00187856
1955,f,13,0.00202983
1955,f,14,0.00220246
1955,f,15,0.00238567
1955,f,16,0.00257524
1955,f,17,0.00276977
1955,f,18,0.00296667
1955,f,19,0.00316223
1955,f,20,0.00335021
1955,f,21,0.00352266
1955,f,22,0.00367393
1955,f,23,0.00380068
1955,f,24,0.00390569
1955,f,25,0.00399631
1955,f,26,0.00408195
1955,f,27,0.00417328
1955,f,28,0.00427676
1955,f,29,0.00439529
1955,f,30,0.00452751
1955,f,31,0.00466826
1955,f,32,0.00481305
1955,f,33,0.00495837
1955,f,34,0.00510383
1955,f,35,0.0052525
1955,f,36,0.00540848
1955,f,37,0.00557681
1955,f,38,0.00576064
1955,f,39,0.00596025
1955,f,40,0.00617441
1955,f,41,0.00639983
1955,f,42,0.00663553
1955,f,43,0.0068851
1955,f,44,0.00715674
1955,f,45,0.00746644
1955,f,46,0.00783143
1955,f,47,0.008268
1955,f,48,0.00878824
1955,f,49,0.00939029
1955,f,50,0.01006494
1955,f,51,0.01078974
1955,f,52,0.01154089
1955,f,53,0.01230984
1955,f,54,0.01309977
1955,f,55,0.01394599
1955,f,56,0.0148966
1955,f,57,0.01600279
1955,f,58,0.01731594
1955,f,59,0.01885383
1955,f,60,0.02061752
1955,f,61,0.02257534
1955,f,62,0.02467777
1955,f,63,0.02690129
1955,f,64,0.02923922
1955,f,65,0.03218869
1955,f,66,0.03543603
1955,f,67,0.0390114
1955,f,68,0.04294905
1955,f,69,0.0472855
1955,f,70,0.05205941
1955,f,71,0.05731345
1955,f,72,0.06309478
1955,f,73,0.06945595
1955,f,74,0.07645702
1955,f,75,0.08416454
1955,f,76,0.09265161
1955,f,77,0.10130074
1955,f,78,0.1106425
1955,f,79,0.12077646
1955,f,80,0.131798
1955,f,81,0.14377595
1955,f,82,0.156755
1955,f,83,0.17072747
1955,f,84,0.18563911
1955,f,85,0.20136156
1955,f,86,0.21774894
1955,f,87,0.23470041
1955,f,88,0.25217946
1955,f,89,0.27033169
1955,f,90,0.28938664
1955,f,91,0.30965685
1955,f,92,0.33142907
1955,f,93,0.35475762
1955,f,94,0.37956086
1955,f,95,0.408031
1955,f,96,0.43742866
1955,f,97,0.46894818
1955,f,98,0.5027519
1955,f,99,0.53900916
1955,f,100,0.62143832
1956,f,0,0.07583452
1956,f,1,0.02110951
1956,f,2,0.01283312
1956,f,3,0.00794097
1956,f,4,0.00509361
1956,f,5,0.00345236
1956,f,6,0.00251467
1956,f,7,0.00199366
1956,f,8,0.00171897
1956,f,9,0.00160213
1956,f,10,0.00158962
1956,f,11,0.00164984
1956,f,12,0.00176183
1956,f,13,0.00190652
1956,f,14,0.00207205
1956,f,15,0.00224814
1956,f,16,0.00243057
1956,f,17,0.00261769
1956,f,18,0.00280684
1956,f,19,0.00299436
1956,f,20,0.0031743
1956,f,21,0.00333926
1956,f,22,0.00348401
1956,f,23,0.00360553
1956,f,24,0.00370653
1956,f,25,0.00379394
1956,f,26,0.00387668
1956,f,27,0.00396477
1956,f,28,0.00406434
1956,f,29,0.00417822
1956,f,30,0.00430531
1956,f,31,0.00444099
1956,f,32,0.0045812
1956,f,33,0.00472274
1956,f,34,0.00486517
1956,f,35,0.0050113
1956,f,36,0.0051649
1956,f,37,0.0053307
1956,f,38,0.00551178
1956,f,39,0.00570867
1956,f,40,0.00592059
1956,f,41,0.00614488
1956,f,42,0.00638091
1956,f,43,0.00663212
1956,f,44,0.00690608
1956,f,45,0.00721738
1956,f,46,0.0075818
1956,f,47,0.00801432
1956,f,48,0.00852609
1956,f,49,0.00911559
1956,f,50,0.00977461
1956,f,51,0.01048289
1956,f,52,0.01121897
1956,f,53,0.01197549
1956,f,54,0.01275587
1956,f,55,0.01359332
1956,f,56,0.01453307
1956,f,57,0.01562342
1956,f,58,0.0169131
1956,f,59,0.01841979
1956,f,60,0.02014585
1956,f,61,0.02206335
1956,f,62,0.02412793
1956,f,63,0.02631942
1956,f,64,0.02863329
1956,f,65,0.03155058
1956,f,66,0.03476514
1956,f,67,0.03830726
1956,f,68,0.0422104
1956,f,69,0.04651135
1956,f,70,0.05125051
1956,f,71,0.0564724
1956,f,72,0.0622261
1956,f,73,0.06856587
1956,f,74,0.07555162
1956,f,75,0.08324924
1956,f,76,0.09173134
1956,f,77,0.10037989
1956,f,78,0.1097134
1956,f,79,0.11983018
1956,f,80,0.13082688
1956,f,81,0.14277876
1956,f,82,0.15573814
1956,f,83,0.16970293
1956,f,84,0.18462261
1956,f,85,0.20036832
1956,f,86,0.21679112
1956,f,87,0.23378425
1956,f,88,0.25130405
1956,f,89,0.26949002
1956,f,90,0.28856672
1956,f,91,0.3088454
1956,f,92,0.33061451
1956,f,93,0.35393705
1956,f,94,0.3787432
1956,f,95,0.41243893
1956,f,96,0.44538498
1956,f,97,0.48142781
1956,f,98,0.52085933
1956,f,99,0.56399837
1956,f,100,0.66029358
1957,f,0,0.07315382
1957,f,1,0.01987941
1957,f,2,0.01209774
1957,f,3,0.00749263
1957,f,4,0.00480945
1957,f,5,0.00326133
1957,f,6,0.00237613
1957,f,7,0.00188397
1957,f,8,0.00162446
1957,f,9,0.00151423
1957,f,10,0.00150279
1957,f,11,0.00156041
1957,f,12,0.00166737
1957,f,13,0.00180584
1957,f,14,0.00196466
1957,f,15,0.00213404
1957,f,16,0.00230974
1957,f,17,0.00248992
1957,f,18,0.00267184
1957,f,19,0.00285188
1957,f,20,0.00302437
1957,f,21,0.00318238
1957,f,22,0.00332109
1957,f,23,0.00343774
1957,f,24,0.00353497
1957,f,25,0.00361936
1957,f,26,0.00369933
1957,f,27,0.00378438
1957,f,28,0.00388035
1957,f,29,0.00399
1957,f,30,0.00411246
1957,f,31,0.0042435
1957,f,32,0.00437943
1957,f,33,0.0045173
1957,f,34,0.00465671
1957,f,35,0.00480025
1957,f,36,0.00495144
1957,f,37,0.00511473
1957,f,38,0.00529312
1957,f,39,0.0054874
1957,f,40,0.00569713
1957,f,41,0.00592023
1957,f,42,0.00615639
1957,f,43,0.00640891
1957,f,44,0.0066848
1957,f,45,0.00699737
1957,f,46,0.0073611
1957,f,47,0.00778973
1957,f,48,0.0082936
1957,f,49,0.00887149
1957,f,50,0.00951606
1957,f,51,0.01020904
1957,f,52,0.01093109
1957,f,53,0.01167591
1957,f,54,0.01244721
1957,f,55,0.01327627
1957,f,56,0.01420568
1957,f,57,0.01528112
1957,f,58,0.01654883
1957,f,59,0.0180264
1957,f,60,0.01971732
1957,f,61,0.02159706
1957,f,62,0.02362599
1957,f,63,0.02578702
1957,f,64,0.02807759
1957,f,65,0.03096326
1957,f,66,0.03414553
1957,f,67,0.03765489
1957,f,68,0.04152501
1957,f,69,0.04579297
1957,f,70,0.05049958
1957,f,71,0.05568985
1957,f,72,0.06141341
1957,f,73,0.06772516
1957,f,74,0.07468567
1957,f,75,0.08236164
1957,f,76,0.09082663
1957,f,77,0.09946564
1957,f,78,0.10878489
1957,f,79,0.11888069
1957,f,80,0.12985031
1957,f,81,0.14177447
1957,f,82,0.15471199
1957,f,83,0.16866603
1957,f,84,0.18358971
1957,f,85,0.19935281
1957,f,86,0.2158027
1957,f,87,0.23282657
1957,f,88,0.25037434
1957,f,89,0.26858173
1957,f,90,0.28767121
1957,f,91,0.30795547
1957,f,92,0.32972630000000003
1957,f,93,0.35305206
1957,f,94,0.37786960000000003
1957,f,95,0.40771312
1957,f,96,0.43821805
1957,f,97,0.47115591
1957,f,98,0.50672109
1957,f,99,0.54512324
1957,f,100,0.63220453
1958,f,0,0.07066955
1958,f,1,0.01874422
1958,f,2,0.01143342
1958,f,3,0.00709553
1958,f,4,0.00456191
1958,f,5,0.00309688
1958,f,6,0.00225762
1958,f,7,0.00179029
1958,f,8,0.0015437
1958,f,9,0.00143903
1958,f,10,0.00142844
1958,f,11,0.00148376
1958,f,12,0.00158635
1958,f,13,0.0017195
1958,f,14,0.00187276
1958,f,15,0.00203673
1958,f,16,0.00220712
1958,f,17,0.00238177
1958,f,18,0.00255782
1958,f,19,0.00273161
1958,f,20,0.00289774
1958,f,21,0.00304973
1958,f,22,0.00318315
1958,f,23,0.00329555
1958,f,24,0.00338951
1958,f,25,0.00347132
1958,f,26,0.00354898
1958,f,27,0.00363149
1958,f,28,0.00372443
1958,f,29,0.00383048
1958,f,30,0.00394892
1958,f,31,0.00407591
1958,f,32,0.00420809
1958,f,33,0.00434273
1958,f,34,0.00447948
1958,f,35,0.00462074
1958,f,36,0.0047698
1958,f,37,0.00493089
1958,f,38,0.00510694
1958,f,39,0.00529891
1958,f,40,0.0055067
1958,f,41,0.00572867
1958,f,42,0.00596482
1958,f,43,0.00621834
1958,f,44,0.00649577
1958,f,45,0.00680938
1958,f,46,0.00717252
1958,f,47,0.00759789
1958,f,48,0.0080951
1958,f,49,0.00866319
1958,f,50,0.00929554
1958,f,51,0.00997557
1958,f,52,0.01068574
1958,f,53,0.01142068
1958,f,54,0.01218432
1958,f,55,0.01300636
1958,f,56,0.01392716
1958,f,57,0.01499016
1958,f,58,0.01623946
1958,f,59,0.01769256
1958,f,60,0.0193539
1958,f,61,0.02120185
1958,f,62,0.02320081
1958,f,63,0.0253363
1958,f,64,0.02760758
1958,f,65,0.03046361
1958,f,66,0.0336151
1958,f,67,0.03709262
1958,f,68,0.04092989
1958,f,69,0.04516413
1958,f,70,0.04983641
1958,f,71,0.05499204
1958,f,72,0.06068102
1958,f,73,0.06695854
1958,f,74,0.07388547
1958,f,75,0.081529
1958,f,76,0.08996326
1958,f,77,0.09858922
1958,f,78,0.1078914
1958,f,79,0.11796387
1958,f,80,0.12890422
1958,f,81,0.14079787
1958,f,82,0.1537095
1958,f,83,0.16764755
1958,f,84,0.18256935
1958,f,85,0.19834519
1958,f,86,0.21482079
1958,f,87,0.23187873
1958,f,88,0.24946275
1958,f,89,0.26770214
1958,f,90,0.28681332
1958,f,91,0.30710569
1958,f,92,0.3288707
1958,f,93,0.35218382
1958,f,94,0.3769936
1958,f,95,0.40569841
1958,f,96,0.43529088
1958,f,97,0.46704189
1958,f,98,0.50110888
1958,f,99,0.53766079
1958,f,100,0.62095074
1959,f,0,0.06842056
1959,f,1,0.01774148
1959,f,2,0.01085162
1959,f,3,0.00675237
1959,f,4,0.00435172
1959,f,5,0.00296011
1959,f,6,0.00216111
1959,f,7,0.00171526
1959,f,8,0.00147945
1959,f,9,0.00137892
1959,f,10,0.0013683
1959,f,11,0.0014209
1959,f,12,0.00151915
1959,f,13,0.00164729
1959,f,14,0.00179538
1959,f,15,0.0019544
1959,f,16,0.00212001
1959,f,17,0.0022898
1959,f,18,0.00246074
1959,f,19,0.00262907
1959,f,20,0.00278961
1959,f,21,0.00293628
1959,f,22,0.00306502
1959,f,23,0.00317369
1959,f,24,0.00326484
1959,f,25,0.0033445
1959,f,26,0.00342027
1959,f,27,0.00350069
1959,f,28,0.00359108
1959,f,29,0.00369408
1959,f,30,0.00380911
1959,f,31,0.00393264
1959,f,32,0.00406159
1959,f,33,0.00419344
1959,f,34,0.00432787
1959,f,35,0.00446713
1959,f,36,0.00461434
1959,f,37,0.00477348
1959,f,38,0.00494744
1959,f,39,0.00513733
1959,f,40,0.00534331
1959,f,41,0.00556418
1959,f,42,0.00580015
1959,f,43,0.00605436
1959,f,44,0.00633296
1959,f,45,0.0066473
1959,f,46,0.00700975
1959,f,47,0.00743213
1959,f,48,0.00792338
1959,f,49,0.00848276
1959,f,50,0.0091043
1959,f,51,0.00977285
1959,f,52,0.01047246
1959,f,53,0.01119857
1959,f,54,0.01195534
1959,f,55,0.01277106
1959,f,56,0.01368414
1959,f,57,0.01473603
1959,f,58,0.01596897
1959,f,59,0.01740034
1959,f,60,0.01903541
1959,f,61,0.02085507
1959,f,62,0.02282724
1959,f,63,0.02493977
1959,f,64,0.02719349
1959,f,65,0.03001572
1959,f,66,0.03313087
1959,f,67,0.03656932
1959,f,68,0.04036463
1959,f,69,0.04455386
1959,f,70,0.04917787
1959,f,71,0.05428178
1959,f,72,0.0599154
1959,f,73,0.06613368
1959,f,74,0.07299734
1959,f,75,0.08057335
1959,f,76,0.08893565
1959,f,77,0.09752305
1959,f,78,0.10677887
1959,f,79,0.116796
1959,f,80,0.12767376
1959,f,81,0.13950467
1959,f,82,0.15236124
1959,f,83,0.16625716
1959,f,84,0.181152
1959,f,85,0.19691037
1959,f,86,0.21336942
1959,f,87,0.23040252
1959,f,88,0.24794631
1959,f,89,0.26613269
1959,f,90,0.28518531
1959,f,91,0.30542662
1959,f,92,0.32716073
1959,f,93,0.35046595
1959,f,94,0.3752877
1959,f,95,0.40421818
1959,f,96,0.43422422
1959,f,97,0.46655025
1959,f,98,0.50137578
1959,f,99,0.53889414
1959,f,100,0.62449565
1960,f,0,0.06643963
1960,f,1,0.01674226
1960,f,2,0.01024909
1960,f,3,0.00639056
1960,f,4,0.00413133
1960,f,5,0.00282113
1960,f,6,0.00206828
1960,f,7,0.00164721
1960,f,8,0.00142274
1960,f,9,0.00132472
1960,f,10,0.00131115
1960,f,11,0.00135767
1960,f,12,0.00144846
1960,f,13,0.00156858
1960,f,14,0.00170809
1960,f,15,0.00185853
1960,f,16,0.0020158
1960,f,17,0.00217747
1960,f,18,0.00234034
1960,f,19,0.0025005
1960,f,20,0.00265302
1960,f,21,0.00279228
1960,f,22,0.00291454
1960,f,23,0.00301809
1960,f,24,0.00310546
1960,f,25,0.00318224
1960,f,26,0.00325544
1960,f,27,0.00333299
1960,f,28,0.00341992
1960,f,29,0.00351886
1960,f,30,0.00362931
1960,f,31,0.00374807
1960,f,32,0.00387229
1960,f,33,0.00399968
1960,f,34,0.00412997
1960,f,35,0.00426524
1960,f,36,0.00440835
1960,f,37,0.00456305
1960,f,38,0.00473211
1960,f,39,0.00491675
1960,f,40,0.00511738
1960,f,41,0.00533316
1960,f,42,0.00556453
1960,f,43,0.00581449
1960,f,44,0.00608873
1960,f,45,0.00639762
1960,f,46,0.00675249
1960,f,47,0.00716415
1960,f,48,0.00764081
1960,f,49,0.0081819
1960,f,50,0.00878214
1960,f,51,0.00942792
1960,f,52,0.01010499
1960,f,53,0.01080957
1960,f,54,0.01154597
1960,f,55,0.01234066
1960,f,56,0.01322955
1960,f,57,0.01425151
1960,f,58,0.01544631
1960,f,59,0.01683094
1960,f,60,0.0184113
1960,f,61,0.02017089
1960,f,62,0.02208137
1960,f,63,0.02413283
1960,f,64,0.02632741
1960,f,65,0.02911461
1960,f,66,0.03219714
1960,f,67,0.0356063
1960,f,68,0.03937689
1960,f,69,0.04354722
1960,f,70,0.04815933
1960,f,71,0.05325973
1960,f,72,0.05889992
1960,f,73,0.06513707
1960,f,74,0.07203476
1960,f,75,0.07966326
1960,f,76,0.08810028
1960,f,77,0.09668412
1960,f,78,0.10593615
1960,f,79,0.11594754
1960,f,80,0.12681622
1960,f,81,0.13863608
1960,f,82,0.15148183
1960,f,83,0.16537058
1960,f,84,0.18026538
1960,f,85,0.19603099
1960,f,86,0.21250311
1960,f,87,0.22955122
1960,f,88,0.24710467
1960,f,89,0.26528823
1960,f,90,0.28432145
1960,f,91,0.30452572
1960,f,92,0.32620839
1960,f,93,0.34945969
1960,f,94,0.37424322
1960,f,95,0.40411471
1960,f,96,0.43434403
1960,f,97,0.46692455
1960,f,98,0.50203995
1960,f,99,0.53988777
1960,f,100,0.62610338
1961,f,0,0.064643
1961,f,1,0.01607809
1961,f,2,0.00985786
1961,f,3,0.00615342
1961,f,4,0.00397959
1961,f,5,0.00271596
1961,f,6,0.00198841
1961,f,7,0.00158182
1961,f,8,0.00136634
1961,f,9,0.00127344
1961,f,10,0.00126242
1961,f,11,0.00130955
1961,f,12,0.00139925
1961,f,13,0.00151724
1961,f,14,0.00165421
1961,f,15,0.00180187
1961,f,16,0.00195602
1961,f,17,0.00211401
1961,f,18,0.0022733
1961,f,19,0.00243049
1961,f,20,0.0025804
1961,f,21,0.00271728
1961,f,22,0.00283721
1961,f,23,0.00293848
1961,f,24,0.00302383
1961,f,25,0.00309876
1961,f,26,0.00317019
1961,f,27,0.00324584
1961,f,28,0.00333057
1961,f,29,0.00342687
1961,f,30,0.0035344
1961,f,31,0.00365027
1961,f,32,0.00377189
1961,f,33,0.00389714
1961,f,34,0.00402577
1961,f,35,0.00415972
1961,f,36,0.0043017
1961,f,37,0.00445529
1961,f,38,0.0046232
1961,f,39,0.00480677
1961,f,40,0.00500665
1961,f,41,0.00522237
1961,f,42,0.00545462
1961,f,43,0.00570639
1961,f,44,0.00598307
1961,f,45,0.00629419
1961,f,46,0.00665017
1961,f,47,0.00706098
1961,f,48,0.00753421
1961,f,49,0.00806949
1961,f,50,0.00866208
1961,f,51,0.0092997
1961,f,52,0.0099695
1961,f,53,0.0106684
1961,f,54,0.01140095
1961,f,55,0.01219253
1961,f,56,0.01307753
1961,f,57,0.01409319
1961,f,58,0.01527777
1961,f,59,0.01664822
1961,f,60,0.0182112
1961,f,61,0.01995243
1961,f,62,0.02184668
1961,f,63,0.02388637
1961,f,64,0.02607523
1961,f,65,0.02884356
1961,f,66,0.0319062
1961,f,67,0.03529425
1961,f,68,0.03904289
1961,f,69,0.04319062
1961,f,70,0.04777904
1961,f,71,0.05285425
1961,f,72,0.05846734
1961,f,73,0.06467521
1961,f,74,0.0715417
1961,f,75,0.07913742
1961,f,76,0.08754045
1961,f,77,0.09611788
1961,f,78,0.10536315
1961,f,79,0.11536581
1961,f,80,0.12622238
1961,f,81,0.13802849
1961,f,82,0.15086145
1961,f,83,0.16474309
1961,f,84,0.17964145
1961,f,85,0.19542146
1961,f,86,0.21191737
1961,f,87,0.22899522
1961,f,88,0.24657831
1961,f,89,0.26478688
1961,f,90,0.2838387
1961,f,91,0.30405548
1961,f,92,0.3257466
1961,f,93,0.34900589
1961,f,94,0.37380198
1961,f,95,0.4079589
1961,f,96,0.44057847
1961,f,97,0.47615641
1961,f,98,0.51496012
1961,f,99,0.55728107
1961,f,100,0.65221357
1962,f,0,0.06304837
1962,f,1,0.01542174
1962,f,2,0.0094657
1962,f,3,0.00591775
1962,f,4,0.00383464
1962,f,5,0.00262283
1962,f,6,0.00192437
1962,f,7,0.00153314
1962,f,8,0.0013249
1962,f,9,0.00123437
1962,f,10,0.00122267
1962,f,11,0.0012672
1962,f,12,0.00135318
1962,f,13,0.00146693
1962,f,14,0.00159945
1962,f,15,0.00174277
1962,f,16,0.00189271
1962,f,17,0.00204653
1962,f,18,0.00220162
1962,f,19,0.00235456
1962,f,20,0.00250029
1962,f,21,0.00263331
1962,f,22,0.00274991
1962,f,23,0.00284854
1962,f,24,0.0029319
1962,f,25,0.00300528
1962,f,26,0.0030753
1962,f,27,0.00314937
1962,f,28,0.00323217
1962,f,29,0.00332615
1962,f,30,0.00343108
1962,f,31,0.00354432
1962,f,32,0.00366349
1962,f,33,0.00378665
1962,f,34,0.00391357
1962,f,35,0.00404606
1962,f,36,0.00418669
1962,f,37,0.00433883
1962,f,38,0.00450514
1962,f,39,0.00468707
1962,f,40,0.00488547
1962,f,41,0.0051002
1962,f,42,0.00533216
1962,f,43,0.0055843
1962,f,44,0.00586173
1962,f,45,0.00617328
1962,f,46,0.00652862
1962,f,47,0.00693695
1962,f,48,0.00740534
1962,f,49,0.00793353
1962,f,50,0.00851726
1962,f,51,0.00914539
1962,f,52,0.00980632
1962,f,53,0.01049764
1962,f,54,0.0112241
1962,f,55,0.01201001
1962,f,56,0.01288823
1962,f,57,0.01389446
1962,f,58,0.01506541
1962,f,59,0.0164179
1962,f,60,0.01795918
1962,f,61,0.01967692
1962,f,62,0.02154857
1962,f,63,0.0235684
1962,f,64,0.02574144
1962,f,65,0.02848731
1962,f,66,0.03152664
1962,f,67,0.03489055
1962,f,68,0.03861468
1962,f,69,0.04273769
1962,f,70,0.04730081
1962,f,71,0.05234982
1962,f,72,0.05793555
1962,f,73,0.06411508
1962,f,74,0.07095313
1962,f,75,0.07852114
1962,f,76,0.08689811
1962,f,77,0.09545975
1962,f,78,0.10468977
1962,f,79,0.11467696
1962,f,80,0.12551611
1962,f,81,0.13730394
1962,f,82,0.15011957
1962,f,83,0.16398845
1962,f,84,0.17888257
1962,f,85,0.19466663
1962,f,86,0.21117323
1962,f,87,0.22826496
1962,f,88,0.2458628
1962,f,89,0.26408452
1962,f,90,0.2831439
1962,f,91,0.30336074
1962,f,92,0.3250441
1962,f,93,0.34829166
1962,f,94,0.37307949
1962,f,95,0.40430838
1962,f,96,0.43523681
1962,f,97,0.46868373
1962,f,98,0.5048523
1962,f,99,0.54396121
1962,f,100,0.63273581
1963,f,0,0.06144995
1963,f,1,0.01488799
1963,f,2,0.00915394
1963,f,3,0.00572542
1963,f,4,0.00370727
1963,f,5,0.00253148
1963,f,6,0.0018533
1963,f,7,0.00147342
1963,f,8,0.00127178
1963,f,9,0.00118525
1963,f,10,0.00117577
1963,f,11,0.00122119
1963,f,12,0.00130706
1963,f,13,0.00142045
1963,f,14,0.00155295
1963,f,15,0.00169665
1963,f,16,0.00184721
1963,f,17,0.00200153
1963,f,18,0.00215638
1963,f,19,0.00230799
1963,f,20,0.0024517
1963,f,21,0.00258252
1963,f,22,0.00269731
1963,f,23,0.00279477
1963,f,24,0.00287738
1963,f,25,0.00295033
1963,f,26,0.00302005
1963,f,27,0.00309369
1963,f,28,0.00317586
1963,f,29,0.00326903
1963,f,30,0.00337309
1963,f,31,0.00348561
1963,f,32,0.00360437
1963,f,33,0.00372757
1963,f,34,0.00385501
1963,f,35,0.00398841
1963,f,36,0.00413028
1963,f,37,0.00428388
1963,f,38,0.00445187
1963,f,39,0.00463583
1963,f,40,0.00483677
1963,f,41,0.00505486
1963,f,42,0.00529118
1963,f,43,0.00554871
1963,f,44,0.00583247
1963,f,45,0.0061509
1963,f,46,0.00651323
1963,f,47,0.00692825
1963,f,48,0.00740274
1963,f,49,0.00793649
1963,f,50,0.00852554
1963,f,51,0.00915943
1963,f,52,0.00982733
1963,f,53,0.01052736
1963,f,54,0.0112646
1963,f,55,0.012063
1963,f,56,0.01295485
1963,f,57,0.01397526
1963,f,58,0.01516048
1963,f,59,0.01652755
1963,f,60,0.01808435
1963,f,61,0.01981989
1963,f,62,0.02171348
1963,f,63,0.0237606
1963,f,64,0.02596743
1963,f,65,0.02868762
1963,f,66,0.03169287
1963,f,67,0.03501302
1963,f,68,0.0386813
1963,f,69,0.04273426
1963,f,70,0.04721181
1963,f,71,0.0521581
1963,f,72,0.05762193
1963,f,73,0.06365753
1963,f,74,0.07032519
1963,f,75,0.07769141
1963,f,76,0.08582962
1963,f,77,0.0943045
1963,f,78,0.10342869
1963,f,79,0.11329159
1963,f,80,0.1239964
1963,f,81,0.13565542
1963,f,82,0.14836334
1963,f,83,0.16214995
1963,f,84,0.17698272
1963,f,85,0.19270972
1963,f,86,0.20914276
1963,f,87,0.22612785
1963,f,88,0.24358155
1963,f,89,0.26164553
1963,f,90,0.28056701
1963,f,91,0.30070905
1963,f,92,0.32241373
1963,f,93,0.34576098
1963,f,94,0.37067722
1963,f,95,0.40225456
1963,f,96,0.43420322
1963,f,97,0.46903497
1963,f,98,0.5070093
1963,f,99,0.54840852
1963,f,100,0.64235135
1964,f,0,0.06028645
1964,f,1,0.01450671
1964,f,2,0.00894111
1964,f,3,0.00561537
1964,f,4,0.0036564
1964,f,5,0.00251319
1964,f,6,0.00185206
1964,f,7,0.00147954
1964,f,8,0.00127929
1964,f,9,0.00119078
1964,f,10,0.00117753
1964,f,11,0.00121842
1964,f,12,0.00129981
1964,f,13,0.00140889
1964,f,14,0.00153707
1964,f,15,0.00167674
1964,f,16,0.00182367
1964,f,17,0.00197474
1964,f,18,0.00212679
1964,f,19,0.00227594
1964,f,20,0.00241746
1964,f,21,0.00254639
1964,f,22,0.00265954
1964,f,23,0.00275575
1964,f,24,0.00283759
1964,f,25,0.00291011
1964,f,26,0.00297952
1964,f,27,0.00305275
1964,f,28,0.00313429
1964,f,29,0.00322656
1964,f,30,0.00332953
1964,f,31,0.00344092
1964,f,32,0.00355869
1964,f,33,0.00368115
1964,f,34,0.00380814
1964,f,35,0.0039413
1964,f,36,0.00408298
1964,f,37,0.00423633
1964,f,38,0.00440392
1964,f,39,0.00458744
1964,f,40,0.00478807
1964,f,41,0.00500625
1964,f,42,0.00524327
1964,f,43,0.00550209
1964,f,44,0.0057875
1964,f,45,0.00610742
1964,f,46,0.00647048
1964,f,47,0.00688489
1964,f,48,0.00735694
1964,f,49,0.00788655
1964,f,50,0.00847014
1964,f,51,0.0090982
1964,f,52,0.00976092
1964,f,53,0.01045698
1964,f,54,0.01119164
1964,f,55,0.01198802
1964,f,56,0.01287724
1964,f,57,0.01389317
1964,f,58,0.01507088
1964,f,59,0.01642735
1964,f,60,0.01797102
1964,f,61,0.01969252
1964,f,62,0.02157339
1964,f,63,0.02361078
1964,f,64,0.025811980000000002
1964,f,65,0.0285422
1964,f,66,0.0315618
1964,f,67,0.03490125
1964,f,68,0.03859582
1964,f,69,0.0426832
1964,f,70,0.04720299
1964,f,71,0.05219918
1964,f,72,0.05772062
1964,f,73,0.06382361
1964,f,74,0.07057212
1964,f,75,0.07803544
1964,f,76,0.08629013
1964,f,77,0.0948428
1964,f,78,0.10406311
1964,f,79,0.11403915
1964,f,80,0.12486558
1964,f,81,0.13664472
1964,f,82,0.14946296
1964,f,83,0.16335228
1964,f,84,0.17829125
1964,f,85,0.19414722
1964,f,86,0.21075272
1964,f,87,0.22796642
1964,f,88,0.24570564
1964,f,89,0.26408193
1964,f,90,0.28329944
1964,f,91,0.30367075
1964,f,92,0.32549941
1964,f,93,0.34887815
1964,f,94,0.37378568
1964,f,95,0.40476363
1964,f,96,0.43601862
1964,f,97,0.46987268
1964,f,98,0.50653817
1964,f,99,0.54624065
1964,f,100,0.63615727
1965,f,0,0.05892603
1965,f,1,0.01393433
1965,f,2,0.00858254
1965,f,3,0.00537999
1965,f,4,0.00349268
1965,f,5,0.00239174
1965,f,6,0.00175592
1965,f,7,0.00139897
1965,f,8,0.00120885
1965,f,9,0.00112687
1965,f,10,0.00111748
1965,f,11,0.00116009
1965,f,12,0.0012413
1965,f,13,0.00134919
1965,f,14,0.0014759
1965,f,15,0.00161396
1965,f,16,0.00175903
1965,f,17,0.00190783
1965,f,18,0.00205693
1965,f,19,0.00220246
1965,f,20,0.00234001
1965,f,21,0.00246504
1965,f,22,0.0025748
1965,f,23,0.00266826
1965,f,24,0.00274782
1965,f,25,0.00281839
1965,f,26,0.00288596
1965,f,27,0.00295721
1965,f,28,0.00303652
1965,f,29,0.00312631
1965,f,30,0.0032266
1965,f,31,0.00333529
1965,f,32,0.00345047
1965,f,33,0.00357055
1965,f,34,0.00369541
1965,f,35,0.00382663
1965,f,36,0.00396651
1965,f,37,0.00411807
1965,f,38,0.00428389
1965,f,39,0.0044657
1965,f,40,0.00466479
1965,f,41,0.0048818
1965,f,42,0.00511815
1965,f,43,0.00537678
1965,f,44,0.00566233
1965,f,45,0.00598229
1965,f,46,0.00634477
1965,f,47,0.00675751
1965,f,48,0.00722646
1965,f,49,0.00775161
1965,f,50,0.00832963
1965,f,51,0.0089517
1965,f,52,0.00960879
1965,f,53,0.01029999
1965,f,54,0.01103074
1965,f,55,0.01182352
1965,f,56,0.01270848
1965,f,57,0.0137185
1965,f,58,0.01488768
1965,f,59,0.01623291
1965,f,60,0.01776295
1965,f,61,0.01946971
1965,f,62,0.02133652
1965,f,63,0.02336156
1965,f,64,0.02555299
1965,f,65,0.02826448
1965,f,66,0.03126402
1965,f,67,0.03458222
1965,f,68,0.03825407
1965,f,69,0.04231709
1965,f,70,0.04681116
1965,f,71,0.05178055
1965,f,72,0.05727439
1965,f,73,0.06334909
1965,f,74,0.0700683
1965,f,75,0.07750105
1965,f,76,0.08572361
1965,f,77,0.09426168
1965,f,78,0.10346216
1965,f,79,0.11341095
1965,f,80,0.1242059
1965,f,81,0.13595476
1965,f,82,0.14874998
1965,f,83,0.1626258
1965,f,84,0.17756048
1965,f,85,0.19342169
1965,f,86,0.21004112
1965,f,87,0.22727496
1965,f,88,0.24503719
1965,f,89,0.26343609
1965,f,90,0.28267301
1965,f,91,0.30305933
1965,f,92,0.32489898
1965,f,93,0.34829382
1965,f,94,0.37323055
1965,f,95,0.4040199
1965,f,96,0.43481846
1965,f,97,0.46806631
1965,f,98,0.5039571
1965,f,99,0.54269852
1965,f,100,0.63062224
1966,f,0,0.05775374
1966,f,1,0.01348014
1966,f,2,0.00830982
1966,f,3,0.00520967
1966,f,4,0.00338005
1966,f,5,0.00231158
1966,f,6,0.00169402
1966,f,7,0.0013473
1966,f,8,0.00116287
1966,f,9,0.0010836
1966,f,10,0.00107497
1966,f,11,0.001117
1966,f,12,0.00119676
1966,f,13,0.00130277
1966,f,14,0.00142746
1966,f,15,0.00156351
1966,f,16,0.00170657
1966,f,17,0.00185323
1966,f,18,0.00199998
1966,f,19,0.00214295
1966,f,20,0.00227785
1966,f,21,0.00240035
1966,f,22,0.00250788
1966,f,23,0.00259955
1966,f,24,0.00267775
1966,f,25,0.00274723
1966,f,26,0.00281381
1966,f,27,0.00288393
1966,f,28,0.00296185
1966,f,29,0.00304994
1966,f,30,0.00314834
1966,f,31,0.00325512
1966,f,32,0.00336855
1966,f,33,0.00348714
1966,f,34,0.00361078
1966,f,35,0.00374095
1966,f,36,0.00387984
1966,f,37,0.00403037
1966,f,38,0.00419506
1966,f,39,0.0043757
1966,f,40,0.00457373
1966,f,41,0.00478996
1966,f,42,0.00502595
1966,f,43,0.00528464
1966,f,44,0.00557053
1966,f,45,0.00589068
1966,f,46,0.00625277
1966,f,47,0.00666405
1966,f,48,0.00713016
1966,f,49,0.00765112
1966,f,50,0.00822389
1966,f,51,0.00884036
1966,f,52,0.00949227
1966,f,53,0.01017912
1966,f,54,0.01090651
1966,f,55,0.01169627
1966,f,56,0.01257763
1966,f,57,0.0135825
1966,f,58,0.01474403
1966,f,59,0.01607905
1966,f,60,0.01759671
1966,f,61,0.01929013
1966,f,62,0.02114434
1966,f,63,0.02315871
1966,f,64,0.02534221
1966,f,65,0.02803782
1966,f,66,0.03102023
1966,f,67,0.03431993
1966,f,68,0.03797083
1966,f,69,0.04201033
1966,f,70,0.04647952
1966,f,71,0.05142391
1966,f,72,0.05689387
1966,f,73,0.06294532
1966,f,74,0.06964037
1966,f,75,0.07704763
1966,f,76,0.08524302
1966,f,77,0.09377068
1966,f,78,0.10295737
1966,f,79,0.11288729
1966,f,80,0.1236598
1966,f,81,0.13538602
1966,f,82,0.14816239
1966,f,83,0.16202557
1966,f,84,0.17695486
1966,f,85,0.19281875
1966,f,86,0.20944884
1966,f,87,0.22669975
1966,f,88,0.24448271
1966,f,89,0.26290296
1966,f,90,0.28215914
1966,f,91,0.30256077
1966,f,92,0.32441108
1966,f,93,0.34781595
1966,f,94,0.37276637
1966,f,95,0.40693815
1966,f,96,0.44001321
1966,f,97,0.47616335
1966,f,98,0.51567438
1966,f,99,0.55885851
1966,f,100,0.65559838
1967,f,0,0.0567246
1967,f,1,0.01303369
1967,f,2,0.00804396
1967,f,3,0.00504865
1967,f,4,0.00327901
1967,f,5,0.0022446
1967,f,6,0.0016462
1967,f,7,0.0013098
1967,f,8,0.00113049
1967,f,9,0.00105318
1967,f,10,0.00104449
1967,f,11,0.00108515
1967,f,12,0.00116271
1967,f,13,0.00126615
1967,f,14,0.00138814
1967,f,15,0.00152156
1967,f,16,0.00166208
1967,f,17,0.00180619
1967,f,18,0.00195025
1967,f,19,0.00209027
1967,f,20,0.00222213
1967,f,21,0.00234175
1967,f,22,0.00244679
1967,f,23,0.0025365
1967,f,24,0.00261321
1967,f,25,0.00268153
1967,f,26,0.00274706
1967,f,27,0.00281602
1967,f,28,0.00289254
1967,f,29,0.00297897
1967,f,30,0.00307549
1967,f,31,0.00318034
1967,f,32,0.00329189
1967,f,33,0.00340876
1967,f,34,0.00353086
1967,f,35,0.00365962
1967,f,36,0.00379711
1967,f,37,0.00394617
1967,f,38,0.00410925
1967,f,39,0.00428821
1967,f,40,0.00448456
1967,f,41,0.00469929
1967,f,42,0.00493407
1967,f,43,0.00519182
1967,f,44,0.0054769
1967,f,45,0.00579599
1967,f,46,0.00615636
1967,f,47,0.00656484
1967,f,48,0.00702674
1967,f,49,0.00754215
1967,f,50,0.00810826
1967,f,51,0.00871758
1967,f,52,0.00936254
1967,f,53,0.01004302
1967,f,54,0.01076471
1967,f,55,0.01154882
1967,f,56,0.01242366
1967,f,57,0.01342016
1967,f,58,0.01457054
1967,f,59,0.0158915
1967,f,60,0.01739246
1967,f,61,0.01906762
1967,f,62,0.02090355
1967,f,63,0.0229006
1967,f,64,0.02506839
1967,f,65,0.02774711
1967,f,66,0.0307121
1967,f,67,0.03399397
1967,f,68,0.03762663
1967,f,69,0.04164758
1967,f,70,0.04609822
1967,f,71,0.05102438
1967,f,72,0.05647681
1967,f,73,0.06251178
1967,f,74,0.06919164
1967,f,75,0.07658539
1967,f,76,0.08476937
1967,f,77,0.09328457
1967,f,78,0.10245769
1967,f,79,0.11237197
1967,f,80,0.12312684
1967,f,81,0.13483512
1967,f,82,0.1475955
1967,f,83,0.16144673
1967,f,84,0.17636986
1967,f,85,0.19223399
1967,f,86,0.20887049
1967,f,87,0.22613229
1967,f,88,0.24392791
1967,f,89,0.26235945
1967,f,90,0.28162262
1967,f,91,0.30202519
1967,f,92,0.32387033
1967,f,93,0.3472682
1967,f,94,0.37221646
1967,f,95,0.4042427
1967,f,96,0.43668509
1967,f,97,0.47208888
1967,f,98,0.51072425
1967,f,99,0.5528861
1967,f,100,0.64801253
1968,f,0,0.05585986
1968,f,1,0.012723
1968,f,2,0.00786538
1968,f,3,0.00494666
1968,f,4,0.00321979
1968,f,5,0.00220877
1968,f,6,0.00162302
1968,f,7,0.00129321
1968,f,8,0.00111708
1968,f,9,0.0010409
1968,f,10,0.00103204
1968,f,11,0.0010717
1968,f,12,0.00114776
1968,f,13,0.00124952
1968,f,14,0.00136984
1968,f,15,0.00150174
1968,f,16,0.00164085
1968,f,17,0.00178355
1968,f,18,0.0019261
1968,f,19,0.00206442
1968,f,20,0.00219446
1968,f,21,0.00231231
1968,f,22,0.00241576
1968,f,23,0.0025042
1968,f,24,0.00257995
1968,f,25,0.00264755
1968,f,26,0.00271246
1968,f,27,0.00278075
1968,f,28,0.00285647
1968,f,29,0.00294194
1968,f,30,0.00303736
1968,f,31,0.00314107
1968,f,32,0.00325149
1968,f,33,0.00336735
1968,f,34,0.00348857
1968,f,35,0.00361656
1968,f,36,0.00375334
1968,f,37,0.00390168
1968,f,38,0.00406401
1968,f,39,0.00424221
1968,f,40,0.00443786
1968,f,41,0.00465209
1968,f,42,0.00488664
1968,f,43,0.00514443
1968,f,44,0.00542975
1968,f,45,0.005749
1968,f,46,0.00610915
1968,f,47,0.00651674
1968,f,48,0.00697684
1968,f,49,0.00748959
1968,f,50,0.00805235
1968,f,51,0.00865807
1968,f,52,0.00929967
1968,f,53,0.00997727
1968,f,54,0.0106967
1968,f,55,0.01147873
1968,f,56,0.0123511
1968,f,57,0.01334411
1968,f,58,0.01448938
1968,f,59,0.01580352
1968,f,60,0.01729621
1968,f,61,0.01896242
1968,f,62,0.02078985
1968,f,63,0.02277958
1968,f,64,0.02494182
1968,f,65,0.0276092
1968,f,66,0.03056201
1968,f,67,0.03383083
1968,f,68,0.03745006
1968,f,69,0.04145719
1968,f,70,0.04589282
1968,f,71,0.05080204
1968,f,72,0.05623481
1968,f,73,0.06224752
1968,f,74,0.06890324
1968,f,75,0.07627106
1968,f,76,0.08442742
1968,f,77,0.09292958
1968,f,78,0.10208933
1968,f,79,0.1119893
1968,f,80,0.12272861
1968,f,81,0.13442142
1968,f,82,0.1471682
1968,f,83,0.16100979
1968,f,84,0.17592912
1968,f,85,0.19179529
1968,f,86,0.20843885
1968,f,87,0.22571104
1968,f,88,0.24351842
1968,f,89,0.26196212
1968,f,90,0.28123753
1968,f,91,0.30165307
1968,f,92,0.32351277
1968,f,93,0.34692728
1968,f,94,0.37189371
1968,f,95,0.40797809
1968,f,96,0.44412434
1968,f,97,0.48444962
1968,f,98,0.5294377
1968,f,99,0.57962858
1968,f,100,0.69041317
1969,f,0,0.05515218
1969,f,1,0.01245497
1969,f,2,0.00771167
1969,f,3,0.00485411
1969,f,4,0.00316013
1969,f,5,0.00216686
1969,f,6,0.0015907
1969,f,7,0.00126612
1969,f,8,0.00109287
1969,f,9,0.00101805
1969,f,10,0.00100958
1969,f,11,0.00104897
1969,f,12,0.00112432
1969,f,13,0.00122529
1969,f,14,0.00134496
1969,f,15,0.00147637
1969,f,16,0.00161507
1969,f,17,0.00175725
1969,f,18,0.00189919
1969,f,19,0.00203686
1969,f,20,0.00216615
1969,f,21,0.00228316
1969,f,22,0.00238572
1969,f,23,0.00247335
1969,f,24,0.0025485
1969,f,25,0.00261563
1969,f,26,0.00268015
1969,f,27,0.00274799
1969,f,28,0.00282312
1969,f,29,0.00290785
1969,f,30,0.00300245
1969,f,31,0.00310537
1969,f,32,0.00321514
1969,f,33,0.00333057
1969,f,34,0.00345163
1969,f,35,0.00357965
1969,f,36,0.00371658
1969,f,37,0.00386508
1969,f,38,0.00402779
1969,f,39,0.00420661
1969,f,40,0.00440295
1969,f,41,0.00461774
1969,f,42,0.00485256
1969,f,43,0.00511045
1969,f,44,0.00539592
1969,f,45,0.00571526
1969,f,46,0.00607524
1969,f,47,0.00648222
1969,f,48,0.00694109
1969,f,49,0.00745197
1969,f,50,0.00801237
1969,f,51,0.00861555
1969,f,52,0.00925481
1969,f,53,0.00993049
1969,f,54,0.01064849
1969,f,55,0.01142929
1969,f,56,0.01230017
1969,f,57,0.01329098
1969,f,58,0.01443268
1969,f,59,0.0157418
1969,f,60,0.01722843
1969,f,61,0.01888835
1969,f,62,0.0207103
1969,f,63,0.02269584
1969,f,64,0.02485535
1969,f,65,0.0275131
1969,f,66,0.03045512
1969,f,67,0.03371178
1969,f,68,0.03731675
1969,f,69,0.04130728
1969,f,70,0.04572463
1969,f,71,0.05061444
1969,f,72,0.05602723
1969,f,73,0.06201896
1969,f,74,0.06865155
1969,f,75,0.07599352
1969,f,76,0.08412075
1969,f,77,0.09261239
1969,f,78,0.10175985
1969,f,79,0.11164501
1969,f,80,0.12236749
1969,f,81,0.13404319
1969,f,82,0.14677472
1969,f,83,0.16060461
1969,f,84,0.17551697
1969,f,85,0.19138151
1969,f,86,0.2080288
1969,f,87,0.2253092
1969,f,88,0.24312781
1969,f,89,0.26158411
1969,f,90,0.28087183
1969,f,91,0.30129818
1969,f,92,0.32316641
1969,f,93,0.34658703
1969,f,94,0.37155784
1969,f,95,0.40119838
1969,f,96,0.4313885
1969,f,97,0.46385019
1969,f,98,0.49875442
1969,f,99,0.53628514
1969,f,100,0.62187712
1970,f,0,0.05510519
1970,f,1,0.01256184
1970,f,2,0.00780006
1970,f,3,0.00495919
1970,f,4,0.00328081
1970,f,5,0.00229619
1970,f,6,0.00172342
1970,f,7,0.00139686
1970,f,8,0.0012146
1970,f,9,0.0011251
1970,f,10,0.00109978
1970,f,11,0.00112353
1970,f,12,0.00118771
1970,f,13,0.00128081
1970,f,14,0.00139301
1970,f,15,0.00151803
1970,f,16,0.00165202
1970,f,17,0.00179175
1970,f,18,0.00193253
1970,f,19,0.00206903
1970,f,20,0.00219725
1970,f,21,0.00231345
1970,f,22,0.00241559
1970,f,23,0.00250377
1970,f,24,0.00258066
1970,f,25,0.0026503
1970,f,26,0.00271759
1970,f,27,0.00278802
1970,f,28,0.00286555
1970,f,29,0.00295275
1970,f,30,0.00304986
1970,f,31,0.00315528
1970,f,32,0.00326756
1970,f,33,0.00338553
1970,f,34,0.00350918
1970,f,35,0.00363981
1970,f,36,0.00377931
1970,f,37,0.00393028
1970,f,38,0.00409526
1970,f,39,0.00427617
1970,f,40,0.00447447
1970,f,41,0.00469121
1970,f,42,0.00492805
1970,f,43,0.00518788
1970,f,44,0.0054751
1970,f,45,0.00579601
1970,f,46,0.0061574
1970,f,47,0.00656565
1970,f,48,0.00702552
1970,f,49,0.00753706
1970,f,50,0.00809792
1970,f,51,0.00870164
1970,f,52,0.0093418
1970,f,53,0.01001916
1970,f,54,0.01073969
1970,f,55,0.01152342
1970,f,56,0.01239706
1970,f,57,0.01338987
1970,f,58,0.01453253
1970,f,59,0.01584179
1970,f,60,0.01732786
1970,f,61,0.01898691
1970,f,62,0.02080821
1970,f,63,0.02279408
1970,f,64,0.02495535
1970,f,65,0.0276072
1970,f,66,0.0305419
1970,f,67,0.03378936
1970,f,68,0.03738362
1970,f,69,0.04136184
1970,f,70,0.045764
1970,f,71,0.05063443
1970,f,72,0.05602233
1970,f,73,0.06198264
1970,f,74,0.06857755
1970,f,75,0.07587599
1970,f,76,0.08395414
1970,f,77,0.0924192
1970,f,78,0.10154237
1970,f,79,0.11140608
1970,f,80,0.12210542
1970,f,81,0.13375339
1970,f,82,0.14644973
1970,f,83,0.16024083
1970,f,84,0.1751168
1970,f,85,0.1909434
1970,f,86,0.20754622
1970,f,87,0.22477135
1970,f,88,0.24251538
1970,f,89,0.26087999
1970,f,90,0.28007252
1970,f,91,0.30041666
1970,f,92,0.32223066
1970,f,93,0.34562436
1970,f,94,0.37058376
1970,f,95,0.40105562
1970,f,96,0.43175176
1970,f,97,0.46485687
1970,f,98,0.5005607
1970,f,99,0.53906881
1970,f,100,0.62675257
1971,f,0,0.05425234
1971,f,1,0.01211379
1971,f,2,0.00752947
1971,f,3,0.00475886
1971,f,4,0.00311082
1971,f,5,0.00214123
1971,f,6,0.00157695
1971,f,7,0.00125776
1971,f,8,0.00108621
1971,f,9,0.00101096
1971,f,10,0.00100094
1971,f,11,0.00103837
1971,f,12,0.00111191
1971,f,13,0.00121135
1971,f,14,0.00132961
1971,f,15,0.0014599
1971,f,16,0.00159771
1971,f,17,0.00173904
1971,f,18,0.00188009
1971,f,19,0.00201672
1971,f,20,0.00214482
1971,f,21,0.00226062
1971,f,22,0.00236206
1971,f,23,0.00244884
1971,f,24,0.00252345
1971,f,25,0.00259031
1971,f,26,0.00265469
1971,f,27,0.00272236
1971,f,28,0.00279718
1971,f,29,0.00288141
1971,f,30,0.00297536
1971,f,31,0.0030776
1971,f,32,0.0031868
1971,f,33,0.00330183
1971,f,34,0.00342269
1971,f,35,0.00355066
1971,f,36,0.00368766
1971,f,37,0.00383625
1971,f,38,0.00399909
1971,f,39,0.00417813
1971,f,40,0.00437466
1971,f,41,0.00458963
1971,f,42,0.00482452
1971,f,43,0.00508251
1971,f,44,0.00536825
1971,f,45,0.00568784
1971,f,46,0.00604785
1971,f,47,0.00645441
1971,f,48,0.00691223
1971,f,49,0.00742142
1971,f,50,0.00797961
1971,f,51,0.0085804
1971,f,52,0.00921742
1971,f,53,0.00989126
1971,f,54,0.01060791
1971,f,55,0.01138755
1971,f,56,0.01225704
1971,f,57,0.01324577
1971,f,58,0.01438419
1971,f,59,0.01568876
1971,f,60,0.01716977
1971,f,61,0.01882357
1971,f,62,0.02063967
1971,f,63,0.02262033
1971,f,64,0.02477635
1971,f,65,0.02741569
1971,f,66,0.03033634
1971,f,67,0.03356818
1971,f,68,0.03714441
1971,f,69,0.04110182
1971,f,70,0.04548098
1971,f,71,0.05032682
1971,f,72,0.05568904
1971,f,73,0.06162261
1971,f,74,0.06818848
1971,f,75,0.07545413
1971,f,76,0.08349426
1971,f,77,0.09194176
1971,f,78,0.10104046
1971,f,79,0.11087200999999999
1971,f,80,0.12153649
1971,f,81,0.13315313
1971,f,82,0.14582824
1971,f,83,0.15960746
1971,f,84,0.17447663
1971,f,85,0.19030139
1971,f,86,0.20690661
1971,f,87,0.22413728
1971,f,88,0.24189475
1971,f,89,0.26028311
1971,f,90,0.27950501
1971,f,91,0.29987999
1971,f,92,0.32172141
1971,f,93,0.3451358
1971,f,94,0.37010847
1971,f,95,0.40274206
1971,f,96,0.4345877
1971,f,97,0.46913266
1971,f,98,0.50660637
1971,f,99,0.54725744
1971,f,100,0.63914039
1972,f,0,0.05417089
1972,f,1,0.01215054
1972,f,2,0.00757141
1972,f,3,0.0048171
1972,f,4,0.00317561
1972,f,5,0.00220434
1972,f,6,0.0016352
1972,f,7,0.00130926
1972,f,8,0.00112958
1972,f,9,0.00104615
1972,f,10,0.00102884
1972,f,11,0.00106065
1972,f,12,0.00113103
1972,f,13,0.00122901
1972,f,14,0.00134631
1972,f,15,0.0014762
1972,f,16,0.00161405
1972,f,17,0.00175566
1972,f,18,0.00189719
1972,f,19,0.00203435
1972,f,20,0.00216289
1972,f,21,0.00227902
1972,f,22,0.00238071
1972,f,23,0.00246781
1972,f,24,0.00254297
1972,f,25,0.00261054
1972,f,26,0.00267569
1972,f,27,0.00274402
1972,f,28,0.00281927
1972,f,29,0.00290368
1972,f,30,0.00299765
1972,f,31,0.00309988
1972,f,32,0.00320918
1972,f,33,0.00332454
1972,f,34,0.00344598
1972,f,35,0.00357477
1972,f,36,0.00371275
1972,f,37,0.00386246
1972,f,38,0.00402665
1972,f,39,0.00420737
1972,f,40,0.00440588
1972,f,41,0.0046231
1972,f,42,0.00486052
1972,f,43,0.00512113
1972,f,44,0.00540939
1972,f,45,0.00573138
1972,f,46,0.00609361
1972,f,47,0.00650219
1972,f,48,0.0069617
1972,f,49,0.00747228
1972,f,50,0.00803178
1972,f,51,0.00863401
1972,f,52,0.00927286
1972,f,53,0.00994902
1972,f,54,0.01066847
1972,f,55,0.01145137
1972,f,56,0.01232455
1972,f,57,0.01331734
1972,f,58,0.01446063
1972,f,59,0.01577115
1972,f,60,0.0172589
1972,f,61,0.01891999
1972,f,62,0.02074372
1972,f,63,0.02273296
1972,f,64,0.02489909
1972,f,65,0.02754694
1972,f,66,0.03047624
1972,f,67,0.03371638
1972,f,68,0.03730202
1972,f,69,0.04127017
1972,f,70,0.04565911
1972,f,71,0.05051141
1972,f,72,0.05587441
1972,f,73,0.06180249
1972,f,74,0.06835858
1972,f,75,0.07561167
1972,f,76,0.08363788
1972,f,77,0.09208784
1972,f,78,0.10120273
1972,f,79,0.11106581
1972,f,80,0.1217649
1972,f,81,0.13340808
1972,f,82,0.14609082
1972,f,83,0.15986604
1972,f,84,0.17473503
1972,f,85,0.19056387
1972,f,86,0.20717742
1972,f,87,0.22442003
1972,f,88,0.24218572
1972,f,89,0.26057465
1972,f,90,0.27979369
1972,f,91,0.30016694
1972,f,92,0.32201197
1972,f,93,0.34543081
1972,f,94,0.37040313
1972,f,95,0.40179837
1972,f,96,0.43300987
1972,f,97,0.46679284
1972,f,98,0.50336095
1972,f,99,0.54294102
1972,f,100,0.63281092
1973,f,0,0.05409428
1973,f,1,0.01218751
1973,f,2,0.00764013
1973,f,3,0.00488933
1973,f,4,0.00324196
1973,f,5,0.00226243
1973,f,6,0.00168498
1973,f,7,0.00135164
1973,f,8,0.00116489
1973,f,9,0.00107454
1973,f,10,0.00105127
1973,f,11,0.00107889
1973,f,12,0.00114757
1973,f,13,0.00124543
1973,f,14,0.00136273
1973,f,15,0.00149273
1973,f,16,0.00163076
1973,f,17,0.00177252
1973,f,18,0.00191458
1973,f,19,0.0020529
1973,f,20,0.00218287
1973,f,21,0.00230044
1973,f,22,0.0024033
1973,f,23,0.00249146
1973,f,24,0.00256779
1973,f,25,0.00263653
1973,f,26,0.00270269
1973,f,27,0.00277171
1973,f,28,0.00284732
1973,f,29,0.00293187
1973,f,30,0.00302589
1973,f,31,0.00312818
1973,f,32,0.00323767
1973,f,33,0.00335343
1973,f,34,0.00347552
1973,f,35,0.00360517
1973,f,36,0.00374421
1973,f,37,0.00389513
1973,f,38,0.00406099
1973,f,39,0.00424399
1973,f,40,0.00444517
1973,f,41,0.00466523
1973,f,42,0.00490547
1973,f,43,0.00516896
1973,f,44,0.00546028
1973,f,45,0.00578532
1973,f,46,0.00615041
1973,f,47,0.00656145
1973,f,48,0.00702288
1973,f,49,0.00753499
1973,f,50,0.0080959
1973,f,51,0.00869968
1973,f,52,0.0093405
1973,f,53,0.01001917
1973,f,54,0.01074162
1973,f,55,0.01152804
1973,f,56,0.01240527
1973,f,57,0.01340266
1973,f,58,0.01455155
1973,f,59,0.01586899
1973,f,60,0.01736473
1973,f,61,0.01903468
1973,f,62,0.02086796
1973,f,63,0.02286796
1973,f,64,0.02504652
1973,f,65,0.02770568
1973,f,66,0.03064677
1973,f,67,0.03389885
1973,f,68,0.03749911
1973,f,69,0.04148484
1973,f,70,0.04589048
1973,f,71,0.0507548
1973,f,72,0.0561213
1973,f,73,0.06204527
1973,f,74,0.06859393
1973,f,75,0.0758375
1973,f,76,0.08385329
1973,f,77,0.09230343
1973,f,78,0.10144088
1973,f,79,0.11135465
1973,f,80,0.12211245
1973,f,81,0.13380259
1973,f,82,0.14650098
1973,f,83,0.16027059
1973,f,84,0.17513622
1973,f,85,0.19096529
1973,f,86,0.20758384
1973,f,87,0.22483651
1973,f,88,0.24260443
1973,f,89,0.26097741
1973,f,90,0.28016547
1973,f,91,0.30049565
1973,f,92,0.32228991
1973,f,93,0.34564493
1973,f,94,0.37054205
1973,f,95,0.40021328
1973,f,96,0.43040058
1973,f,97,0.46291431
1973,f,98,0.49791797
1973,f,99,0.53557977
1973,f,100,0.6215736
1974,f,0,0.05390915
1974,f,1,0.01213219
1974,f,2,0.00758322
1974,f,3,0.00483819
1974,f,4,0.00319826
1974,f,5,0.00222551
1974,f,6,0.00165347
1974,f,7,0.00132417
1974,f,8,0.00114045
1974,f,9,0.00105234
1974,f,10,0.00103064
1974,f,11,0.00105918
1974,f,12,0.00112815
1974,f,13,0.00122578
1974,f,14,0.00134253
1974,f,15,0.0014717
1974,f,16,0.00160869
1974,f,17,0.00174932
1974,f,18,0.00189014
1974,f,19,0.00202718
1974,f,20,0.00215595
1974,f,21,0.00227248
1974,f,22,0.0023745
1974,f,23,0.00246196
1974,f,24,0.00253765
1974,f,25,0.00260574
1974,f,26,0.00267119
1974,f,27,0.00273945
1974,f,28,0.00281426
1974,f,29,0.00289803
1974,f,30,0.00299128
1974,f,31,0.00309281
1974,f,32,0.00320152
1974,f,33,0.00331658
1974,f,34,0.00343805
1974,f,35,0.00356712
1974,f,36,0.00370558
1974,f,37,0.00385587
1974,f,38,0.00402103
1974,f,39,0.00420332
1974,f,40,0.00440382
1974,f,41,0.00462328
1974,f,42,0.00486304
1974,f,43,0.00512615
1974,f,44,0.00541716
1974,f,45,0.00574185
1974,f,46,0.00610639
1974,f,47,0.00651658
1974,f,48,0.00697675
1974,f,49,0.00748722
1974,f,50,0.00804614
1974,f,51,0.00864779
1974,f,52,0.00928652
1974,f,53,0.00996325
1974,f,54,0.01068397
1974,f,55,0.01146867
1974,f,56,0.01234393
1974,f,57,0.01333879
1974,f,58,0.01448433
1974,f,59,0.01579751
1974,f,60,0.01728819
1974,f,61,0.0189526
1974,f,62,0.02078032
1974,f,63,0.022775
1974,f,64,0.02494868
1974,f,65,0.02760322
1974,f,66,0.03053968
1974,f,67,0.03378721
1974,f,68,0.03738338
1974,f,69,0.0413655
1974,f,70,0.04576765
1974,f,71,0.05062823
1974,f,72,0.05599043
1974,f,73,0.06191105
1974,f,74,0.06845865
1974,f,75,0.07570277
1974,f,76,0.08372016
1974,f,77,0.09216513
1974,f,78,0.10129912
1974,f,79,0.11121422
1974,f,80,0.12197719
1974,f,81,0.13367546
1974,f,82,0.1463841
1974,f,83,0.16016403
1974,f,84,0.17503844
1974,f,85,0.19087416
1974,f,86,0.20749655
1974,f,87,0.22474958
1974,f,88,0.2425124
1974,f,89,0.26087454
1974,f,90,0.28004826
1974,f,91,0.30036322
1974,f,92,0.32214415
1974,f,93,0.34548869
1974,f,94,0.37037773
1974,f,95,0.40275739
1974,f,96,0.43493273
1974,f,97,0.47001319
1974,f,98,0.50824258
1974,f,99,0.54987661
1974,f,100,0.64399367
1975,f,0,0.05371756
1975,f,1,0.01211534
1975,f,2,0.00753284
1975,f,3,0.0047792
1975,f,4,0.00314227
1975,f,5,0.0021762
1975,f,6,0.00161082
1975,f,7,0.00128719
1975,f,8,0.00110804
1975,f,9,0.00102332
1975,f,10,0.00100397
1975,f,11,0.00103392
1975,f,12,0.00110334
1975,f,13,0.00120052
1975,f,14,0.00131607
1975,f,15,0.00144334
1975,f,16,0.00157796
1975,f,17,0.00171605
1975,f,18,0.00185448
1975,f,19,0.00198955
1975,f,20,0.00211684
1975,f,21,0.00223228
1975,f,22,0.00233347
1975,f,23,0.00242017
1975,f,24,0.00249504
1975,f,25,0.0025622
1975,f,26,0.00262658
1975,f,27,0.00269367
1975,f,28,0.00276727
1975,f,29,0.00284985
1975,f,30,0.00294196
1975,f,31,0.00304242
1975,f,32,0.00315013
1975,f,33,0.0032643
1975,f,34,0.00338499
1975,f,35,0.00351334
1975,f,36,0.00365108
1975,f,37,0.00380059
1975,f,38,0.00396491
1975,f,39,0.00414635
1975,f,40,0.00434608
1975,f,41,0.00456497
1975,f,42,0.00480442
1975,f,43,0.0050675
1975,f,44,0.00535865
1975,f,45,0.00568339
1975,f,46,0.00604764
1975,f,47,0.00645688
1975,f,48,0.00691527
1975,f,49,0.00742316
1975,f,50,0.00797883
1975,f,51,0.00857697
1975,f,52,0.00921239
1975,f,53,0.00988625
1975,f,54,0.01060463
1975,f,55,0.01138717
1975,f,56,0.01225989
1975,f,57,0.01325124
1975,f,58,0.01439172
1975,f,59,0.01569824
1975,f,60,0.01718085
1975,f,61,0.01883653
1975,f,62,0.02065589
1975,f,63,0.02264326
1975,f,64,0.02481124
1975,f,65,0.02745966
1975,f,66,0.03039026
1975,f,67,0.03363233
1975,f,68,0.03722467
1975,f,69,0.04120475
1975,f,70,0.04560518
1975,f,71,0.05046297
1975,f,72,0.0558199
1975,f,73,0.06173648
1975,f,74,0.06828483
1975,f,75,0.07553306
1975,f,76,0.08355651
1975,f,77,0.09199418
1975,f,78,0.10112275
1975,f,79,0.11103949
1975,f,80,0.12181028
1975,f,81,0.13352131
1975,f,82,0.14624627
1975,f,83,0.16004238
1975,f,84,0.17492882
1975,f,85,0.19077084
1975,f,86,0.20739229
1975,f,87,0.22463592
1975,f,88,0.24238319
1975,f,89,0.2607267
1975,f,90,0.27987891
1975,f,91,0.30017
1975,f,92,0.32192554
1975,f,93,0.34524657
1975,f,94,0.37011611
1975,f,95,0.39943312
1975,f,96,0.429511
1975,f,97,0.46189605
1975,f,98,0.49675235
1975,f,99,0.53424971
1975,f,100,0.62005512
1976,f,0,0.05369649
1976,f,1,0.01223874
1976,f,2,0.00754216
1976,f,3,0.00477696
1976,f,4,0.00315824
1976,f,5,0.00221476
1976,f,6,0.00166896
1976,f,7,0.00135902
1976,f,8,0.0011886
1976,f,9,0.00110953
1976,f,10,0.00109297
1976,f,11,0.00112289
1976,f,12,0.00118942
1976,f,13,0.00128181
1976,f,14,0.00139192
1976,f,15,0.00151346
1976,f,16,0.00164258
1976,f,17,0.00177612
1976,f,18,0.00191034
1976,f,19,0.00204103
1976,f,20,0.00216429
1976,f,21,0.00227637
1976,f,22,0.00237509
1976,f,23,0.00245984
1976,f,24,0.0025328
1976,f,25,0.00259814
1976,f,26,0.00266096
1976,f,27,0.00272692
1976,f,28,0.00280013
1976,f,29,0.002883
1976,f,30,0.00297575
1976,f,31,0.00307685
1976,f,32,0.00318488
1976,f,33,0.00329863
1976,f,34,0.00341825
1976,f,35,0.00354514
1976,f,36,0.00368125
1976,f,37,0.00382923
1976,f,38,0.00399191
1976,f,39,0.00417134
1976,f,40,0.00436904
1976,f,41,0.00458624
1976,f,42,0.00482467
1976,f,43,0.00508715
1976,f,44,0.00537785
1976,f,45,0.00570225
1976,f,46,0.00606617
1976,f,47,0.00647499
1976,f,48,0.00693294
1976,f,49,0.00744021
1976,f,50,0.00799481
1976,f,51,0.00859153
1976,f,52,0.00922532
1976,f,53,0.00989731
1976,f,54,0.01061391
1976,f,55,0.01139452
1976,f,56,0.01226468
1976,f,57,0.01325232
1976,f,58,0.01438701
1976,f,59,0.01568525
1976,f,60,0.01715729
1976,f,61,0.01880105
1976,f,62,0.02060856
1976,f,63,0.02258399
1976,f,64,0.02474052
1976,f,65,0.02737893
1976,f,66,0.03030139
1976,f,67,0.03353889
1976,f,68,0.03713594
1976,f,69,0.04113062
1976,f,70,0.04554974
1976,f,71,0.05042452
1976,f,72,0.05579108
1976,f,73,0.06169708
1976,f,74,0.0682162
1976,f,75,0.07543263
1976,f,76,0.08343794
1976,f,77,0.09185898
1976,f,78,0.10099207
1976,f,79,0.1109218
1976,f,80,0.12171381
1976,f,81,0.13345338
1976,f,82,0.14621313
1976,f,83,0.16004767
1976,f,84,0.17496987
1976,f,85,0.19083859
1976,f,86,0.20747144
1976,f,87,0.22470521
1976,f,88,0.24242982
1976,f,89,0.26074825
1976,f,90,0.2798705
1976,f,91,0.300125
1976,f,92,0.32183646
1976,f,93,0.34510397
1976,f,94,0.36991571
1976,f,95,0.39997913
1976,f,96,0.43027139
1976,f,97,0.4629306
1976,f,98,0.49812875
1976,f,99,0.5360412
1976,f,100,0.62268869
1977,f,0,0.05290396
1977,f,1,0.0119062
1977,f,2,0.00722841
1977,f,3,0.00446734
1977,f,4,0.00286219
1977,f,5,0.0019378
1977,f,6,0.0014101
1977,f,7,0.00111713
1977,f,8,9.6315e-4
1977,f,9,8.9876e-4
1977,f,10,8.9451e-4
1977,f,11,9.3359e-4
1977,f,12,0.00100515
1977,f,13,0.00109933
1977,f,14,0.00120957
1977,f,15,0.00132947
1977,f,16,0.00145533
1977,f,17,0.0015844
1977,f,18,0.00171388
1977,f,19,0.00184057
1977,f,20,0.0019607
1977,f,21,0.00207032
1977,f,22,0.00216693
1977,f,23,0.00224956
1977,f,24,0.00232018
1977,f,25,0.00238282
1977,f,26,0.00244257
1977,f,27,0.00250515
1977,f,28,0.0025745
1977,f,29,0.00265304
1977,f,30,0.0027413
1977,f,31,0.00283812
1977,f,32,0.00294238
1977,f,33,0.00305307
1977,f,34,0.00317013
1977,f,35,0.00329462
1977,f,36,0.00342819
1977,f,37,0.00357316
1977,f,38,0.00373208
1977,f,39,0.00390708
1977,f,40,0.00409988
1977,f,41,0.00431203
1977,f,42,0.00454551
1977,f,43,0.0048034
1977,f,44,0.0050898
1977,f,45,0.00540955
1977,f,46,0.00576778
1977,f,47,0.00616919
1977,f,48,0.00661737
1977,f,49,0.00711261
1977,f,50,0.00765336
1977,f,51,0.00823534
1977,f,52,0.00885458
1977,f,53,0.00951289
1977,f,54,0.01021677
1977,f,55,0.0109845
1977,f,56,0.01184011
1977,f,57,0.01280997
1977,f,58,0.01392157
1977,f,59,0.01519097
1977,f,60,0.01662943
1977,f,61,0.0182369
1977,f,62,0.02000807
1977,f,63,0.02194879
1977,f,64,0.02407268
1977,f,65,0.02668107
1977,f,66,0.02957221
1977,f,67,0.03277667
1977,f,68,0.03632853
1977,f,69,0.04026552
1977,f,70,0.04462917
1977,f,71,0.04946553
1977,f,72,0.05482568
1977,f,73,0.06076635
1977,f,74,0.06735072
1977,f,75,0.07464877
1977,f,76,0.08273807
1977,f,77,0.09118451
1977,f,78,0.10028529
1977,f,79,0.11012167
1977,f,80,0.12079252
1977,f,81,0.13241536
1977,f,82,0.14509475
1977,f,83,0.15887513
1977,f,84,0.17374103
1977,f,85,0.18955714
1977,f,86,0.20614712
1977,f,87,0.22335394
1977,f,88,0.24107757
1977,f,89,0.25941885
1977,f,90,0.27857581
1977,f,91,0.29886574
1977,f,92,0.32060454
1977,f,93,0.34391396
1977,f,94,0.36880448
1977,f,95,0.39876288
1977,f,96,0.42884212
1977,f,97,0.46119238
1977,f,98,0.49598479
1977,f,99,0.53340279
1977,f,100,0.61906332
1978,f,0,0.05262031
1978,f,1,0.01198096
1978,f,2,0.00716846
1978,f,3,0.00437427
1978,f,4,0.00277426
1978,f,5,0.0018652
1978,f,6,0.00135227
1978,f,7,0.00107014
1978,f,8,9.2268e-4
1978,f,9,8.6135e-4
1978,f,10,8.5782e-4
1978,f,11,8.9611e-4
1978,f,12,9.6596e-4
1978,f,13,0.00105731
1978,f,14,0.00116319
1978,f,15,0.00127742
1978,f,16,0.0013968
1978,f,17,0.00151933
1978,f,18,0.00164287
1978,f,19,0.00176476
1978,f,20,0.00188133
1978,f,21,0.00198845
1978,f,22,0.00208328
1978,f,23,0.00216438
1978,f,24,0.00223342
1978,f,25,0.00229428
1978,f,26,0.00235201
1978,f,27,0.00241241
1978,f,28,0.00247946
1978,f,29,0.00255569
1978,f,30,0.00264171
1978,f,31,0.00273646
1978,f,32,0.00283888
1978,f,33,0.00294797
1978,f,34,0.00306363
1978,f,35,0.00318684
1978,f,36,0.00331916
1978,f,37,0.00346283
1978,f,38,0.00362043
1978,f,39,0.00379419
1978,f,40,0.00398588
1978,f,41,0.00419718
1978,f,42,0.0044301
1978,f,43,0.00468783
1978,f,44,0.00497443
1978,f,45,0.00529417
1978,f,46,0.00565151
1978,f,47,0.00605046
1978,f,48,0.00649411
1978,f,49,0.00698283
1978,f,50,0.00751546
1978,f,51,0.00808868
1978,f,52,0.00869963
1978,f,53,0.00935084
1978,f,54,0.0100491
1978,f,55,0.01081161
1978,f,56,0.01166095
1978,f,57,0.01262185
1978,f,58,0.01372061
1978,f,59,0.01497337
1978,f,60,0.0163917
1978,f,61,0.01797716
1978,f,62,0.01972676
1978,f,63,0.02164842
1978,f,64,0.02375743
1978,f,65,0.02635514
1978,f,66,0.02923715
1978,f,67,0.03243433
1978,f,68,0.03598148
1978,f,69,0.03991706
1978,f,70,0.04428309
1978,f,71,0.04912624
1978,f,72,0.05449832
1978,f,73,0.06045671
1978,f,74,0.06706605
1978,f,75,0.07439856
1978,f,76,0.08253431
1978,f,77,0.09098919
1978,f,78,0.10010272
1978,f,79,0.10995616
1978,f,80,0.12064697
1978,f,81,0.13228997
1978,f,82,0.14498684
1978,f,83,0.15878117
1978,f,84,0.17365659
1978,f,85,0.18947646
1978,f,86,0.20606339
1978,f,87,0.22325914
1978,f,88,0.2409641
1978,f,89,0.25927818
1978,f,90,0.27839638
1978,f,91,0.29863385
1978,f,92,0.32030739
1978,f,93,0.3435464
1978,f,94,0.36837675
1978,f,95,0.39788393
1978,f,96,0.42788578
1978,f,97,0.46015482
1978,f,98,0.49486199
1978,f,99,0.5321892
1978,f,100,0.6177933
1979,f,0,0.0521546
1979,f,1,0.01194811
1979,f,2,0.00705713
1979,f,3,0.00424978
1979,f,4,0.00266107
1979,f,5,0.00176859
1979,f,6,0.00127023
1979,f,7,9.9931e-4
1979,f,8,8.6029e-4
1979,f,9,8.0505e-4
1979,f,10,8.0562e-4
1979,f,11,8.4607e-4
1979,f,12,9.1602e-4
1979,f,13,0.00100569
1979,f,14,0.00110865
1979,f,15,0.00121886
1979,f,16,0.00133344
1979,f,17,0.00145092
1979,f,18,0.00156961
1979,f,19,0.00168732
1979,f,20,0.00180051
1979,f,21,0.00190498
1979,f,22,0.00199765
1979,f,23,0.00207681
1979,f,24,0.00214394
1979,f,25,0.00220275
1979,f,26,0.00225823
1979,f,27,0.00231616
1979,f,28,0.00238058
1979,f,29,0.00245406
1979,f,30,0.00253731
1979,f,31,0.00262939
1979,f,32,0.0027293
1979,f,33,0.00283608
1979,f,34,0.00294961
1979,f,35,0.00307077
1979,f,36,0.00320103
1979,f,37,0.00334253
1979,f,38,0.00349775
1979,f,39,0.003669
1979,f,40,0.00385831
1979,f,41,0.00406772
1979,f,42,0.00429954
1979,f,43,0.00455684
1979,f,44,0.00484334
1979,f,45,0.00516282
1979,f,46,0.0055191
1979,f,47,0.00591557
1979,f,48,0.0063548
1979,f,49,0.00683719
1979,f,50,0.00736192
1979,f,51,0.00792662
1979,f,52,0.00852945
1979,f,53,0.00917344
1979,f,54,0.00986556
1979,f,55,0.01062234
1979,f,56,0.01146524
1979,f,57,0.01241779
1979,f,58,0.01350475
1979,f,59,0.01474187
1979,f,60,0.01614125
1979,f,61,0.01770617
1979,f,62,0.01943606
1979,f,63,0.02134024
1979,f,64,0.02343505
1979,f,65,0.02601934
1979,f,66,0.02888876
1979,f,67,0.03207464
1979,f,68,0.03561215
1979,f,69,0.03954018
1979,f,70,0.04390141
1979,f,71,0.04874326
1979,f,72,0.05411843
1979,f,73,0.06008576
1979,f,74,0.06671102
1979,f,75,0.07406714
1979,f,76,0.08223508
1979,f,77,0.09069337
1979,f,78,0.09980997
1979,f,79,0.10966592
1979,f,80,0.12035895
1979,f,81,0.1320034
1979,f,82,0.14470029
1979,f,83,0.15849109
1979,f,84,0.1733578
1979,f,85,0.18916466
1979,f,86,0.20573533
1979,f,87,0.22291251
1979,f,88,0.2405956
1979,f,89,0.25888107
1979,f,90,0.27796156
1979,f,91,0.29815081
1979,f,92,0.3197664
1979,f,93,0.34294936
1979,f,94,0.36774055
1979,f,95,0.39778161
1979,f,96,0.42819267
1979,f,97,0.46099299
1979,f,98,0.49636909
1979,f,99,0.53452227
1979,f,100,0.62193603
1980,f,0,0.05162619
1980,f,1,0.01185212
1980,f,2,0.00693206
1980,f,3,0.00413647
1980,f,4,0.00256973
1980,f,5,0.00169749
1980,f,6,0.0012143
1980,f,7,9.5341e-4
1980,f,8,8.2034e-4
1980,f,9,7.6815e-4
1980,f,10,7.6977e-4
1980,f,11,8.0991e-4
1980,f,12,8.786e-4
1980,f,13,9.661e-4
1980,f,14,0.00106592
1980,f,15,0.00117219
1980,f,16,0.00128231
1980,f,17,0.0013952
1980,f,18,0.0015095
1980,f,19,0.0016233
1980,f,20,0.00173325
1980,f,21,0.00183511
1980,f,22,0.00192576
1980,f,23,0.00200325
1980,f,24,0.00206884
1980,f,25,0.0021261
1980,f,26,0.00217992
1980,f,27,0.00223605
1980,f,28,0.00229853
1980,f,29,0.00236995
1980,f,30,0.00245112
1980,f,31,0.00254116
1980,f,32,0.00263914
1980,f,33,0.00274416
1980,f,34,0.00285607
1980,f,35,0.0029757
1980,f,36,0.00310443
1980,f,37,0.00324433
1980,f,38,0.00339782
1980,f,39,0.00356728
1980,f,40,0.00375485
1980,f,41,0.00396277
1980,f,42,0.00419348
1980,f,43,0.00445007
1980,f,44,0.00473609
1980,f,45,0.0050549
1980,f,46,0.00540987
1980,f,47,0.00580385
1980,f,48,0.00623902
1980,f,49,0.00671576
1980,f,50,0.00723355
1980,f,51,0.00779076
1980,f,52,0.00838638
1980,f,53,0.00902393
1980,f,54,0.00971059
1980,f,55,0.01046218
1980,f,56,0.01129909
1980,f,57,0.01224367
1980,f,58,0.01331958
1980,f,59,0.01454241
1980,f,60,0.01592461
1980,f,61,0.01747076
1980,f,62,0.01918219
1980,f,63,0.02106948
1980,f,64,0.02314998
1980,f,65,0.02571883
1980,f,66,0.02857287
1980,f,67,0.03174369
1980,f,68,0.03526658
1980,f,69,0.03918067
1980,f,70,0.04352921
1980,f,71,0.04836023
1980,f,72,0.05372714
1980,f,73,0.05968916
1980,f,74,0.06631251
1980,f,75,0.07367107
1980,f,76,0.0818469
1980,f,77,0.09030957
1980,f,78,0.0994595
1980,f,79,0.10937094
1980,f,80,0.12012604
1980,f,81,0.13180922
1980,f,82,0.14449191
1980,f,83,0.15820153
1980,f,84,0.17292269
1980,f,85,0.18856086
1980,f,86,0.20499448
1980,f,87,0.22211999
1980,f,88,0.23987623
1980,f,89,0.25834627
1980,f,90,0.27768467
1980,f,91,0.29813401
1980,f,92,0.31993768
1980,f,93,0.34320057
1980,f,94,0.36794675
1980,f,95,0.39793206
1980,f,96,0.42819392
1980,f,97,0.46075515
1980,f,98,0.49578786
1980,f,99,0.53347881
1980,f,100,0.61975184
1981,f,0,0.05113561
1981,f,1,0.01177724
1981,f,2,0.00685545
1981,f,3,0.00408404
1981,f,4,0.00254016
1981,f,5,0.00168387
1981,f,6,0.00121061
1981,f,7,9.5461e-4
1981,f,8,8.2255e-4
1981,f,9,7.6894e-4
1981,f,10,7.678e-4
1981,f,11,8.0468e-4
1981,f,12,8.703e-4
1981,f,13,9.5484e-4
1981,f,14,0.00105142
1981,f,15,0.00115435
1981,f,16,0.00126123
1981,f,17,0.00137118
1981,f,18,0.00148283
1981,f,19,0.00159422
1981,f,20,0.00170208
1981,f,21,0.00180226
1981,f,22,0.00189161
1981,f,23,0.00196813
1981,f,24,0.00203299
1981,f,25,0.00208963
1981,f,26,0.00214285
1981,f,27,0.0021983
1981,f,28,0.00226
1981,f,29,0.00233056
1981,f,30,0.00241082
1981,f,31,0.00249999
1981,f,32,0.0025972
1981,f,33,0.00270159
1981,f,34,0.00281303
1981,f,35,0.0029323
1981,f,36,0.00306072
1981,f,37,0.00320031
1981,f,38,0.00335349
1981,f,39,0.00352263
1981,f,40,0.00370995
1981,f,41,0.00391777
1981,f,42,0.00414862
1981,f,43,0.00440551
1981,f,44,0.00469193
1981,f,45,0.00501099
1981,f,46,0.00536576
1981,f,47,0.00575878
1981,f,48,0.00619191
1981,f,49,0.00666556
1981,f,50,0.0071794
1981,f,51,0.00773235
1981,f,52,0.00832404
1981,f,53,0.0089584
1981,f,54,0.00964277
1981,f,55,0.0103924
1981,f,56,0.01122688
1981,f,57,0.01216769
1981,f,58,0.01323775
1981,f,59,0.01445266
1981,f,60,0.01582508
1981,f,61,0.01736051
1981,f,62,0.01906163
1981,f,63,0.02094028
1981,f,64,0.02301478
1981,f,65,0.0255745
1981,f,66,0.02841928
1981,f,67,0.03158065
1981,f,68,0.03509472
1981,f,69,0.03900086
1981,f,70,0.0433414
1981,f,71,0.0481635
1981,f,72,0.05351973
1981,f,73,0.05946882
1981,f,74,0.06607817
1981,f,75,0.07342338
1981,f,76,0.0815883
1981,f,77,0.09004146
1981,f,78,0.09918634
1981,f,79,0.10909718
1981,f,80,0.11985451
1981,f,81,0.13154159
1981,f,82,0.14422887
1981,f,83,0.15794493
1981,f,84,0.17267621
1981,f,85,0.18832762
1981,f,86,0.20477671
1981,f,87,0.22191864
1981,f,88,0.23969232
1981,f,89,0.25818074
1981,f,90,0.27753703
1981,f,91,0.29800322
1981,f,92,0.31982297
1981,f,93,0.34310941
1981,f,94,0.36789095
1981,f,95,0.39726197
1981,f,96,0.42743227
1981,f,97,0.45987111
1981,f,98,0.49474321
1981,f,99,0.53223519
1981,f,100,0.61826476
1982,f,0,0.05023564
1982,f,1,0.01145767
1982,f,2,0.00665474
1982,f,3,0.0039476
1982,f,4,0.0024414
1982,f,5,0.00160815
1982,f,6,0.00114903
1982,f,7,9.021e-4
1982,f,8,7.7631e-4
1982,f,9,7.2683e-4
1982,f,10,7.2816e-4
1982,f,11,7.6605e-4
1982,f,12,8.3123e-4
1982,f,13,9.1432e-4
1982,f,14,0.0010089
1982,f,15,0.00110942
1982,f,16,0.00121353
1982,f,17,0.00132045
1982,f,18,0.001429
1982,f,19,0.00153748
1982,f,20,0.00164269
1982,f,21,0.00174056
1982,f,22,0.00182795
1982,f,23,0.00190282
1982,f,24,0.00196623
1982,f,25,0.00202153
1982,f,26,0.00207339
1982,f,27,0.00212736
1982,f,28,0.00218739
1982,f,29,0.00225608
1982,f,30,0.00233433
1982,f,31,0.00242143
1982,f,32,0.00251662
1982,f,33,0.00261909
1982,f,34,0.00272871
1982,f,35,0.00284618
1982,f,36,0.00297276
1982,f,37,0.00311032
1982,f,38,0.00326121
1982,f,39,0.00342779
1982,f,40,0.00361232
1982,f,41,0.00381722
1982,f,42,0.0040451
1982,f,43,0.0042991
1982,f,44,0.00458263
1982,f,45,0.00489859
1982,f,46,0.00524975
1982,f,47,0.00563834
1982,f,48,0.00606604
1982,f,49,0.0065333
1982,f,50,0.00703985
1982,f,51,0.0075849
1982,f,52,0.00816837
1982,f,53,0.00879432
1982,f,54,0.00947009
1982,f,55,0.01021053
1982,f,56,0.01103464
1982,f,57,0.01196326
1982,f,58,0.01301884
1982,f,59,0.01421689
1982,f,60,0.01557012
1982,f,61,0.01708453
1982,f,62,0.01876354
1982,f,63,0.02061941
1982,f,64,0.02267069
1982,f,65,0.02521201
1982,f,66,0.0280384
1982,f,67,0.03118164
1982,f,68,0.03467749
1982,f,69,0.03856561
1982,f,70,0.0428897
1982,f,71,0.04769839
1982,f,72,0.05304583
1982,f,73,0.05899208
1982,f,74,0.06560456
1982,f,75,0.07295871
1982,f,76,0.08113834
1982,f,77,0.08958397
1982,f,78,0.09871807
1982,f,79,0.10861411
1982,f,80,0.11935356
1982,f,81,0.13102117
1982,f,82,0.14368905
1982,f,83,0.15738571
1982,f,84,0.17209695
1982,f,85,0.18772853
1982,f,86,0.2041585
1982,f,87,0.2212817
1982,f,88,0.23903472
1982,f,89,0.2574974
1982,f,90,0.27682095
1982,f,91,0.29724633
1982,f,92,0.31901802
1982,f,93,0.34225078
1982,f,94,0.36698158
1982,f,95,0.39760204
1982,f,96,0.42880156
1982,f,97,0.46261194
1982,f,98,0.49925286
1982,f,99,0.53896475
1982,f,100,0.6297274
1983,f,0,0.04925579
1983,f,1,0.01108086
1983,f,2,0.00646344
1983,f,3,0.00384614
1983,f,4,0.00238282
1983,f,5,0.00156999
1983,f,6,0.00112065
1983,f,7,8.786e-4
1983,f,8,7.556e-4
1983,f,9,7.0784e-4
1983,f,10,7.1011e-4
1983,f,11,7.482e-4
1983,f,12,8.1281e-4
1983,f,13,8.9502e-4
1983,f,14,9.8893e-4
1983,f,15,0.00108904
1983,f,16,0.0011929
1983,f,17,0.00129949
1983,f,18,0.00140749
1983,f,19,0.0015151
1983,f,20,0.00161918
1983,f,21,0.00171578
1983,f,22,0.00180194
1983,f,23,0.00187582
1983,f,24,0.00193852
1983,f,25,0.00199334
1983,f,26,0.00204481
1983,f,27,0.00209834
1983,f,28,0.00215778
1983,f,29,0.00222571
1983,f,30,0.00230307
1983,f,31,0.00238925
1983,f,32,0.00248356
1983,f,33,0.00258528
1983,f,34,0.00269433
1983,f,35,0.00281137
1983,f,36,0.00293757
1983,f,37,0.00307473
1983,f,38,0.00322515
1983,f,39,0.00339118
1983,f,40,0.00357512
1983,f,41,0.00377948
1983,f,42,0.00400695
1983,f,43,0.00426062
1983,f,44,0.00454387
1983,f,45,0.00485954
1983,f,46,0.00521031
1983,f,47,0.0055983
1983,f,48,0.00602507
1983,f,49,0.00649101
1983,f,50,0.00699591
1983,f,51,0.00753913
1983,f,52,0.00812076
1983,f,53,0.00874489
1983,f,54,0.00941889
1983,f,55,0.01015756
1983,f,56,0.01097979
1983,f,57,0.01190629
1983,f,58,0.01295903
1983,f,59,0.01415329
1983,f,60,0.01550209
1983,f,61,0.01701194
1983,f,62,0.01868694
1983,f,63,0.02053929
1983,f,64,0.02258742
1983,f,65,0.02511702
1983,f,66,0.02793
1983,f,67,0.03105808
1983,f,68,0.03453659
1983,f,69,0.03840479
1983,f,70,0.04270631
1983,f,71,0.04748968
1983,f,72,0.05280885
1983,f,73,0.05872366
1983,f,74,0.06530085
1983,f,75,0.07261483
1983,f,76,0.08074833
1983,f,77,0.08917737
1983,f,78,0.09829298
1983,f,79,0.10816752
1983,f,80,0.11888271
1983,f,81,0.13052529
1983,f,82,0.14317003
1983,f,83,0.15684797
1983,f,84,0.17154739
1983,f,85,0.18717663
1983,f,86,0.20361564
1983,f,87,0.22075913
1983,f,88,0.23854126
1983,f,89,0.25703661
1983,f,90,0.27639055
1983,f,91,0.29683821
1983,f,92,0.31862005
1983,f,93,0.34185214
1983,f,94,0.36657834
1983,f,95,0.40630922
1983,f,96,0.44668172
1983,f,97,0.49285101
1983,f,98,0.54565086
1983,f,99,0.60603518
1983,f,100,0.73578107
1984,f,0,0.04828928
1984,f,1,0.01076369
1984,f,2,0.00634
1984,f,3,0.00382582
1984,f,4,0.00241246
1984,f,5,0.00162186
1984,f,6,0.00118144
1984,f,7,9.4104e-4
1984,f,8,8.1428e-4
1984,f,9,7.5895e-4
1984,f,10,7.5203e-4
1984,f,11,7.812e-4
1984,f,12,8.3899e-4
1984,f,13,9.1622e-4
1984,f,14,0.00100576
1984,f,15,0.00110251
1984,f,16,0.00120422
1984,f,17,0.00130983
1984,f,18,0.0014173
1984,f,19,0.00152399
1984,f,20,0.00162686
1984,f,21,0.00172223
1984,f,22,0.00180741
1984,f,23,0.00188103
1984,f,24,0.00194435
1984,f,25,0.0020004
1984,f,26,0.00205339
1984,f,27,0.00210832
1984,f,28,0.00216897
1984,f,29,0.00223797
1984,f,30,0.00231625
1984,f,31,0.00240329
1984,f,32,0.00249849
1984,f,33,0.00260119
1984,f,34,0.00271134
1984,f,35,0.00282957
1984,f,36,0.00295699
1984,f,37,0.00309532
1984,f,38,0.00324667
1984,f,39,0.00341337
1984,f,40,0.00359783
1984,f,41,0.00380273
1984,f,42,0.00403093
1984,f,43,0.00428543
1984,f,44,0.00456948
1984,f,45,0.0048859
1984,f,46,0.00523736
1984,f,47,0.00562592
1984,f,48,0.00605304
1984,f,49,0.00651907
1984,f,50,0.00702386
1984,f,51,0.00756693
1984,f,52,0.00814857
1984,f,53,0.0087731
1984,f,54,0.00944795
1984,f,55,0.01018764
1984,f,56,0.01101071
1984,f,57,0.01193752
1984,f,58,0.01298996
1984,f,59,0.01418352
1984,f,60,0.0155312
1984,f,61,0.01703972
1984,f,62,0.01871343
1984,f,63,0.02056511
1984,f,64,0.02261364
1984,f,65,0.0251327
1984,f,66,0.02793299
1984,f,67,0.03104575
1984,f,68,0.03450672
1984,f,69,0.03835485
1984,f,70,0.04263201
1984,f,71,0.04738489
1984,f,72,0.05266552
1984,f,73,0.05853141
1984,f,74,0.06504919
1984,f,75,0.07229458
1984,f,76,0.0803515
1984,f,77,0.08874952
1984,f,78,0.09783959
1984,f,79,0.1076936
1984,f,80,0.11839087
1984,f,81,0.13001827
1984,f,82,0.1426515
1984,f,83,0.15632523
1984,f,84,0.17103287
1984,f,85,0.18668367
1984,f,86,0.20315747
1984,f,87,0.22034775
1984,f,88,0.2381893
1984,f,89,0.25675729
1984,f,90,0.27619522
1984,f,91,0.29673684
1984,f,92,0.31862002
1984,f,93,0.34196015
1984,f,94,0.36679403
1984,f,95,0.39629457
1984,f,96,0.42694591
1984,f,97,0.46002919
1984,f,98,0.49574475
1984,f,99,0.53431242
1984,f,100,0.62275995
1985,f,0,0.0467321
1985,f,1,0.01010857
1985,f,2,0.00600751
1985,f,3,0.00364123
1985,f,4,0.00229444
1985,f,5,0.0015336
1985,f,6,0.00110663
1985,f,7,8.7327e-4
1985,f,8,7.5264e-4
1985,f,9,7.0396e-4
1985,f,10,7.0355e-4
1985,f,11,7.3807e-4
1985,f,12,7.9901e-4
1985,f,13,8.7815e-4
1985,f,14,9.6992e-4
1985,f,15,0.0010691
1985,f,16,0.00117293
1985,f,17,0.00127965
1985,f,18,0.0013874
1985,f,19,0.00149389
1985,f,20,0.00159602
1985,f,21,0.00169025
1985,f,22,0.00177413
1985,f,23,0.00184636
1985,f,24,0.00190824
1985,f,25,0.00196294
1985,f,26,0.00201469
1985,f,27,0.00206844
1985,f,28,0.00212779
1985,f,29,0.00219522
1985,f,30,0.00227171
1985,f,31,0.00235691
1985,f,32,0.00245034
1985,f,33,0.00255148
1985,f,34,0.00266031
1985,f,35,0.00277745
1985,f,36,0.00290395
1985,f,37,0.00304145
1985,f,38,0.0031921
1985,f,39,0.00335821
1985,f,40,0.00354212
1985,f,41,0.00374649
1985,f,42,0.00397413
1985,f,43,0.0042283
1985,f,44,0.00451243
1985,f,45,0.00482916
1985,f,46,0.00518097
1985,f,47,0.00556967
1985,f,48,0.00599666
1985,f,49,0.00646237
1985,f,50,0.00696662
1985,f,51,0.00750902
1985,f,52,0.00808998
1985,f,53,0.00871381
1985,f,54,0.00938804
1985,f,55,0.01012719
1985,f,56,0.01094976
1985,f,57,0.01187606
1985,f,58,0.01292798
1985,f,59,0.01412102
1985,f,60,0.01546818
1985,f,61,0.01697631
1985,f,62,0.01865009
1985,f,63,0.02050262
1985,f,64,0.02255326
1985,f,65,0.02505477
1985,f,66,0.02783393
1985,f,67,0.03092144
1985,f,68,0.03435188
1985,f,69,0.03816341
1985,f,70,0.04239777
1985,f,71,0.04710136
1985,f,72,0.05232581
1985,f,73,0.05812838
1985,f,74,0.06457369
1985,f,75,0.07173412
1985,f,76,0.07968997
1985,f,77,0.08805426
1985,f,78,0.09710291
1985,f,79,0.10690572
1985,f,80,0.11754437
1985,f,81,0.1291114
1985,f,82,0.14168926
1985,f,83,0.1553171
1985,f,84,0.16999109
1985,f,85,0.18562294
1985,f,86,0.2020936
1985,f,87,0.21929538
1985,f,88,0.23715848
1985,f,89,0.25575349000000003
1985,f,90,0.27522112
1985,f,91,0.29579241
1985,f,92,0.31770255
1985,f,93,0.34105853
1985,f,94,0.3658925
1985,f,95,0.39582454
1985,f,96,0.42633218
1985,f,97,0.45918981
1985,f,98,0.49457858
1985,f,99,0.53269383
1985,f,100,0.61999167
1986,f,0,0.04517576
1986,f,1,0.0095953
1986,f,2,0.00577706
1986,f,3,0.00355011
1986,f,4,0.00226715
1986,f,5,0.00153299
1986,f,6,0.00111551
1986,f,7,8.835e-4
1986,f,8,7.6008e-4
1986,f,9,7.0658e-4
1986,f,10,7.0078e-4
1986,f,11,7.3037e-4
1986,f,12,7.8772e-4
1986,f,13,8.6444e-4
1986,f,14,9.5428e-4
1986,f,15,0.00105221
1986,f,16,0.00115532
1986,f,17,0.00126143
1986,f,18,0.00136856
1986,f,19,0.00147427
1986,f,20,0.00157535
1986,f,21,0.00166839
1986,f,22,0.00175111
1986,f,23,0.00182257
1986,f,24,0.00188425
1986,f,25,0.00193918
1986,f,26,0.0019913
1986,f,27,0.0020452
1986,f,28,0.00210427
1986,f,29,0.00217095
1986,f,30,0.00224635
1986,f,31,0.00233036
1986,f,32,0.00242277
1986,f,33,0.00252325
1986,f,34,0.00263187
1986,f,35,0.00274914
1986,f,36,0.00287601
1986,f,37,0.00301392
1986,f,38,0.00316507
1986,f,39,0.00333187
1986,f,40,0.0035166
1986,f,41,0.00372197
1986,f,42,0.00395082
1986,f,43,0.00420631
1986,f,44,0.00449176
1986,f,45,0.00480969
1986,f,46,0.00516237
1986,f,47,0.00555144
1986,f,48,0.00597797
1986,f,49,0.00644235
1986,f,50,0.00694468
1986,f,51,0.00748496
1986,f,52,0.00806405
1986,f,53,0.00868647
1986,f,54,0.00935975
1986,f,55,0.01009824
1986,f,56,0.01092018
1986,f,57,0.01184557
1986,f,58,0.01289611
1986,f,59,0.01408732
1986,f,60,0.01543227
1986,f,61,0.01693821
1986,f,62,0.01861034
1986,f,63,0.02046247
1986,f,64,0.02251438
1986,f,65,0.02500154
1986,f,66,0.02776332
1986,f,67,0.03082967
1986,f,68,0.03423664
1986,f,69,0.03802191
1986,f,70,0.04222352
1986,f,71,0.04688409
1986,f,72,0.05205133
1986,f,73,0.05778132
1986,f,74,0.06414077
1986,f,75,0.07120286
1986,f,76,0.07904853
1986,f,77,0.08736453
1986,f,78,0.09637485
1986,f,79,0.10615093
1986,f,80,0.11676831
1986,f,81,0.12831675
1986,f,82,0.14087715
1986,f,83,0.15449228
1986,f,84,0.16916718
1986,f,85,0.18481814
1986,f,86,0.20132931
1986,f,87,0.21859382
1986,f,88,0.23654263
1986,f,89,0.2552431
1986,f,90,0.2748291
1986,f,91,0.29552505
1986,f,92,0.31755959
1986,f,93,0.34104004
1986,f,94,0.36599761
1986,f,95,0.3960178
1986,f,96,0.42670583
1986,f,97,0.45975817
1986,f,98,0.49535853
1986,f,99,0.53370793
1986,f,100,0.62143436
1987,f,0,0.04327025
1987,f,1,0.00890064
1987,f,2,0.00540865
1987,f,3,0.00335153
1987,f,4,0.00215632
1987,f,5,0.00146783
1987,f,6,0.00107453
1987,f,7,8.5559e-4
1987,f,8,7.3929e-4
1987,f,9,6.8903e-4
1987,f,10,6.8369e-4
1987,f,11,7.1165e-4
1987,f,12,7.6576e-4
1987,f,13,8.3878e-4
1987,f,14,9.254e-4
1987,f,15,0.00102086
1987,f,16,0.00112223
1987,f,17,0.00122701
1987,f,18,0.00133253
1987,f,19,0.00143578
1987,f,20,0.00153379
1987,f,21,0.00162368
1987,f,22,0.00170368
1987,f,23,0.00177316
1987,f,24,0.00183353
1987,f,25,0.00188771
1987,f,26,0.00193945
1987,f,27,0.00199303
1987,f,28,0.0020517
1987,f,29,0.00211779
1987,f,30,0.0021924
1987,f,31,0.00227554
1987,f,32,0.00236706
1987,f,33,0.00246671
1987,f,34,0.00257457
1987,f,35,0.00269113
1987,f,36,0.00281726
1987,f,37,0.00295428
1987,f,38,0.00310409
1987,f,39,0.00326891
1987,f,40,0.0034512
1987,f,41,0.00365389
1987,f,42,0.00388009
1987,f,43,0.00413307
1987,f,44,0.00441616
1987,f,45,0.00473179
1987,f,46,0.0050821
1987,f,47,0.00546852
1987,f,48,0.00589202
1987,f,49,0.00635292
1987,f,50,0.00685121
1987,f,51,0.00738705
1987,f,52,0.00796143
1987,f,53,0.00857906
1987,f,54,0.00924755
1987,f,55,0.0099809
1987,f,56,0.01079682
1987,f,57,0.01171474
1987,f,58,0.0127557
1987,f,59,0.0139351
1987,f,60,0.01526631
1987,f,61,0.01675728
1987,f,62,0.01841416
1987,f,63,0.02025104
1987,f,64,0.0222879
1987,f,65,0.02474815
1987,f,66,0.02748025
1987,f,67,0.03051406
1987,f,68,0.03388324
1987,f,69,0.03762493
1987,f,70,0.04177982
1987,f,71,0.04639312
1987,f,72,0.05151512
1987,f,73,0.05720126
1987,f,74,0.06351427
1987,f,75,0.07052471
1987,f,76,0.07831083
1987,f,77,0.08660742
1987,f,78,0.09558874
1987,f,79,0.10532234
1987,f,80,0.11588902
1987,f,81,0.12738727
1987,f,82,0.13990789
1987,f,83,0.15349973
1987,f,84,0.16816932
1987,f,85,0.18383413
1987,f,86,0.20037806
1987,f,87,0.21769139
1987,f,88,0.23569889
1987,f,89,0.25446309
1987,f,90,0.27411538
1987,f,91,0.29487827
1987,f,92,0.31697906
1987,f,93,0.34052038
1987,f,94,0.36553026
1987,f,95,0.40454516
1987,f,96,0.44291256
1987,f,97,0.4861137
1987,f,98,0.53475836
1987,f,99,0.589534
1987,f,100,0.70905159
1988,f,0,0.04149406
1988,f,1,0.00830796
1988,f,2,0.00509548
1988,f,3,0.00318477
1988,f,4,0.00206429
1988,f,5,0.00141319
1988,f,6,0.0010382
1988,f,7,8.2759e-4
1988,f,8,7.1472e-4
1988,f,9,6.6543e-4
1988,f,10,6.5952e-4
1988,f,11,6.8582e-4
1988,f,12,7.3739e-4
1988,f,13,8.0756e-4
1988,f,14,8.9147e-4
1988,f,15,9.8463e-4
1988,f,16,0.001084
1988,f,17,0.00118682
1988,f,18,0.00129017
1988,f,19,0.00139087
1988,f,20,0.00148605
1988,f,21,0.00157311
1988,f,22,0.00165058
1988,f,23,0.00171811
1988,f,24,0.00177714
1988,f,25,0.00183044
1988,f,26,0.00188148
1988,f,27,0.00193424
1988,f,28,0.00199175
1988,f,29,0.0020563
1988,f,30,0.00212907
1988,f,31,0.00221025
1988,f,32,0.00229988
1988,f,33,0.00239784
1988,f,34,0.00250425
1988,f,35,0.00261954
1988,f,36,0.00274446
1988,f,37,0.0028802
1988,f,38,0.00302841
1988,f,39,0.0031913
1988,f,40,0.0033715
1988,f,41,0.00357221
1988,f,42,0.0037968
1988,f,43,0.00404851
1988,f,44,0.00433044
1988,f,45,0.00464481
1988,f,46,0.0049935
1988,f,47,0.00537765
1988,f,48,0.00579794
1988,f,49,0.00625466
1988,f,50,0.00674794
1988,f,51,0.00727826
1988,f,52,0.00784703
1988,f,53,0.0084591
1988,f,54,0.00912214
1988,f,55,0.00984987
1988,f,56,0.01065956
1988,f,57,0.01157016
1988,f,58,0.01260215
1988,f,59,0.01377076
1988,f,60,0.01508945
1988,f,61,0.01656677
1988,f,62,0.01820973
1988,f,63,0.0200329
1988,f,64,0.02205671
1988,f,65,0.02448337
1988,f,66,0.02717714
1988,f,67,0.03016737
1988,f,68,0.03348735
1988,f,69,0.03717338
1988,f,70,0.04126473
1988,f,71,0.04580509
1988,f,72,0.05084307
1988,f,73,0.05643288
1988,f,74,0.06263636
1988,f,75,0.0695227
1988,f,76,0.07716858
1988,f,77,0.085388
1988,f,78,0.09428903
1988,f,79,0.10393838
1988,f,80,0.1144166
1988,f,81,0.12582561
1988,f,82,0.13826062
1988,f,83,0.15177513
1988,f,84,0.16637984
1988,f,85,0.18199189
1988,f,86,0.19849295
1988,f,87,0.21576956
1988,f,88,0.23374261
1988,f,89,0.25247453
1988,f,90,0.27209872
1988,f,91,0.29284234
1988,f,92,0.3149366
1988,f,93,0.33848085
1988,f,94,0.36349651
1988,f,95,0.3938791
1988,f,96,0.42483257
1988,f,97,0.45821854
1988,f,98,0.49422855
1988,f,99,0.53306888
1988,f,100,0.62194846
1989,f,0,0.0393189
1989,f,1,0.00762313
1989,f,2,0.00473203
1989,f,3,0.00298924
1989,f,4,0.00195418
1989,f,5,0.00134573
1989,f,6,9.918e-4
1989,f,7,7.9147e-4
1989,f,8,6.8362e-4
1989,f,9,6.3635e-4
1989,f,10,6.3055e-4
1989,f,11,6.5558e-4
1989,f,12,7.0488e-4
1989,f,13,7.7251e-4
1989,f,14,8.5423e-4
1989,f,15,9.4572e-4
1989,f,16,0.0010438
1989,f,17,0.00114525
1989,f,18,0.00124688
1989,f,19,0.00134535
1989,f,20,0.00143785
1989,f,21,0.00152209
1989,f,22,0.00159695
1989,f,23,0.0016624
1989,f,24,0.00171996
1989,f,25,0.00177227
1989,f,26,0.0018226
1989,f,27,0.00187457
1989,f,28,0.00193104
1989,f,29,0.00199415
1989,f,30,0.00206517
1989,f,31,0.0021445
1989,f,32,0.00223237
1989,f,33,0.00232883
1989,f,34,0.00243407
1989,f,35,0.00254845
1989,f,36,0.00267261
1989,f,37,0.00280754
1989,f,38,0.00295479
1989,f,39,0.00311654
1989,f,40,0.00329541
1989,f,41,0.00349474
1989,f,42,0.00371801
1989,f,43,0.00396855
1989,f,44,0.0042495
1989,f,45,0.00456291
1989,f,46,0.00491041
1989,f,47,0.00529281
1989,f,48,0.00571056
1989,f,49,0.00616391
1989,f,50,0.00665303
1989,f,51,0.00717876
1989,f,52,0.00774289
1989,f,53,0.00835049
1989,f,54,0.00900934
1989,f,55,0.00973281
1989,f,56,0.01053765
1989,f,57,0.01144223
1989,f,58,0.01246646
1989,f,59,0.0136255
1989,f,60,0.01493308
1989,f,61,0.0163985
1989,f,62,0.01802987
1989,f,63,0.0198425
1989,f,64,0.02185734
1989,f,65,0.02425002
1989,f,66,0.02690474
1989,f,67,0.02985011
1989,f,68,0.03311837
1989,f,69,0.0367449
1989,f,70,0.04076831
1989,f,71,0.04523148
1989,f,72,0.05018208
1989,f,73,0.05567315
1989,f,74,0.06176451
1989,f,75,0.06852289
1989,f,76,0.0760222
1989,f,77,0.08417255
1989,f,78,0.09300038
1989,f,79,0.10257031
1989,f,80,0.11296403000000001
1989,f,81,0.12428831
1989,f,82,0.13664463
1989,f,83,0.1500925
1989,f,84,0.16464756
1989,f,85,0.18023019
1989,f,86,0.19672391
1989,f,87,0.21401434
1989,f,88,0.23201949
1989,f,89,0.25079808
1989,f,90,0.27047923
1989,f,91,0.29128567
1989,f,92,0.3134437
1989,f,93,0.33704659
1989,f,94,0.3621084
1989,f,95,0.3928008
1989,f,96,0.42397222
1989,f,97,0.45761818
1989,f,98,0.49393583
1989,f,99,0.53313735
1989,f,100,0.62281772
1990,f,0,0.03706475
1990,f,1,0.00700302
1990,f,2,0.00441985
1990,f,3,0.00285208
1990,f,4,0.00190895
1990,f,5,0.00134593
1990,f,6,0.00101347
1990,f,7,8.2173e-4
1990,f,8,7.154e-4
1990,f,9,6.6572e-4
1990,f,10,6.5542e-4
1990,f,11,6.7506e-4
1990,f,12,7.1906e-4
1990,f,13,7.8195e-4
1990,f,14,8.5948e-4
1990,f,15,9.4775e-4
1990,f,16,0.00104353
1990,f,17,0.00114327
1990,f,18,0.00124317
1990,f,19,0.00133926
1990,f,20,0.00142884
1990,f,21,0.00150998
1990,f,22,0.00158202
1990,f,23,0.00164543
1990,f,24,0.00170185
1990,f,25,0.00175375
1990,f,26,0.00180404
1990,f,27,0.00185591
1990,f,28,0.00191205
1990,f,29,0.00197458
1990,f,30,0.00204473
1990,f,31,0.00212302
1990,f,32,0.00220982
1990,f,33,0.0023053
1990,f,34,0.00240979
1990,f,35,0.00252366
1990,f,36,0.00264747
1990,f,37,0.00278211
1990,f,38,0.00292899
1990,f,39,0.00309023
1990,f,40,0.0032685
1990,f,41,0.0034673
1990,f,42,0.00369024
1990,f,43,0.00394072
1990,f,44,0.00422185
1990,f,45,0.00453551
1990,f,46,0.0048831
1990,f,47,0.00526516
1990,f,48,0.00568188
1990,f,49,0.00613349
1990,f,50,0.0066202
1990,f,51,0.00714317
1990,f,52,0.00770456
1990,f,53,0.0083096
1990,f,54,0.00896623
1990,f,55,0.00968755
1990,f,56,0.01048988
1990,f,57,0.01139109
1990,f,58,0.01241064
1990,f,59,0.01356368
1990,f,60,0.01486405
1990,f,61,0.01632171
1990,f,62,0.01794576
1990,f,63,0.0197521
1990,f,64,0.02176237
1990,f,65,0.02412817
1990,f,66,0.02675205
1990,f,67,0.02966228
1990,f,68,0.03289319
1990,f,69,0.03647954
1990,f,70,0.04045544
1990,f,71,0.04485915
1990,f,72,0.04973356
1990,f,73,0.05512685
1990,f,74,0.0610998
1990,f,75,0.06772275
1990,f,76,0.07507307
1990,f,77,0.08315824
1990,f,78,0.09193418
1990,f,79,0.10146198
1990,f,80,0.11181901
1990,f,81,0.12311189
1990,f,82,0.13544364
1990,f,83,0.14888177
1990,f,84,0.16345199
1990,f,85,0.17907834
1990,f,86,0.19564633
1990,f,87,0.21304008
1990,f,88,0.23117409
1990,f,89,0.25010288
1990,f,90,0.26995021
1990,f,91,0.29093311
1990,f,92,0.31327225
1990,f,93,0.33705572
1990,f,94,0.36229183
1990,f,95,0.39484605
1990,f,96,0.42700425
1990,f,97,0.4618384
1990,f,98,0.49957328
1990,f,99,0.54045079
1990,f,100,0.63320337
1991,f,0,0.03540146
1991,f,1,0.00651076
1991,f,2,0.00425614
1991,f,3,0.00286227
1991,f,4,0.00200217
1991,f,5,0.00147468
1991,f,6,0.00115532
1991,f,7,9.6584e-4
1991,f,8,8.5424e-4
1991,f,9,7.9433e-4
1991,f,10,7.7161e-4
1991,f,11,7.784e-4
1991,f,12,8.1058e-4
1991,f,13,8.604e-4
1991,f,14,9.2088e-4
1991,f,15,9.8905e-4
1991,f,16,0.00106372
1991,f,17,0.00114428
1991,f,18,0.00122818
1991,f,19,0.00131204
1991,f,20,0.00139334
1991,f,21,0.00146914
1991,f,22,0.00153747
1991,f,23,0.00159805
1991,f,24,0.00165247
1991,f,25,0.00170307
1991,f,26,0.0017531
1991,f,27,0.00180651
1991,f,28,0.00186658
1991,f,29,0.00193594
1991,f,30,0.00201538
1991,f,31,0.00210445
1991,f,32,0.00220256
1991,f,33,0.00230908
1991,f,34,0.00242384
1991,f,35,0.0025471
1991,f,36,0.00267946
1991,f,37,0.00282194
1991,f,38,0.00297575
1991,f,39,0.00314218
1991,f,40,0.00332267
1991,f,41,0.00351893
1991,f,42,0.00373319
1991,f,43,0.00396858
1991,f,44,0.00422926
1991,f,45,0.00452087
1991,f,46,0.00484936
1991,f,47,0.00521999
1991,f,48,0.00563631
1991,f,49,0.00609711
1991,f,50,0.00659828
1991,f,51,0.0071313
1991,f,52,0.00768732
1991,f,53,0.00826496
1991,f,54,0.0088686
1991,f,55,0.00951804
1991,f,56,0.01024046
1991,f,57,0.01106611
1991,f,58,0.0120271
1991,f,59,0.01314116
1991,f,60,0.01441955
1991,f,61,0.01585819
1991,f,62,0.01744487
1991,f,63,0.01917801
1991,f,64,0.02106266
1991,f,65,0.02338231
1991,f,66,0.02595874
1991,f,67,0.02882027
1991,f,68,0.03200103
1991,f,69,0.03553625
1991,f,70,0.03946116
1991,f,71,0.04381532
1991,f,72,0.04864309
1991,f,73,0.0539933
1991,f,74,0.05992757
1991,f,75,0.06651828
1991,f,76,0.07384515
1991,f,77,0.08183777
1991,f,78,0.09052216
1991,f,79,0.09996039
1991,f,80,0.11022802
1991,f,81,0.12143269
1991,f,82,0.1336795
1991,f,83,0.14704354
1991,f,84,0.16155624
1991,f,85,0.17713906
1991,f,86,0.19367359
1991,f,87,0.21103805
1991,f,88,0.22914408
1991,f,89,0.24804833
1991,f,90,0.26787542
1991,f,91,0.28884467
1991,f,92,0.3111791
1991,f,93,0.33496997
1991,f,94,0.36022215
1991,f,95,0.39028405
1991,f,96,0.42165332
1991,f,97,0.45553584
1991,f,98,0.49213442
1991,f,99,0.53167129
1991,f,100,0.62232425
1992,f,0,0.03330484
1992,f,1,0.00588552
1992,f,2,0.00383133
1992,f,3,0.00253232
1992,f,4,0.00172547
1992,f,5,0.00123195
1992,f,6,9.3552e-4
1992,f,7,7.6429e-4
1992,f,8,6.7174e-4
1992,f,9,6.3232e-4
1992,f,10,6.2939e-4
1992,f,11,6.5263e-4
1992,f,12,6.95e-4
1992,f,13,7.501e-4
1992,f,14,8.1399e-4
1992,f,15,8.8341e-4
1992,f,16,9.5706e-4
1992,f,17,0.00103446
1992,f,18,0.00111476
1992,f,19,0.00119654
1992,f,20,0.0012773
1992,f,21,0.00135386
1992,f,22,0.00142377
1992,f,23,0.00148545
1992,f,24,0.00153973
1992,f,25,0.00158925
1992,f,26,0.00163778
1992,f,27,0.00168986
1992,f,28,0.00174883
1992,f,29,0.00181704
1992,f,30,0.00189543
1992,f,31,0.00198364
1992,f,32,0.00208111
1992,f,33,0.00218712
1992,f,34,0.00230133
1992,f,35,0.00242391
1992,f,36,0.00255536
1992,f,37,0.0026966
1992,f,38,0.00284884
1992,f,39,0.00301335
1992,f,40,0.00319145
1992,f,41,0.00338481
1992,f,42,0.00359574
1992,f,43,0.00382779
1992,f,44,0.0040857
1992,f,45,0.0043756
1992,f,46,0.00470392
1992,f,47,0.00507633
1992,f,48,0.00549663
1992,f,49,0.00596307
1992,f,50,0.00647028
1992,f,51,0.00700753
1992,f,52,0.00756353
1992,f,53,0.00813539
1992,f,54,0.008727
1992,f,55,0.00936024
1992,f,56,0.0100653
1992,f,57,0.01087555
1992,f,58,0.01182602
1992,f,59,0.01293463
1992,f,60,0.01421154
1992,f,61,0.01564881
1992,f,62,0.01722858
1992,f,63,0.01894475
1992,f,64,0.02079853
1992,f,65,0.02308344
1992,f,66,0.02561941
1992,f,67,0.02843399
1992,f,68,0.03155784
1992,f,69,0.035025
1992,f,70,0.03887308
1992,f,71,0.04314382
1992,f,72,0.04788356
1992,f,73,0.05314381
1992,f,74,0.0589819
1992,f,75,0.06546146
1992,f,76,0.07265312
1992,f,77,0.08058198
1992,f,78,0.08918186
1992,f,79,0.09851307
1992,f,80,0.10865854
1992,f,81,0.11973611
1992,f,82,0.1318623
1992,f,83,0.14511285
1992,f,84,0.15951894
1992,f,85,0.17501184
1992,f,86,0.19148203
1992,f,87,0.2088144
1992,f,88,0.22692144
1992,f,89,0.24585243
1992,f,90,0.26572423
1992,f,91,0.28674726
1992,f,92,0.30913431
1992,f,93,0.33296419
1992,f,94,0.35823236
1992,f,95,0.39028672
1992,f,96,0.4225252
1992,f,97,0.45749403
1992,f,98,0.4954249
1992,f,99,0.5365694
1992,f,100,0.63041344
1993,f,0,0.03178815
1993,f,1,0.00553758
1993,f,2,0.00359265
1993,f,3,0.00236989
1993,f,4,0.00161416
1993,f,5,0.00115398
1993,f,6,8.7887e-4
1993,f,7,7.208e-4
1993,f,8,6.3588e-4
1993,f,9,6.0031e-4
1993,f,10,5.9865e-4
1993,f,11,6.2131e-4
1993,f,12,6.6167e-4
1993,f,13,7.1334e-4
1993,f,14,7.7241e-4
1993,f,15,8.3599e-4
1993,f,16,9.0343e-4
1993,f,17,9.7502e-4
1993,f,18,0.00105041
1993,f,19,0.0011286
1993,f,20,0.00120731
1993,f,21,0.00128321
1993,f,22,0.00135357
1993,f,23,0.00141634
1993,f,24,0.00147194
1993,f,25,0.00152278
1993,f,26,0.0015725
1993,f,27,0.00162569
1993,f,28,0.00168574
1993,f,29,0.00175509
1993,f,30,0.00183469
1993,f,31,0.00192416
1993,f,32,0.0020229
1993,f,33,0.00213006
1993,f,34,0.00224521
1993,f,35,0.00236839
1993,f,36,0.0025
1993,f,37,0.00264084
1993,f,38,0.00279197
1993,f,39,0.00295456
1993,f,40,0.00313002
1993,f,41,0.00332013
1993,f,42,0.00352743
1993,f,43,0.00375563
1993,f,44,0.00400968
1993,f,45,0.00429625
1993,f,46,0.00462236
1993,f,47,0.00499411
1993,f,48,0.00541555
1993,f,49,0.00588435
1993,f,50,0.00639402
1993,f,51,0.00693179
1993,f,52,0.0074841
1993,f,53,0.00804678
1993,f,54,0.0086232
1993,f,55,0.00923694
1993,f,56,0.00992062
1993,f,57,0.01071013
1993,f,58,0.011643
1993,f,59,0.01273722
1993,f,60,0.01400177
1993,f,61,0.01542487
1993,f,62,0.01698319
1993,f,63,0.01866625
1993,f,64,0.02047154
1993,f,65,0.02272383
1993,f,66,0.02522406
1993,f,67,0.02799947
1993,f,68,0.03108061
1993,f,69,0.03450114
1993,f,70,0.03829804
1993,f,71,0.0425124
1993,f,72,0.04718987
1993,f,73,0.05238111
1993,f,74,0.05814304
1993,f,75,0.06453916
1993,f,76,0.07163993
1993,f,77,0.07950065
1993,f,78,0.0880327
1993,f,79,0.09729558
1993,f,80,0.1073722
1993,f,81,0.11838262
1993,f,82,0.13044638
1993,f,83,0.14364313
1993,f,84,0.15800766
1993,f,85,0.17347234
1993,f,86,0.18992762
1993,f,87,0.20725689
1993,f,88,0.22537101
1993,f,89,0.24431915
1993,f,90,0.26421859
1993,f,91,0.28528144
1993,f,92,0.30772176
1993,f,93,0.33161583
1993,f,94,0.35695378
1993,f,95,0.38826221
1993,f,96,0.42033253
1993,f,97,0.45510032
1993,f,98,0.49279273
1993,f,99,0.53365631
1993,f,100,0.6271636
1994,f,0,0.03039929
1994,f,1,0.00528346
1994,f,2,0.0034083
1994,f,3,0.00223564
1994,f,4,0.00151509
1994,f,5,0.001079
1994,f,6,8.1995e-4
1994,f,7,6.7238e-4
1994,f,8,5.9438e-4
1994,f,9,5.6339e-4
1994,f,10,5.6457e-4
1994,f,11,5.8851e-4
1994,f,12,6.2859e-4
1994,f,13,6.7838e-4
1994,f,14,7.3424e-4
1994,f,15,7.9356e-4
1994,f,16,8.5618e-4
1994,f,17,9.2314e-4
1994,f,18,9.9464e-4
1994,f,19,0.00107025
1994,f,20,0.0011478
1994,f,21,0.00122382
1994,f,22,0.00129524
1994,f,23,0.0013595
1994,f,24,0.00141668
1994,f,25,0.00146897
1994,f,26,0.00152
1994,f,27,0.00157445
1994,f,28,0.00163582
1994,f,29,0.00170662
1994,f,30,0.00178788
1994,f,31,0.00187918
1994,f,32,0.00197988
1994,f,33,0.00208902
1994,f,34,0.00220606
1994,f,35,0.00233091
1994,f,36,0.00246385
1994,f,37,0.00260561
1994,f,38,0.00275709
1994,f,39,0.00291944
1994,f,40,0.0030941
1994,f,41,0.00328298
1994,f,42,0.00348879
1994,f,43,0.00371551
1994,f,44,0.00396844
1994,f,45,0.00425481
1994,f,46,0.00458225
1994,f,47,0.00495739
1994,f,48,0.00538453
1994,f,49,0.00586079
1994,f,50,0.00637849
1994,f,51,0.00692265
1994,f,52,0.00747728
1994,f,53,0.00803679
1994,f,54,0.00860411
1994,f,55,0.00920479
1994,f,56,0.00987435
1994,f,57,0.01065163
1994,f,58,0.011577
1994,f,59,0.01266875
1994,f,60,0.01393478
1994,f,61,0.01535945
1994,f,62,0.01691376
1994,f,63,0.01858269
1994,f,64,0.02035991
1994,f,65,0.02258791
1994,f,66,0.0250598
1994,f,67,0.02780224
1994,f,68,0.03084516
1994,f,69,0.03422144
1994,f,70,0.03796709
1994,f,71,0.04212215
1994,f,72,0.04673107
1994,f,73,0.05184339
1994,f,74,0.05751473
1994,f,75,0.06380683
1994,f,76,0.07078813
1994,f,77,0.07858607
1994,f,78,0.08705506
1994,f,79,0.09625374
1994,f,80,0.10626471
1994,f,81,0.11720946
1994,f,82,0.12920995
1994,f,83,0.14234922
1994,f,84,0.15666633
1994,f,85,0.17209842
1994,f,86,0.18854022
1994,f,87,0.20587744
1994,f,88,0.22402119
1994,f,89,0.24301719
1994,f,90,0.26297722
1994,f,91,0.28410647
1994,f,92,0.30661176
1994,f,93,0.330564
1994,f,94,0.35594907
1994,f,95,0.38769333
1994,f,96,0.41975973
1994,f,97,0.45447917
1994,f,98,0.49207152
1994,f,99,0.53277446
1994,f,100,0.62586221
1995,f,0,0.02928823
1995,f,1,0.00509313
1995,f,2,0.00325342
1995,f,3,0.00212432
1995,f,4,0.00143879
1995,f,5,0.00102722
1995,f,6,7.8435e-4
1995,f,7,6.4641e-4
1995,f,8,5.7312e-4
1995,f,9,5.4359e-4
1995,f,10,5.4416e-4
1995,f,11,5.6619e-4
1995,f,12,6.0355e-4
1995,f,13,6.4963e-4
1995,f,14,7.0052e-4
1995,f,15,7.5399e-4
1995,f,16,8.1052e-4
1995,f,17,8.719e-4
1995,f,18,9.3874e-4
1995,f,19,0.00101085
1995,f,20,0.00108625
1995,f,21,0.00116137
1995,f,22,0.00123284
1995,f,23,0.00129782
1995,f,24,0.00135611
1995,f,25,0.00140959
1995,f,26,0.00146172
1995,f,27,0.00151717
1995,f,28,0.00157952
1995,f,29,0.0016514
1995,f,30,0.00173387
1995,f,31,0.00182648
1995,f,32,0.0019285
1995,f,33,0.00203891
1995,f,34,0.00215705
1995,f,35,0.00228271
1995,f,36,0.00241603
1995,f,37,0.00255762
1995,f,38,0.00270829
1995,f,39,0.00286912
1995,f,40,0.00304155
1995,f,41,0.00322753
1995,f,42,0.00342991
1995,f,43,0.00365288
1995,f,44,0.00390207
1995,f,45,0.00418521
1995,f,46,0.00451052
1995,f,47,0.00488508
1995,f,48,0.00531343
1995,f,49,0.00579216
1995,f,50,0.00631249
1995,f,51,0.00685741
1995,f,52,0.0074086
1995,f,53,0.00795916
1995,f,54,0.00851154
1995,f,55,0.00909302
1995,f,56,0.00974159
1995,f,57,0.01049857
1995,f,58,0.01140669
1995,f,59,0.01248429
1995,f,60,0.01373813
1995,f,61,0.01514887
1995,f,62,0.01668204
1995,f,63,0.01831831
1995,f,64,0.02004766
1995,f,65,0.02224712
1995,f,66,0.02468804
1995,f,67,0.02739689
1995,f,68,0.0304037
1995,f,69,0.03374117
1995,f,70,0.03744466
1995,f,71,0.0415535
1995,f,72,0.04611144
1995,f,73,0.05116764
1995,f,74,0.05677793
1995,f,75,0.06300429
1995,f,76,0.06991539
1995,f,77,0.07765229
1995,f,78,0.08606356
1995,f,79,0.0952077
1995,f,80,0.10516559
1995,f,81,0.11605764
1995,f,82,0.12800543
1995,f,83,0.14109422
1995,f,84,0.15536678
1995,f,85,0.17076393
1995,f,86,0.18718399
1995,f,87,0.2045146
1995,f,88,0.22266811
1995,f,89,0.24168674
1995,f,90,0.26167534
1995,f,91,0.28283103
1995,f,92,0.30535354
1995,f,93,0.32931496
1995,f,94,0.35470655
1995,f,95,0.38699686
1995,f,96,0.41939611
1995,f,97,0.45452966
1995,f,98,0.49263323999999997
1995,f,99,0.53396033
1995,f,100,0.62836552
1996,f,0,0.02805914
1996,f,1,0.00478604
1996,f,2,0.00303408
1996,f,3,0.00195642
1996,f,4,0.00130594
1996,f,5,9.1932e-4
1996,f,6,6.9383e-4
1996,f,7,5.6836e-4
1996,f,8,5.0467e-4
1996,f,9,4.8251e-4
1996,f,10,4.8855e-4
1996,f,11,5.1406e-4
1996,f,12,5.5262e-4
1996,f,13,5.9784e-4
1996,f,14,6.4641e-4
1996,f,15,6.9628e-4
1996,f,16,7.4831e-4
1996,f,17,8.0483e-4
1996,f,18,8.6717e-4
1996,f,19,9.3589e-4
1996,f,20,0.00100917
1996,f,21,0.00108334
1996,f,22,0.00115479
1996,f,23,0.00122009
1996,f,24,0.00127863
1996,f,25,0.00133216
1996,f,26,0.00138416
1996,f,27,0.00143944
1996,f,28,0.00150167
1996,f,29,0.00157347
1996,f,30,0.00165595
1996,f,31,0.00174865
1996,f,32,0.00185082
1996,f,33,0.00196131
1996,f,34,0.00207935
1996,f,35,0.00220462
1996,f,36,0.00233716
1996,f,37,0.00247749
1996,f,38,0.00262633
1996,f,39,0.00278471
1996,f,40,0.00295402
1996,f,41,0.00313624
1996,f,42,0.00333426
1996,f,43,0.00355252
1996,f,44,0.00379696
1996,f,45,0.00407581
1996,f,46,0.00439783
1996,f,47,0.00477054
1996,f,48,0.00519876
1996,f,49,0.00567861
1996,f,50,0.00620019
1996,f,51,0.00674438
1996,f,52,0.0072905
1996,f,53,0.00783024
1996,f,54,0.00836555
1996,f,55,0.00892552
1996,f,56,0.00955065
1996,f,57,0.01028479
1996,f,58,0.01117295
1996,f,59,0.0122335
1996,f,60,0.01347199
1996,f,61,0.01486541
1996,f,62,0.01637387
1996,f,63,0.01797366
1996,f,64,0.01965108
1996,f,65,0.02181953
1996,f,66,0.02422728
1996,f,67,0.02690073
1996,f,68,0.02986933
1996,f,69,0.03316564
1996,f,70,0.03682564
1996,f,71,0.04088928
1996,f,72,0.04540094
1996,f,73,0.05041004
1996,f,74,0.0559717
1996,f,75,0.06214711
1996,f,76,0.0690042
1996,f,77,0.0766847
1996,f,78,0.0850363
1996,f,79,0.0941168
1996,f,80,0.1040088
1996,f,81,0.11483538
1996,f,82,0.1267212
1996,f,83,0.13975262
1996,f,84,0.15397279
1996,f,85,0.16932352
1996,f,86,0.18570346
1996,f,87,0.20300019
1996,f,88,0.22112479
1996,f,89,0.24012066
1996,f,90,0.26009669
1996,f,91,0.28125537
1996,f,92,0.30380096
1996,f,93,0.32780261
1996,f,94,0.35324369
1996,f,95,0.38513926
1996,f,96,0.41740609
1996,f,97,0.45237646
1996,f,98,0.49027741
1996,f,99,0.53135481
1996,f,100,0.62544572
1997,f,0,0.027069
1997,f,1,0.00463349
1997,f,2,0.00290389
1997,f,3,0.00185272
1997,f,4,0.00122561
1997,f,5,8.57e-4
1997,f,6,6.443e-4
1997,f,7,5.274e-4
1997,f,8,4.6922e-4
1997,f,9,4.504e-4
1997,f,10,4.5825e-4
1997,f,11,4.8432e-4
1997,f,12,5.2227e-4
1997,f,13,5.6562e-4
1997,f,14,6.111e-4
1997,f,15,6.5691e-4
1997,f,16,7.0436e-4
1997,f,17,7.5642e-4
1997,f,18,8.1487e-4
1997,f,19,8.8073e-4
1997,f,20,9.5232e-4
1997,f,21,0.00102591
1997,f,22,0.00109765
1997,f,23,0.00116371
1997,f,24,0.00122315
1997,f,25,0.00127752
1997,f,26,0.00133024
1997,f,27,0.00138621
1997,f,28,0.00144917
1997,f,29,0.00152187
1997,f,30,0.00160543
1997,f,31,0.00169941
1997,f,32,0.00180296
1997,f,33,0.00191488
1997,f,34,0.00203425
1997,f,35,0.00216065
1997,f,36,0.00229399
1997,f,37,0.00243469
1997,f,38,0.0025834
1997,f,39,0.00274108
1997,f,40,0.00290911
1997,f,41,0.00308948
1997,f,42,0.00328522
1997,f,43,0.00350097
1997,f,44,0.00374307
1997,f,45,0.00402031
1997,f,46,0.00434204
1997,f,47,0.00471633
1997,f,48,0.00514831
1997,f,49,0.0056336
1997,f,50,0.00616113
1997,f,51,0.00670957
1997,f,52,0.00725569
1997,f,53,0.00778971
1997,f,54,0.00831315
1997,f,55,0.00885712
1997,f,56,0.00946497
1997,f,57,0.0101833
1997,f,58,0.01105978
1997,f,59,0.01211288
1997,f,60,0.01334709
1997,f,61,0.01473555
1997,f,62,0.01623265
1997,f,63,0.01781019
1997,f,64,0.0194508
1997,f,65,0.02159664
1997,f,66,0.02397921
1997,f,67,0.02662461
1997,f,68,0.02956196
1997,f,69,0.03282346
1997,f,70,0.0364447
1997,f,71,0.0404652
1997,f,72,0.04492888
1997,f,73,0.04988464
1997,f,74,0.05538698
1997,f,75,0.06149637
1997,f,76,0.06827995
1997,f,77,0.0759086
1997,f,78,0.0842092
1997,f,79,0.09323917
1997,f,80,0.1030806
1997,f,81,0.1138566
1997,f,82,0.12569235
1997,f,83,0.13867591
1997,f,84,0.15285297
1997,f,85,0.16816903
1997,f,86,0.1845264
1997,f,87,0.20181505
1997,f,88,0.21994681
1997,f,89,0.23896243
1997,f,90,0.25896657
1997,f,91,0.28015619
1997,f,92,0.30273032
1997,f,93,0.32675638
1997,f,94,0.35221781
1997,f,95,0.38435468
1997,f,96,0.4167953
1997,f,97,0.45199398
1997,f,98,0.49018527
1997,f,99,0.53162356
1997,f,100,0.62655319
1998,f,0,0.0262298
1998,f,1,0.00455011
1998,f,2,0.00281494
1998,f,3,0.00177691
1998,f,4,0.00116651
1998,f,5,8.1237e-4
1998,f,6,6.1043e-4
1998,f,7,5.0073e-4
1998,f,8,4.4678e-4
1998,f,9,4.3e-4
1998,f,10,4.3844e-4
1998,f,11,4.6408e-4
1998,f,12,5.0083e-4
1998,f,13,5.4201e-4
1998,f,14,5.842e-4
1998,f,15,6.2587e-4
1998,f,16,6.6883e-4
1998,f,17,7.1667e-4
1998,f,18,7.7155e-4
1998,f,19,8.3475e-4
1998,f,20,9.0479e-4
1998,f,21,9.7789e-4
1998,f,22,0.00104999
1998,f,23,0.00111694
1998,f,24,0.00117753
1998,f,25,0.00123303
1998,f,26,0.00128679
1998,f,27,0.00134377
1998,f,28,0.00140782
1998,f,29,0.00148181
1998,f,30,0.00156693
1998,f,31,0.00166268
1998,f,32,0.00176817
1998,f,33,0.00188209
1998,f,34,0.0020034
1998,f,35,0.00213155
1998,f,36,0.00226634
1998,f,37,0.00240807
1998,f,38,0.00255732
1998,f,39,0.00271497
1998,f,40,0.0028824
1998,f,41,0.00306167
1998,f,42,0.00325594
1998,f,43,0.00347012
1998,f,44,0.00371091
1998,f,45,0.0039877
1998,f,46,0.0043105
1998,f,47,0.00468797
1998,f,48,0.0051256
1998,f,49,0.00561848
1998,f,50,0.00615437
1998,f,51,0.00670956
1998,f,52,0.00725811
1998,f,53,0.00778874
1998,f,54,0.00830252
1998,f,55,0.00883276
1998,f,56,0.00942584
1998,f,57,0.01013137
1998,f,58,0.01099977
1998,f,59,0.01204976
1998,f,60,0.01328477
1998,f,61,0.01467398
1998,f,62,0.01616586
1998,f,63,0.01772757
1998,f,64,0.01933792
1998,f,65,0.02146138
1998,f,66,0.0238181
1998,f,67,0.02643369
1998,f,68,0.02933677
1998,f,69,0.03255892
1998,f,70,0.03613491
1998,f,71,0.04010336
1998,f,72,0.04450717
1998,f,73,0.04939394
1998,f,74,0.054817
1998,f,75,0.06083578
1998,f,76,0.06751621
1998,f,77,0.07507995
1998,f,78,0.08331465
1998,f,79,0.09227749
1998,f,80,0.10205023
1998,f,81,0.11275652
1998,f,82,0.12452252
1998,f,83,0.137438
1998,f,84,0.15155069
1998,f,85,0.16680712
1998,f,86,0.18311022
1998,f,87,0.20035
1998,f,88,0.21843815
1998,f,89,0.23741603
1998,f,90,0.25738926
1998,f,91,0.27855617
1998,f,92,0.30111649
1998,f,93,0.32513504
1998,f,94,0.3505901
1998,f,95,0.38230632
1998,f,96,0.41467243
1998,f,97,0.44979396
1998,f,98,0.48790553
1998,f,99,0.52926162
1998,f,100,0.62428168
1999,f,0,0.02545833
1999,f,1,0.00441525
1999,f,2,0.00268637
1999,f,3,0.00166915
1999,f,4,0.00108018
1999,f,5,7.433e-4
1999,f,6,5.538e-4
1999,f,7,4.525e-4
1999,f,8,4.0422e-4
1999,f,9,3.9126e-4
1999,f,10,4.0212e-4
1999,f,11,4.2894e-4
1999,f,12,4.6549e-4
1999,f,13,5.0509e-4
1999,f,14,5.4454e-4
1999,f,15,5.825e-4
1999,f,16,6.2114e-4
1999,f,17,6.6452e-4
1999,f,18,7.1524e-4
1999,f,19,7.7507e-4
1999,f,20,8.4268e-4
1999,f,21,9.1432e-4
1999,f,22,9.8576e-4
1999,f,23,0.00105249
1999,f,24,0.00111297
1999,f,25,0.00116828
1999,f,26,0.00122174
1999,f,27,0.00127839
1999,f,28,0.00134215
1999,f,29,0.00141592
1999,f,30,0.00150096
1999,f,31,0.00159674
1999,f,32,0.00170233
1999,f,33,0.00181631
1999,f,34,0.00193754
1999,f,35,0.00206536
1999,f,36,0.00219945
1999,f,37,0.00234004
1999,f,38,0.00248762
1999,f,39,0.00264302
1999,f,40,0.00280757
1999,f,41,0.00298332
1999,f,42,0.00317352
1999,f,43,0.00338323
1999,f,44,0.00361948
1999,f,45,0.00389212
1999,f,46,0.00421167
1999,f,47,0.00458729
1999,f,48,0.00502475
1999,f,49,0.00551877
1999,f,50,0.00605603
1999,f,51,0.00661074
1999,f,52,0.00715451
1999,f,53,0.00767461
1999,f,54,0.00817166
1999,f,55,0.00868085
1999,f,56,0.0092511
1999,f,57,0.00993441
1999,f,58,0.01078338
1999,f,59,0.01181668
1999,f,60,0.0130366
1999,f,61,0.01440871
1999,f,62,0.01587611
1999,f,63,0.01740168
1999,f,64,0.01896079
1999,f,65,0.02106014
1999,f,66,0.02339196
1999,f,67,0.02598199
1999,f,68,0.02885905
1999,f,69,0.0320549
1999,f,70,0.03560451
1999,f,71,0.03954675
1999,f,72,0.04392481
1999,f,73,0.04878693
1999,f,74,0.05418707
1999,f,75,0.0601852
1999,f,76,0.06684785
1999,f,77,0.07436896
1999,f,78,0.08255879
1999,f,79,0.09147544
1999,f,80,0.10120284
1999,f,81,0.11186838
1999,f,82,0.12360192
1999,f,83,0.13649472000000001
1999,f,84,0.1505933
1999,f,85,0.16583732
1999,f,86,0.1821209
1999,f,87,0.19932649
1999,f,88,0.2173623
1999,f,89,0.23627938
1999,f,90,0.25619978
1999,f,91,0.27734529
1999,f,92,0.29993686
1999,f,93,0.32403927
1999,f,94,0.34961685
1999,f,95,0.38318909
1999,f,96,0.41653291
1999,f,97,0.45286813
1999,f,98,0.49246377
1999,f,99,0.53561266
1999,f,100,0.63409253
2000,f,0,0.02472828
2000,f,1,0.00397141
2000,f,2,0.00258918
2000,f,3,0.00171592
2000,f,4,0.00117637
2000,f,5,8.4974e-4
2000,f,6,6.5724e-4
2000,f,7,5.5074e-4
2000,f,8,4.9844e-4
2000,f,9,4.8278e-4
2000,f,10,4.9053e-4
2000,f,11,5.1141e-4
2000,f,12,5.3746e-4
2000,f,13,5.6132e-4
2000,f,14,5.814e-4
2000,f,15,5.99e-4
2000,f,16,6.1902e-4
2000,f,17,6.4781e-4
2000,f,18,6.8898e-4
2000,f,19,7.4485e-4
2000,f,20,8.1356e-4
2000,f,21,8.8985e-4
2000,f,22,9.675e-4
2000,f,23,0.00103931
2000,f,24,0.00110204
2000,f,25,0.00115609
2000,f,26,0.00120519
2000,f,27,0.00125557
2000,f,28,0.00131214
2000,f,29,0.00137861
2000,f,30,0.00145664
2000,f,31,0.00154591
2000,f,32,0.00164558
2000,f,33,0.00175429
2000,f,34,0.00187094
2000,f,35,0.00199491
2000,f,36,0.00212584
2000,f,37,0.00226378
2000,f,38,0.00240884
2000,f,39,0.00256118
2000,f,40,0.00272128
2000,f,41,0.00289026
2000,f,42,0.00307078
2000,f,43,0.00326824
2000,f,44,0.00349088
2000,f,45,0.00375145
2000,f,46,0.00406369
2000,f,47,0.00443951
2000,f,48,0.00488593
2000,f,49,0.00539324
2000,f,50,0.00593928
2000,f,51,0.0064829
2000,f,52,0.00698002
2000,f,53,0.00741354
2000,f,54,0.00778921
2000,f,55,0.00816523
2000,f,56,0.00861695
2000,f,57,0.00921863
2000,f,58,0.01004326
2000,f,59,0.01110955
2000,f,60,0.01240856
2000,f,61,0.01386781
2000,f,62,0.01537097
2000,f,63,0.01683887
2000,f,64,0.01822066
2000,f,65,0.02029005
2000,f,66,0.02259446
2000,f,67,0.02516059
2000,f,68,0.02801816
2000,f,69,0.03120028
2000,f,70,0.03474381
2000,f,71,0.03868978
2000,f,72,0.04308392
2000,f,73,0.04797711
2000,f,74,0.05342604
2000,f,75,0.05949382
2000,f,76,0.06625074
2000,f,77,0.07375608
2000,f,78,0.08193723
2000,f,79,0.09085148
2000,f,80,0.10058025
2000,f,81,0.11124456
2000,f,82,0.12296785
2000,f,83,0.13583798
2000,f,84,0.14990178
2000,f,85,0.16510913
2000,f,86,0.18136717
2000,f,87,0.19856946
2000,f,88,0.21662929
2000,f,89,0.23558401
2000,f,90,0.25553351
2000,f,91,0.27666978
2000,f,92,0.29918998
2000,f,93,0.32316999
2000,f,94,0.34860811
2000,f,95,0.38132257
2000,f,96,0.41503412
2000,f,97,0.4519572
2000,f,98,0.49239774
2000,f,99,0.53669084
2000,f,100,0.63818621
2001,f,0,0.02417073
2001,f,1,0.0038558
2001,f,2,0.00253136
2001,f,3,0.00168772
2001,f,4,0.00116182
2001,f,5,8.4034e-4
2001,f,6,6.4872e-4
2001,f,7,5.4083e-4
2001,f,8,4.8625e-4
2001,f,9,4.6822e-4
2001,f,10,4.7485e-4
2001,f,11,4.9769e-4
2001,f,12,5.3023e-4
2001,f,13,5.6612e-4
2001,f,14,6.0251e-4
2001,f,15,6.3819e-4
2001,f,16,6.7493e-4
2001,f,17,7.1603e-4
2001,f,18,7.636e-4
2001,f,19,8.1905e-4
2001,f,20,8.8146e-4
2001,f,21,9.4809e-4
2001,f,22,0.00101576
2001,f,23,0.00108084
2001,f,24,0.00114135
2001,f,25,0.00119678
2001,f,26,0.00124839
2001,f,27,0.00129892
2001,f,28,0.00135171
2001,f,29,0.0014107
2001,f,30,0.00147995
2001,f,31,0.00156379
2001,f,32,0.00166531
2001,f,33,0.0017861
2001,f,34,0.00192491
2001,f,35,0.0020764
2001,f,36,0.00223342
2001,f,37,0.00238709
2001,f,38,0.00253134
2001,f,39,0.00266587
2001,f,40,0.00279533
2001,f,41,0.00293133
2001,f,42,0.00308651
2001,f,43,0.00327322
2001,f,44,0.00350285
2001,f,45,0.00378302
2001,f,46,0.00411985
2001,f,47,0.00451478
2001,f,48,0.00496533
2001,f,49,0.00546117
2001,f,50,0.00598548
2001,f,51,0.00651483
2001,f,52,0.00702548
2001,f,53,0.00750918
2001,f,54,0.00797032
2001,f,55,0.00844279
2001,f,56,0.00897216
2001,f,57,0.00960584
2001,f,58,0.01039156
2001,f,59,0.01134774
2001,f,60,0.01247935
2001,f,61,0.01376077
2001,f,62,0.01514839
2001,f,63,0.01661539
2001,f,64,0.01814516
2001,f,65,0.02020158
2001,f,66,0.02249106
2001,f,67,0.02504001
2001,f,68,0.02787784
2001,f,69,0.03103728
2001,f,70,0.03455479
2001,f,71,0.03847095
2001,f,72,0.04283093
2001,f,73,0.04768503
2001,f,74,0.05308926
2001,f,75,0.05910595
2001,f,76,0.06580454
2001,f,77,0.07324467
2001,f,78,0.08135573
2001,f,79,0.09019432
2001,f,80,0.09984244
2001,f,81,0.11042452
2001,f,82,0.12206836
2001,f,83,0.13486639
2001,f,84,0.14886994
2001,f,85,0.16403155
2001,f,86,0.18026015
2001,f,87,0.19744994
2001,f,88,0.21551442
2001,f,89,0.23449243
2001,f,90,0.25448505
2001,f,91,0.27568454
2001,f,92,0.29828463
2001,f,93,0.32234717
2001,f,94,0.3478482
2001,f,95,0.38103975
2001,f,96,0.41411134
2001,f,97,0.45009664
2001,f,98,0.48925234
2001,f,99,0.53185778
2001,f,100,0.62954499
2002,f,0,0.02366978
2002,f,1,0.00374785
2002,f,2,0.0024081
2002,f,3,0.00157436
2002,f,4,0.00106679
2002,f,5,7.6387e-4
2002,f,6,5.879e-4
2002,f,7,4.9241e-4
2002,f,8,4.4749e-4
2002,f,9,4.3714e-4
2002,f,10,4.4961e-4
2002,f,11,4.7582e-4
2002,f,12,5.0839e-4
2002,f,13,5.3996e-4
2002,f,14,5.6829e-4
2002,f,15,5.9379e-4
2002,f,16,6.2067e-4
2002,f,17,6.5476e-4
2002,f,18,6.9907e-4
2002,f,19,7.5496e-4
2002,f,20,8.1918e-4
2002,f,21,8.8477e-4
2002,f,22,9.4495e-4
2002,f,23,9.9351e-4
2002,f,24,0.00103062
2002,f,25,0.00106162
2002,f,26,0.00109466
2002,f,27,0.00113987
2002,f,28,0.00120349
2002,f,29,0.00128878
2002,f,30,0.00139447
2002,f,31,0.00151389
2002,f,32,0.00163969
2002,f,33,0.00176418
2002,f,34,0.00188358
2002,f,35,0.00200004
2002,f,36,0.00211862
2002,f,37,0.00224759
2002,f,38,0.00239335
2002,f,39,0.00255843
2002,f,40,0.00274237
2002,f,41,0.00293958
2002,f,42,0.00314506
2002,f,43,0.00335692
2002,f,44,0.00357788
2002,f,45,0.00381982
2002,f,46,0.00409742
2002,f,47,0.0044267
2002,f,48,0.00482072
2002,f,49,0.00527903
2002,f,50,0.00579245
2002,f,51,0.00633496
2002,f,52,0.00687564
2002,f,53,0.00739678
2002,f,54,0.00789247
2002,f,55,0.00839159
2002,f,56,0.00893718
2002,f,57,0.00957824
2002,f,58,0.010365890000000001
2002,f,59,0.01132396
2002,f,60,0.01246474
2002,f,61,0.01377082
2002,f,62,0.01520709
2002,f,63,0.01674767
2002,f,64,0.01837054
2002,f,65,0.02041989
2002,f,66,0.02269786
2002,f,67,0.02522996
2002,f,68,0.02804452
2002,f,69,0.03117307
2002,f,70,0.03465063
2002,f,71,0.03851614
2002,f,72,0.04281287
2002,f,73,0.04758892
2002,f,74,0.05289778
2002,f,75,0.05879887
2002,f,76,0.06535827
2002,f,77,0.07277645
2002,f,78,0.0808686
2002,f,79,0.08969149
2002,f,80,0.09932692
2002,f,81,0.10989855
2002,f,82,0.12153347
2002,f,83,0.13432402
2002,f,84,0.14832196
2002,f,85,0.16348139
2002,f,86,0.17971307
2002,f,87,0.19691278
2002,f,88,0.21499515
2002,f,89,0.23399856
2002,f,90,0.25402308
2002,f,91,0.27525944
2002,f,92,0.29790021
2002,f,93,0.32200772
2002,f,94,0.34755953
2002,f,95,0.38029383
2002,f,96,0.41337497
2002,f,97,0.44940902
2002,f,98,0.48865956
2002,f,99,0.53141369
2002,f,100,0.62959899
2003,f,0,0.02317593
2003,f,1,0.00374273
2003,f,2,0.00239846
2003,f,3,0.00156377
2003,f,4,0.00105652
2003,f,5,7.5409e-4
2003,f,6,5.7836e-4
2003,f,7,4.827e-4
2003,f,8,4.3732e-4
2003,f,9,4.2641e-4
2003,f,10,4.3871e-4
2003,f,11,4.6586e-4
2003,f,12,5.0102e-4
2003,f,13,5.3711e-4
2003,f,14,5.7116e-4
2003,f,15,6.0236e-4
2003,f,16,6.335e-4
2003,f,17,6.6915e-4
2003,f,18,7.1213e-4
2003,f,19,7.643e-4
2003,f,20,8.2442e-4
2003,f,21,8.889e-4
2003,f,22,9.5376e-4
2003,f,23,0.0010147
2003,f,24,0.00107023
2003,f,25,0.00112127
2003,f,26,0.00117074
2003,f,27,0.0012232
2003,f,28,0.00128221
2003,f,29,0.00135051
2003,f,30,0.00142939
2003,f,31,0.00151869
2003,f,32,0.00161793
2003,f,33,0.00172622
2003,f,34,0.00184294
2003,f,35,0.00196788
2003,f,36,0.002101
2003,f,37,0.00224252
2003,f,38,0.0023926
2003,f,39,0.00255121
2003,f,40,0.00271846
2003,f,41,0.00289476
2003,f,42,0.00308184
2003,f,43,0.00328398
2003,f,44,0.00350807
2003,f,45,0.00376536
2003,f,46,0.0040682
2003,f,47,0.004428
2003,f,48,0.00485263
2003,f,49,0.00533718
2003,f,50,0.00586754
2003,f,51,0.00641437
2003,f,52,0.00694453
2003,f,53,0.0074413
2003,f,54,0.00790224
2003,f,55,0.00836264
2003,f,56,0.00887229
2003,f,57,0.00948488
2003,f,58,0.0102548
2003,f,59,0.01120348
2003,f,60,0.0123377
2003,f,61,0.01362899
2003,f,62,0.01502749
2003,f,63,0.01649801
2003,f,64,0.01801345
2003,f,65,0.0200484
2003,f,66,0.02231323
2003,f,67,0.02483392
2003,f,68,0.02763937
2003,f,69,0.03076174
2003,f,70,0.03423685
2003,f,71,0.03810453
2003,f,72,0.04240914
2003,f,73,0.04720003
2003,f,74,0.05253214
2003,f,75,0.05846661
2003,f,76,0.06507149
2003,f,77,0.0724629
2003,f,78,0.08052814
2003,f,79,0.0893238
2003,f,80,0.0989316
2003,f,81,0.1094755
2003,f,82,0.1210832
2003,f,83,0.1338482
2003,f,84,0.14782384
2003,f,85,0.16296622
2003,f,86,0.17918818
2003,f,87,0.19638697
2003,f,88,0.21447793
2003,f,89,0.23349859
2003,f,90,0.25354719
2003,f,91,0.27481162
2003,f,92,0.2974812
2003,f,93,0.32161542
2003,f,94,0.34718882
2003,f,95,0.37941038
2003,f,96,0.41211192
2003,f,97,0.44763202
2003,f,98,0.48621361
2003,f,99,0.52812056
2003,f,100,0.62454999
2004,f,0,0.02269754
2004,f,1,0.00343565
2004,f,2,0.00223859
2004,f,3,0.00148104
2004,f,4,0.00101131
2004,f,5,7.2529e-4
2004,f,6,5.5505e-4
2004,f,7,4.5877e-4
2004,f,8,4.0945e-4
2004,f,9,3.9243e-4
2004,f,10,3.9793e-4
2004,f,11,4.1967e-4
2004,f,12,4.5292e-4
2004,f,13,4.9295e-4
2004,f,14,5.3672e-4
2004,f,15,5.8156e-4
2004,f,16,6.267e-4
2004,f,17,6.722e-4
2004,f,18,7.1821e-4
2004,f,19,7.6495e-4
2004,f,20,8.1222e-4
2004,f,21,8.5969e-4
2004,f,22,9.0717e-4
2004,f,23,9.5467e-4
2004,f,24,0.00100283
2004,f,25,0.0010528
2004,f,26,0.00110608
2004,f,27,0.00116445
2004,f,28,0.00122917
2004,f,29,0.00130127
2004,f,30,0.00138102
2004,f,31,0.00146821
2004,f,32,0.00156268
2004,f,33,0.00166427
2004,f,34,0.00177356
2004,f,35,0.00189162
2004,f,36,0.00201978
2004,f,37,0.00215949
2004,f,38,0.00231092
2004,f,39,0.00247311
2004,f,40,0.00264351
2004,f,41,0.0028183
2004,f,42,0.00299588
2004,f,43,0.00317703
2004,f,44,0.00336845
2004,f,45,0.0035826
2004,f,46,0.00383419
2004,f,47,0.00414043
2004,f,48,0.00451162
2004,f,49,0.0049499
2004,f,50,0.00544478
2004,f,51,0.00596954
2004,f,52,0.00649784
2004,f,53,0.00700756
2004,f,54,0.00749809
2004,f,55,0.00799671
2004,f,56,0.00854429
2004,f,57,0.009196
2004,f,58,0.00999464
2004,f,59,0.0109628
2004,f,60,0.01209887
2004,f,61,0.01336142
2004,f,62,0.01470096
2004,f,63,0.01606844
2004,f,64,0.01743984
2004,f,65,0.01943939
2004,f,66,0.02166819
2004,f,67,0.02415253
2004,f,68,0.02692171
2004,f,69,0.03000839
2004,f,70,0.03344897
2004,f,71,0.03728402
2004,f,72,0.04155878
2004,f,73,0.04632366
2004,f,74,0.05163484
2004,f,75,0.05755498
2004,f,76,0.06415388
2004,f,77,0.07149092
2004,f,78,0.0795034
2004,f,79,0.0882484
2004,f,80,0.09780704
2004,f,81,0.10830073
2004,f,82,0.11985417
2004,f,83,0.13255845
2004,f,84,0.14646495
2004,f,85,0.16152977
2004,f,86,0.17766619
2004,f,87,0.19477226
2004,f,88,0.21276382
2004,f,89,0.23167734
2004,f,90,0.25161009
2004,f,91,0.27274997
2004,f,92,0.29528925
2004,f,93,0.31929818
2004,f,94,0.34476768
2004,f,95,0.37700241
2004,f,96,0.40962853
2004,f,97,0.44507815
2004,f,98,0.48359561
2004,f,99,0.5254464
2004,f,100,0.62208115
2005,f,0,0.0222239
2005,f,1,0.00323205
2005,f,2,0.00210891
2005,f,3,0.00139769
2005,f,4,9.5672e-4
2005,f,5,6.8853e-4
2005,f,6,5.2938e-4
2005,f,7,4.4014e-4
2005,f,8,3.9534e-4
2005,f,9,3.8118e-4
2005,f,10,3.8813e-4
2005,f,11,4.0973e-4
2005,f,12,4.4091e-4
2005,f,13,4.7657e-4
2005,f,14,5.1392e-4
2005,f,15,5.5103e-4
2005,f,16,5.8846e-4
2005,f,17,6.2786e-4
2005,f,18,6.7054e-4
2005,f,19,0.00071768
2005,f,20,7.6913e-4
2005,f,21,8.2403e-4
2005,f,22,8.8093e-4
2005,f,23,9.379e-4
2005,f,24,9.9325e-4
2005,f,25,0.00104538
2005,f,26,0.00109367
2005,f,27,0.0011383
2005,f,28,0.00118143
2005,f,29,0.00122662
2005,f,30,0.00127923
2005,f,31,0.00134587
2005,f,32,0.00143151
2005,f,33,0.00154026
2005,f,34,0.00167138
2005,f,35,0.00181989
2005,f,36,0.00197704
2005,f,37,0.0021306
2005,f,38,0.00227355
2005,f,39,0.00240402
2005,f,40,0.00252956
2005,f,41,0.00266532
2005,f,42,0.00282583
2005,f,43,0.00302543
2005,f,44,0.00327109
2005,f,45,0.00356271
2005,f,46,0.00389426
2005,f,47,0.0042527
2005,f,48,0.00462729
2005,f,49,0.00501075
2005,f,50,0.00540343
2005,f,51,0.00581477
2005,f,52,0.00625669
2005,f,53,0.00674339
2005,f,54,0.00728664
2005,f,55,0.00789457
2005,f,56,0.00857285
2005,f,57,0.00932368
2005,f,58,0.01014899
2005,f,59,0.01105067
2005,f,60,0.01203132
2005,f,61,0.01309494
2005,f,62,0.01424759
2005,f,63,0.01549873
2005,f,64,0.01686211
2005,f,65,0.01883658
2005,f,66,0.02104224
2005,f,67,0.02350618
2005,f,68,0.02625863
2005,f,69,0.02933338
2005,f,70,0.03276817
2005,f,71,0.03660516
2005,f,72,0.04089143
2005,f,73,0.04567961
2005,f,74,0.05102846
2005,f,75,0.05700363
2005,f,76,0.06367846
2005,f,77,0.0709846
2005,f,78,0.07896872
2005,f,79,0.08768804
2005,f,80,0.09722352
2005,f,81,0.10769611
2005,f,82,0.11923023
2005,f,83,0.13191742
2005,f,84,0.14581016
2005,f,85,0.1608669
2005,f,86,0.17700355
2005,f,87,0.19412043
2005,f,88,0.212135
2005,f,89,0.2310834
2005,f,90,0.25106161
2005,f,91,0.27225513
2005,f,92,0.29485345
2005,f,93,0.31892463
2005,f,94,0.34445732
2005,f,95,0.37658402
2005,f,96,0.40927684
2005,f,97,0.44480785
2005,f,98,0.48342345
2005,f,99,0.52539144
2005,f,100,0.62229885
2006,f,0,0.02174754
2006,f,1,0.00336609
2006,f,2,0.00222432
2006,f,3,0.00149319
2006,f,4,0.00103566
2006,f,5,7.5552e-4
2006,f,6,5.8897e-4
2006,f,7,4.9643e-4
2006,f,8,4.514e-4
2006,f,9,4.3926e-4
2006,f,10,4.4902e-4
2006,f,11,4.7232e-4
2006,f,12,5.0252e-4
2006,f,13,5.3316e-4
2006,f,14,5.6227e-4
2006,f,15,5.9015e-4
2006,f,16,6.2045e-4
2006,f,17,6.5839e-4
2006,f,18,7.0702e-4
2006,f,19,7.6815e-4
2006,f,20,8.3965e-4
2006,f,21,9.1607e-4
2006,f,22,9.912e-4
2006,f,23,0.00105829
2006,f,24,0.00111472
2006,f,25,0.00116162
2006,f,26,0.00120329
2006,f,27,0.00124637
2006,f,28,0.00129612
2006,f,29,0.00135661
2006,f,30,0.00143005
2006,f,31,0.00151682
2006,f,32,0.00161663
2006,f,33,0.00172841
2006,f,34,0.00185082
2006,f,35,0.00198218
2006,f,36,0.00212089
2006,f,37,0.00226574
2006,f,38,0.0024165
2006,f,39,0.00257471
2006,f,40,0.00274336
2006,f,41,0.00292752
2006,f,42,0.00313259
2006,f,43,0.00336357
2006,f,44,0.00362465
2006,f,45,0.00391763
2006,f,46,0.00424333
2006,f,47,0.0046009
2006,f,48,0.0049889
2006,f,49,0.00540621
2006,f,50,0.00585191
2006,f,51,0.00632668
2006,f,52,0.00683273
2006,f,53,0.00737618
2006,f,54,0.00796644
2006,f,55,0.00861884
2006,f,56,0.00935162
2006,f,57,0.01018076
2006,f,58,0.01111976
2006,f,59,0.01216606
2006,f,60,0.01330678
2006,f,61,0.01451606
2006,f,62,0.0157621
2006,f,63,0.01703839
2006,f,64,0.01835683
2006,f,65,0.0203665
2006,f,66,0.02259619
2006,f,67,0.02506998
2006,f,68,0.0278146
2006,f,69,0.0308597
2006,f,70,0.03423816
2006,f,71,0.0379865
2006,f,72,0.0421452
2006,f,73,0.04675918
2006,f,74,0.0518783
2006,f,75,0.05755784
2006,f,76,0.06385918
2006,f,77,0.07110989
2006,f,78,0.07902905
2006,f,79,0.08767218
2006,f,80,0.09712139
2006,f,81,0.10750471
2006,f,82,0.11895574
2006,f,83,0.13157541
2006,f,84,0.14542555
2006,f,85,0.16047022
2006,f,86,0.17662962
2006,f,87,0.19380604
2006,f,88,0.21191802
2006,f,89,0.23100416
2006,f,90,0.25116136
2006,f,91,0.27257218
2006,f,92,0.29541441
2006,f,93,0.31972198
2006,f,94,0.34543194
2006,f,95,0.37770046
2006,f,96,0.41072029
2006,f,97,0.44663929
2006,f,98,0.48571203
2006,f,99,0.52821541
2006,f,100,0.62602346
2007,f,0,0.02129712
2007,f,1,0.00336552
2007,f,2,0.00216519
2007,f,3,0.0014164
2007,f,4,9.5904e-4
2007,f,5,6.8482e-4
2007,f,6,5.244e-4
2007,f,7,4.3606e-4
2007,f,8,3.9313e-4
2007,f,9,3.8143e-4
2007,f,10,3.9119e-4
2007,f,11,4.1558e-4
2007,f,12,4.4929e-4
2007,f,13,4.8684e-4
2007,f,14,5.2578e-4
2007,f,15,5.651e-4
2007,f,16,6.0665e-4
2007,f,17,6.5381e-4
2007,f,18,7.086e-4
2007,f,19,7.721e-4
2007,f,20,8.4234e-4
2007,f,21,9.1475e-4
2007,f,22,9.8425e-4
2007,f,23,0.00104546
2007,f,24,0.00109613
2007,f,25,0.00113685
2007,f,26,0.00117092
2007,f,27,0.00120362
2007,f,28,0.00124013
2007,f,29,0.00128554
2007,f,30,0.00134429
2007,f,31,0.00142048
2007,f,32,0.0015169
2007,f,33,0.00163484
2007,f,34,0.00177277
2007,f,35,0.00192507
2007,f,36,0.00208415
2007,f,37,0.00224053
2007,f,38,0.00238774
2007,f,39,0.0025256
2007,f,40,0.00265935
2007,f,41,0.00280186
2007,f,42,0.00296653
2007,f,43,0.00316523
2007,f,44,0.00340737
2007,f,45,0.00369539
2007,f,46,0.00402912
2007,f,47,0.00440358
2007,f,48,0.00481213
2007,f,49,0.00524916
2007,f,50,0.00570922
2007,f,51,0.00619053
2007,f,52,0.00669308
2007,f,53,0.00722111
2007,f,54,0.00778211
2007,f,55,0.0083892
2007,f,56,0.00905866
2007,f,57,0.00980652
2007,f,58,0.01064857
2007,f,59,0.01159133
2007,f,60,0.01263651
2007,f,61,0.01377805
2007,f,62,0.01500678
2007,f,63,0.01632632
2007,f,64,0.01774978
2007,f,65,0.01973469
2007,f,66,0.02194158
2007,f,67,0.02439525
2007,f,68,0.02712332
2007,f,69,0.03015645
2007,f,70,0.03352878
2007,f,71,0.03727822
2007,f,72,0.04144696
2007,f,73,0.04608187
2007,f,74,0.0512351
2007,f,75,0.0569646
2007,f,76,0.06333482
2007,f,77,0.07056191
2007,f,78,0.07845969
2007,f,79,0.08708427
2007,f,80,0.09651766
2007,f,81,0.10688629
2007,f,82,0.11832167
2007,f,83,0.13092272
2007,f,84,0.1447492
2007,f,85,0.15976386
2007,f,86,0.17588578
2007,f,87,0.1930168
2007,f,88,0.21107554
2007,f,89,0.23010158
2007,f,90,0.25019386
2007,f,91,0.27153864
2007,f,92,0.29431909
2007,f,93,0.31857674
2007,f,94,0.34425808
2007,f,95,0.37690827
2007,f,96,0.41020727
2007,f,97,0.44650371
2007,f,98,0.4860674
2007,f,99,0.52919245
2007,f,100,0.62842668
2008,f,0,0.02087708
2008,f,1,0.00324174
2008,f,2,0.00211728
2008,f,3,0.00140573
2008,f,4,9.6551e-4
2008,f,5,6.9885e-4
2008,f,6,5.4194e-4
2008,f,7,4.5584e-4
2008,f,8,4.1507e-4
2008,f,9,4.0597e-4
2008,f,10,4.1863e-4
2008,f,11,4.4571e-4
2008,f,12,4.8116e-4
2008,f,13,5.1867e-4
2008,f,14,5.5546e-4
2008,f,15,5.9058e-4
2008,f,16,6.2634e-4
2008,f,17,6.6673e-4
2008,f,18,7.1417e-4
2008,f,19,7.701e-4
2008,f,20,8.3288e-4
2008,f,21,8.9842e-4
2008,f,22,9.6228e-4
2008,f,23,0.00101974
2008,f,24,0.0010691
2008,f,25,0.0011112
2008,f,26,0.00114922
2008,f,27,0.00118812
2008,f,28,0.00123238
2008,f,29,0.00128617
2008,f,30,0.00135279
2008,f,31,0.00143479
2008,f,32,0.00153361
2008,f,33,0.00164924
2008,f,34,0.00177948
2008,f,35,0.00191914
2008,f,36,0.00206203
2008,f,37,0.00220148
2008,f,38,0.00233429
2008,f,39,0.00246344
2008,f,40,0.00259669
2008,f,41,0.0027483
2008,f,42,0.00293211
2008,f,43,0.00315863
2008,f,44,0.00343405
2008,f,45,0.00375333
2008,f,46,0.00410657
2008,f,47,0.00447822
2008,f,48,0.00485324
2008,f,49,0.0052279
2008,f,50,0.00560556
2008,f,51,0.00600426
2008,f,52,0.00644654
2008,f,53,0.00695257
2008,f,54,0.00754142
2008,f,55,0.00822064
2008,f,56,0.00899337
2008,f,57,0.00985527
2008,f,58,0.01079716
2008,f,59,0.01180891
2008,f,60,0.01287822
2008,f,61,0.01399763
2008,f,62,0.01516346
2008,f,63,0.01638951
2008,f,64,0.01770331
2008,f,65,0.01967724
2008,f,66,0.02187125
2008,f,67,0.02430989
2008,f,68,0.02702045
2008,f,69,0.03003323
2008,f,70,0.03338194
2008,f,71,0.03710403
2008,f,72,0.04124113
2008,f,73,0.04583952
2008,f,74,0.05095063
2008,f,75,0.05663163
2008,f,76,0.06294606
2008,f,77,0.07014056
2008,f,78,0.07800621
2008,f,79,0.0865991
2008,f,80,0.09600097
2008,f,81,0.10633787
2008,f,82,0.11774113
2008,f,83,0.13031018
2008,f,84,0.14410589
2008,f,85,0.15909325
2008,f,86,0.17519389
2008,f,87,0.19231176
2008,f,88,0.21036683
2008,f,89,0.22939781
2008,f,90,0.24950162
2008,f,91,0.2708612
2008,f,92,0.29365618
2008,f,93,0.31792612
2008,f,94,0.34361615
2008,f,95,0.37611253
2008,f,96,0.40916162
2008,f,97,0.44511475
2008,f,98,0.48422708
2008,f,99,0.52677623
2008,f,100,0.62482668
2009,f,0,0.02049006
2009,f,1,0.00309338
2009,f,2,0.00206795
2009,f,3,0.001402
2009,f,4,9.7865e-4
2009,f,5,7.1479e-4
2009,f,6,5.5446e-4
2009,f,7,4.6211e-4
2009,f,8,4.1395e-4
2009,f,9,3.9679e-4
2009,f,10,4.017e-4
2009,f,11,4.2296e-4
2009,f,12,4.5642e-4
2009,f,13,4.9795e-4
2009,f,14,5.4483e-4
2009,f,15,5.945e-4
2009,f,16,6.4583e-4
2009,f,17,6.9836e-4
2009,f,18,7.5194e-4
2009,f,19,8.0659e-4
2009,f,20,8.624e-4
2009,f,21,9.1944e-4
2009,f,22,9.7756e-4
2009,f,23,0.00103633
2009,f,24,0.00109476
2009,f,25,0.00115143
2009,f,26,0.00120508
2009,f,27,0.00125473
2009,f,28,0.00130103
2009,f,29,0.0013462
2009,f,30,0.00139403
2009,f,31,0.00144978
2009,f,32,0.00151813
2009,f,33,0.00160317
2009,f,34,0.00170728
2009,f,35,0.00183063
2009,f,36,0.00197221
2009,f,37,0.00212929
2009,f,38,0.00229926
2009,f,39,0.00248027
2009,f,40,0.0026713
2009,f,41,0.00287312
2009,f,42,0.00308711
2009,f,43,0.00331543
2009,f,44,0.00356062
2009,f,45,0.00382554
2009,f,46,0.00411328
2009,f,47,0.004427
2009,f,48,0.00476984
2009,f,49,0.00514445
2009,f,50,0.00555345
2009,f,51,0.00599924
2009,f,52,0.00648501
2009,f,53,0.00701634
2009,f,54,0.00760103
2009,f,55,0.00825104
2009,f,56,0.00898035
2009,f,57,0.00980119
2009,f,58,0.01072363
2009,f,59,0.0117456
2009,f,60,0.01285697
2009,f,61,0.01403858
2009,f,62,0.01526749
2009,f,63,0.01654305
2009,f,64,0.01788118
2009,f,65,0.01984929
2009,f,66,0.02203403
2009,f,67,0.02445923
2009,f,68,0.02715136
2009,f,69,0.03013981
2009,f,70,0.03345718
2009,f,71,0.03713968
2009,f,72,0.04122751
2009,f,73,0.04576526
2009,f,74,0.05080247
2009,f,75,0.0563941
2009,f,76,0.06260118
2009,f,77,0.06975889
2009,f,78,0.07758728
2009,f,79,0.08614221
2009,f,80,0.09550533
2009,f,81,0.10580314
2009,f,82,0.11716782
2009,f,83,0.12970033
2009,f,84,0.14346372
2009,f,85,0.15842582
2009,f,86,0.17451122
2009,f,87,0.19162623
2009,f,88,0.20969228
2009,f,89,0.22874762
2009,f,90,0.24888736
2009,f,91,0.27029092
2009,f,92,0.29313319
2009,f,93,0.31744775
2009,f,94,0.34317233
2009,f,95,0.3755466
2009,f,96,0.40864108
2009,f,97,0.44465195
2009,f,98,0.48383622
2009,f,99,0.52647355
2009,f,100,0.62476195
2010,f,0,0.02013906
2010,f,1,0.00299442
2010,f,2,0.00203674
2010,f,3,0.00140345
2010,f,4,9.9357e-4
2010,f,5,7.336e-4
2010,f,6,5.7289e-4
2010,f,7,4.7842e-4
2010,f,8,4.2753e-4
2010,f,9,4.073e-4
2010,f,10,4.0883e-4
2010,f,11,4.2643e-4
2010,f,12,4.5603e-4
2010,f,13,4.9385e-4
2010,f,14,5.3743e-4
2010,f,15,5.8452e-4
2010,f,16,6.3405e-4
2010,f,17,6.8545e-4
2010,f,18,7.3826e-4
2010,f,19,7.9212e-4
2010,f,20,8.4663e-4
2010,f,21,9.0135e-4
2010,f,22,9.5584e-4
2010,f,23,0.00100964
2010,f,24,0.00106228
2010,f,25,0.00111336
2010,f,26,0.00116283
2010,f,27,0.00121103
2010,f,28,0.00125925
2010,f,29,0.00130968
2010,f,30,0.0013653
2010,f,31,0.00142994
2010,f,32,0.00150668
2010,f,33,0.00159783
2010,f,34,0.00170385
2010,f,35,0.00182282
2010,f,36,0.00195191
2010,f,37,0.00208734
2010,f,38,0.00222712
2010,f,39,0.00237262
2010,f,40,0.00252806
2010,f,41,0.00270189
2010,f,42,0.00290275
2010,f,43,0.00313789
2010,f,44,0.00341219
2010,f,45,0.00372427
2010,f,46,0.00406974
2010,f,47,0.00444033
2010,f,48,0.00482686
2010,f,49,0.00522394
2010,f,50,0.00562864
2010,f,51,0.0060452
2010,f,52,0.0064816
2010,f,53,0.00695063
2010,f,54,0.00746899
2010,f,55,0.00805773
2010,f,56,0.00874069
2010,f,57,0.00953745
2010,f,58,0.01046438
2010,f,59,0.01151774
2010,f,60,0.01268001
2010,f,61,0.01391502
2010,f,62,0.01517623
2010,f,63,0.01644524
2010,f,64,0.01772431
2010,f,65,0.01968045
2010,f,66,0.02185248
2010,f,67,0.02426422
2010,f,68,0.02694213
2010,f,69,0.02991559
2010,f,70,0.03321722
2010,f,71,0.03688323
2010,f,72,0.04095383
2010,f,73,0.04547369
2010,f,74,0.05049238
2010,f,75,0.05606496
2010,f,76,0.06225255
2010,f,77,0.06939024
2010,f,78,0.07719961
2010,f,79,0.08573689
2010,f,80,0.09508381
2010,f,81,0.10536629
2010,f,82,0.1167158
2010,f,83,0.12923265
2010,f,84,0.1429792
2010,f,85,0.15792287
2010,f,86,0.17398783
2010,f,87,0.1910801
2010,f,88,0.20912096
2010,f,89,0.2281488
2010,f,90,0.24825947
2010,f,91,0.26963416
2010,f,92,0.29245067
2010,f,93,0.31674736
2010,f,94,0.34246813
2010,f,95,0.37494991
2010,f,96,0.40806216
2010,f,97,0.4440986
2010,f,98,0.48331745
2010,f,99,0.52599977
2010,f,100,0.62445011
2011,f,0,0.01982116
2011,f,1,0.00306322
2011,f,2,0.00201137
2011,f,3,0.00134095
2011,f,4,9.2259e-4
2011,f,5,6.6649e-4
2011,f,6,5.136e-4
2011,f,7,4.2738e-4
2011,f,8,3.8398e-4
2011,f,9,3.7052e-4
2011,f,10,3.784e-4
2011,f,11,4.0209e-4
2011,f,12,4.3747e-4
2011,f,13,4.8026e-4
2011,f,14,5.2776e-4
2011,f,15,5.7754e-4
2011,f,16,6.2885e-4
2011,f,17,6.8174e-4
2011,f,18,7.3597e-4
2011,f,19,7.9105e-4
2011,f,20,8.4561e-4
2011,f,21,8.9769e-4
2011,f,22,9.4575e-4
2011,f,23,9.8868e-4
2011,f,24,0.00102695
2011,f,25,0.0010623
2011,f,26,0.00109743
2011,f,27,0.00113586
2011,f,28,0.00118089
2011,f,29,0.00123579
2011,f,30,0.00130343
2011,f,31,0.00138642
2011,f,32,0.00148645
2011,f,33,0.00160403
2011,f,34,0.00173757
2011,f,35,0.00188254
2011,f,36,0.00203314
2011,f,37,0.00218259
2011,f,38,0.00232669
2011,f,39,0.00246637
2011,f,40,0.00260687
2011,f,41,0.00275949
2011,f,42,0.00293587
2011,f,43,0.00314605
2011,f,44,0.00339759
2011,f,45,0.00369117
2011,f,46,0.00402458
2011,f,47,0.00439097
2011,f,48,0.00478193
2011,f,49,0.00519105
2011,f,50,0.00561302
2011,f,51,0.00604783
2011,f,52,0.00649855
2011,f,53,0.00697403
2011,f,54,0.00748765
2011,f,55,0.00805974
2011,f,56,0.00871432
2011,f,57,0.00947266
2011,f,58,0.01035388
2011,f,59,0.01135821
2011,f,60,0.01247395
2011,f,61,0.01367149
2011,f,62,0.0149113
2011,f,63,0.01617676
2011,f,64,0.01746768
2011,f,65,0.01941179
2011,f,66,0.02157227
2011,f,67,0.02397322
2011,f,68,0.02664138
2011,f,69,0.0296065
2011,f,70,0.03290163
2011,f,71,0.0365635
2011,f,72,0.04063293
2011,f,73,0.04515527
2011,f,74,0.05018094
2011,f,75,0.05576596
2011,f,76,0.06197258
2011,f,77,0.06908483
2011,f,78,0.07686888
2011,f,79,0.08538091
2011,f,80,0.09470253
2011,f,81,0.10495951
2011,f,82,0.11628331
2011,f,83,0.12877469
2011,f,84,0.14249687
2011,f,85,0.15741885
2011,f,86,0.17346653
2011,f,87,0.1905475
2011,f,88,0.20858418
2011,f,89,0.22761491
2011,f,90,0.24773478
2011,f,91,0.26912322
2011,f,92,0.29195567
2011,f,93,0.31626771
2011,f,94,0.34199973
2011,f,95,0.37453175
2011,f,96,0.40769653
2011,f,97,0.44379805
2011,f,98,0.48309635
2011,f,99,0.52587452
2011,f,100,0.62455802
2012,f,0,0.01954384
2012,f,1,0.00296843
2012,f,2,0.00196456
2012,f,3,0.00132011
2012,f,4,9.1549e-4
2012,f,5,6.6666e-4
2012,f,6,5.178e-4
2012,f,7,4.3406e-4
2012,f,8,3.923e-4
2012,f,9,3.798e-4
2012,f,10,3.8752e-4
2012,f,11,4.0911e-4
2012,f,12,4.3968e-4
2012,f,13,4.7435e-4
2012,f,14,5.11e-4
2012,f,15,5.4873e-4
2012,f,16,5.8896e-4
2012,f,17,6.3431e-4
2012,f,18,6.8576e-4
2012,f,19,7.4309e-4
2012,f,20,8.0293e-4
2012,f,21,8.5952e-4
2012,f,22,9.0805e-4
2012,f,23,9.4496e-4
2012,f,24,9.7209e-4
2012,f,25,9.9523e-4
2012,f,26,0.00102194
2012,f,27,0.00106097
2012,f,28,0.00111748
2012,f,29,0.00119395
2012,f,30,0.00128886
2012,f,31,0.00139599
2012,f,32,0.00150857
2012,f,33,0.00161971
2012,f,34,0.00172612
2012,f,35,0.00182994
2012,f,36,0.00193616
2012,f,37,0.00205303
2012,f,38,0.00218778
2012,f,39,0.00234529
2012,f,40,0.0025284
2012,f,41,0.00273612
2012,f,42,0.00296645
2012,f,43,0.00321668
2012,f,44,0.00348415
2012,f,45,0.00376771
2012,f,46,0.00406694
2012,f,47,0.00438311
2012,f,48,0.00471849
2012,f,49,0.0050769
2012,f,50,0.00546339
2012,f,51,0.00588456
2012,f,52,0.006348
2012,f,53,0.00686118
2012,f,54,0.00743186
2012,f,55,0.00806638
2012,f,56,0.00877072
2012,f,57,0.00954931
2012,f,58,0.01040558
2012,f,59,0.01134112
2012,f,60,0.01235619
2012,f,61,0.01345132
2012,f,62,0.01462794
2012,f,63,0.0158964
2012,f,64,0.0172742
2012,f,65,0.01920603
2012,f,66,0.02135391
2012,f,67,0.023742
2012,f,68,0.02639715
2012,f,69,0.02934924
2012,f,70,0.03263147
2012,f,71,0.03628076
2012,f,72,0.04033817
2012,f,73,0.04484933
2012,f,74,0.04986499
2012,f,75,0.05544157
2012,f,76,0.0616418
2012,f,77,0.06873028
2012,f,78,0.07649156
2012,f,79,0.08498192
2012,f,80,0.09428269
2012,f,81,0.10451877
2012,f,82,0.11582074
2012,f,83,0.12828901
2012,f,84,0.14198704
2012,f,85,0.15688527
2012,f,86,0.17291152
2012,f,87,0.18997507
2012,f,88,0.20799945
2012,f,89,0.22702208
2012,f,90,0.24713616
2012,f,91,0.26851841
2012,f,92,0.29134204
2012,f,93,0.31564365
2012,f,94,0.34136671
2012,f,95,0.37401796
2012,f,96,0.40722005
2012,f,97,0.44336954
2012,f,98,0.48272807
2012,f,99,0.52558051
2012,f,100,0.62446981
2013,f,0,0.01931525
2013,f,1,0.00285341
2013,f,2,0.00193893
2013,f,3,0.00133494
2013,f,4,9.4458e-4
2013,f,5,6.9738e-4
2013,f,6,5.4483e-4
2013,f,7,4.5539e-4
2013,f,8,4.0735e-4
2013,f,9,3.8833e-4
2013,f,10,3.8967e-4
2013,f,11,4.0572e-4
2013,f,12,4.3249e-4
2013,f,13,4.6637e-4
2013,f,14,5.0553e-4
2013,f,15,5.4875e-4
2013,f,16,5.9614e-4
2013,f,17,6.4838e-4
2013,f,18,7.0511e-4
2013,f,19,7.65e-4
2013,f,20,8.2481e-4
2013,f,21,8.7987e-4
2013,f,22,9.2668e-4
2013,f,23,9.6308e-4
2013,f,24,9.9111e-4
2013,f,25,0.00101595
2013,f,26,0.00104397
2013,f,27,0.0010824
2013,f,28,0.00113542
2013,f,29,0.00120479
2013,f,30,0.00128899
2013,f,31,0.00138277
2013,f,32,0.00148108
2013,f,33,0.00157955
2013,f,34,0.0016775
2013,f,35,0.00177939
2013,f,36,0.00189177
2013,f,37,0.00202353
2013,f,38,0.00218139
2013,f,39,0.00236771
2013,f,40,0.00258096
2013,f,41,0.00281281
2013,f,42,0.00305415
2013,f,43,0.00329841
2013,f,44,0.0035438
2013,f,45,0.00379966
2013,f,46,0.00407923
2013,f,47,0.00439893
2013,f,48,0.00477293
2013,f,49,0.00520343
2013,f,50,0.00568537
2013,f,51,0.00619898
2013,f,52,0.00672049
2013,f,53,0.00723627
2013,f,54,0.00774165
2013,f,55,0.00825954
2013,f,56,0.00882417
2013,f,57,0.00947431
2013,f,58,0.0102498
2013,f,59,0.01116622
2013,f,60,0.01222784
2013,f,61,0.01341426
2013,f,62,0.01469158
2013,f,63,0.01604089
2013,f,64,0.01745279
2013,f,65,0.01938341
2013,f,66,0.0215276
2013,f,67,0.02390898
2013,f,68,0.02655379
2013,f,69,0.02949117
2013,f,70,0.03275348
2013,f,71,0.03637666
2013,f,72,0.04040064
2013,f,73,0.04486976
2013,f,74,0.04983324
2013,f,75,0.05534579
2013,f,76,0.06146813
2013,f,77,0.06852844
2013,f,78,0.07626005
2013,f,79,0.08471898
2013,f,80,0.09398682
2013,f,81,0.10418974
2013,f,82,0.11546009
2013,f,83,0.12790032
2013,f,84,0.14157601
2013,f,85,0.15645937
2013,f,86,0.17247979
2013,f,87,0.18954781
2013,f,88,0.20758817
2013,f,89,0.22663989
2013,f,90,0.2467975
2013,f,91,0.2682379
2013,f,92,0.29113184
2013,f,93,0.31550616
2013,f,94,0.3412889
2013,f,95,0.37417989
2013,f,96,0.4075288
2013,f,97,0.44384994
2013,f,98,0.48340821
2013,f,99,0.52649213
2013,f,100,0.62578972
2014,f,0,0.01914034
2014,f,1,0.00296919
2014,f,2,0.00192771
2014,f,3,0.0012717
2014,f,4,8.6711e-4
2014,f,5,6.2223e-4
2014,f,6,4.7765e-4
2014,f,7,3.9716e-4
2014,f,8,3.5747e-4
2014,f,9,3.4615e-4
2014,f,10,3.5484e-4
2014,f,11,3.7804e-4
2014,f,12,4.115e-4
2014,f,13,4.5077e-4
2014,f,14,4.9318e-4
2014,f,15,5.3669e-4
2014,f,16,5.8119e-4
2014,f,17,6.2759e-4
2014,f,18,6.7617e-4
2014,f,19,7.2669e-4
2014,f,20,7.7746e-4
2014,f,21,8.2579e-4
2014,f,22,8.6971e-4
2014,f,23,9.0802e-4
2014,f,24,9.4222e-4
2014,f,25,9.7585e-4
2014,f,26,0.00101342
2014,f,27,0.00106012
2014,f,28,0.0011191
2014,f,29,0.00119171
2014,f,30,0.00127679
2014,f,31,0.00137028
2014,f,32,0.0014683
2014,f,33,0.0015674
2014,f,34,0.00166703
2014,f,35,0.00177051
2014,f,36,0.00188299
2014,f,37,0.0020116
2014,f,38,0.00216222
2014,f,39,0.00233793
2014,f,40,0.00253942
2014,f,41,0.00276298
2014,f,42,0.0030042
2014,f,43,0.0032595
2014,f,44,0.00352734
2014,f,45,0.00381177
2014,f,46,0.00411878
2014,f,47,0.00445614
2014,f,48,0.00483034
2014,f,49,0.00524143
2014,f,50,0.00568565
2014,f,51,0.00615248
2014,f,52,0.00663073
2014,f,53,0.0071175
2014,f,54,0.00761673
2014,f,55,0.0081503
2014,f,56,0.00874784
2014,f,57,0.00944067
2014,f,58,0.01026041
2014,f,59,0.01121826
2014,f,60,0.01231489
2014,f,61,0.01352974
2014,f,62,0.01483014
2014,f,63,0.01619855
2014,f,64,0.0176273
2014,f,65,0.01955663
2014,f,66,0.02169712
2014,f,67,0.0240719
2014,f,68,0.02670659
2014,f,69,0.02962965
2014,f,70,0.03287265
2014,f,71,0.0364706
2014,f,72,0.04046234
2014,f,73,0.04489099
2014,f,74,0.04980436
2014,f,75,0.0552555
2014,f,76,0.06130327
2014,f,77,0.06835332
2014,f,78,0.07607545
2014,f,79,0.08452576
2014,f,80,0.09378559
2014,f,81,0.10398044
2014,f,82,0.11524187
2014,f,83,0.12767194
2014,f,84,0.1413362
2014,f,85,0.15620773
2014,f,86,0.17221703
2014,f,87,0.1892757
2014,f,88,0.20730899
2014,f,89,0.22635479
2014,f,90,0.24650583
2014,f,91,0.26793663
2014,f,92,0.29081636
2014,f,93,0.31517394
2014,f,94,0.34094193
2014,f,95,0.37791802
2014,f,96,0.41544828
2014,f,97,0.45738626
2014,f,98,0.5042496
2014,f,99,0.55661676
2014,f,100,0.67469349
2015,f,0,0.019017740000000002
2015,f,1,0.00289309
2015,f,2,0.00190196
2015,f,3,0.00127009
2015,f,4,8.7605e-4
2015,f,5,6.3531e-4
2015,f,6,4.9218e-4
2015,f,7,4.1228e-4
2015,f,8,3.7293e-4
2015,f,9,3.6181e-4
2015,f,10,3.7022e-4
2015,f,11,3.9199e-4
2015,f,12,4.2241e-4
2015,f,13,4.5673e-4
2015,f,14,4.9304e-4
2015,f,15,5.3076e-4
2015,f,16,5.7171e-4
2015,f,17,6.1891e-4
2015,f,18,6.735e-4
2015,f,19,7.3509e-4
2015,f,20,7.995e-4
2015,f,21,8.5943e-4
2015,f,22,9.087e-4
2015,f,23,9.4275e-4
2015,f,24,9.6382e-4
2015,f,25,9.7908e-4
2015,f,26,9.9773e-4
2015,f,27,0.00103009
2015,f,28,0.00108222
2015,f,29,0.00115712
2015,f,30,0.00125337
2015,f,31,0.00136414
2015,f,32,0.00148173
2015,f,33,0.00159779
2015,f,34,0.00170766
2015,f,35,0.00181256
2015,f,36,0.00191704
2015,f,37,0.00202954
2015,f,38,0.0021579
2015,f,39,0.00230815
2015,f,40,0.00248474
2015,f,41,0.00268891
2015,f,42,0.00292091
2015,f,43,0.00317951
2015,f,44,0.0034625
2015,f,45,0.0037668
2015,f,46,0.0040889
2015,f,47,0.00442621
2015,f,48,0.00477759
2015,f,49,0.00514631
2015,f,50,0.00553839
2015,f,51,0.00596426
2015,f,52,0.00643526
2015,f,53,0.00695895
2015,f,54,0.00754016
2015,f,55,0.00817438
2015,f,56,0.00885358
2015,f,57,0.00957087
2015,f,58,0.01032236
2015,f,59,0.01112206
2015,f,60,0.01199486
2015,f,61,0.01298087
2015,f,62,0.0141291
2015,f,63,0.01547594
2015,f,64,0.017052
2015,f,65,0.01896646
2015,f,66,0.02109585
2015,f,67,0.02346431
2015,f,68,0.02609868
2015,f,69,0.02902882
2015,f,70,0.03228793
2015,f,71,0.03591295
2015,f,72,0.03994495
2015,f,73,0.04442962
2015,f,74,0.0494178
2015,f,75,0.05496601
2015,f,76,0.06113713
2015,f,77,0.06817553
2015,f,78,0.07588594
2015,f,79,0.08432473
2015,f,80,0.09357354
2015,f,81,0.1037582
2015,f,82,0.11501052
2015,f,83,0.12743254
2015,f,84,0.14108944
2015,f,85,0.15595323
2015,f,86,0.17195313
2015,f,87,0.18899967
2015,f,88,0.20701773
2015,f,89,0.22604695
2015,f,90,0.24618292
2015,f,91,0.26760438
2015,f,92,0.29048443
2015,f,93,0.31485251
2015,f,94,0.34063942
2015,f,95,0.37340869
2015,f,96,0.40671348
2015,f,97,0.44298877
2015,f,98,0.4824995
2015,f,99,0.52553424
2015,f,100,0.62484282
2016,f,0,0.01894478
2016,f,1,0.00270481
2016,f,2,0.00186894
2016,f,3,0.00130607
2016,f,4,9.3454e-4
2016,f,5,6.9381e-4
2016,f,6,5.4126e-4
2016,f,7,4.4831e-4
2016,f,8,3.9498e-4
2016,f,9,3.6954e-4
2016,f,10,3.6411e-4
2016,f,11,3.74e-4
2016,f,12,3.9611e-4
2016,f,13,4.2797e-4
2016,f,14,4.6766e-4
2016,f,15,5.1302e-4
2016,f,16,5.6193e-4
2016,f,17,6.1197e-4
2016,f,18,6.6097e-4
2016,f,19,7.0689e-4
2016,f,20,7.487e-4
2016,f,21,7.8612e-4
2016,f,22,8.1975e-4
2016,f,23,8.509e-4
2016,f,24,8.8152e-4
2016,f,25,9.1407e-4
2016,f,26,9.5112e-4
2016,f,27,9.9539e-4
2016,f,28,0.00104899
2016,f,29,0.00111358
2016,f,30,0.00119003
2016,f,31,0.0012784
2016,f,32,0.00137835
2016,f,33,0.00148903
2016,f,34,0.00160935
2016,f,35,0.00173794
2016,f,36,0.00187347
2016,f,37,0.00201499
2016,f,38,0.0021624
2016,f,39,0.00231716
2016,f,40,0.00248208
2016,f,41,0.00266192
2016,f,42,0.00286185
2016,f,43,0.00308683
2016,f,44,0.00334123
2016,f,45,0.00362733
2016,f,46,0.00394642
2016,f,47,0.00429781
2016,f,48,0.00467962
2016,f,49,0.00508888
2016,f,50,0.00552154
2016,f,51,0.00597333
2016,f,52,0.00644017
2016,f,53,0.00692108
2016,f,54,0.00741748
2016,f,55,0.00793688
2016,f,56,0.0084905
2016,f,57,0.00909385
2016,f,58,0.00976612
2016,f,59,0.0105289
2016,f,60,0.01140728
2016,f,61,0.01242665
2016,f,62,0.01361406
2016,f,63,0.01498838
2016,f,64,0.01656276
2016,f,65,0.01846069
2016,f,66,0.02057612
2016,f,67,0.02293395
2016,f,68,0.02556197
2016,f,69,0.02849114
2016,f,70,0.03175596
2016,f,71,0.03539489
2016,f,72,0.03945082
2016,f,73,0.04397152
2016,f,74,0.04901025
2016,f,75,0.05462637
2016,f,76,0.06088605
2016,f,77,0.06792324
2016,f,78,0.07563514
2016,f,79,0.08407864
2016,f,80,0.09333493
2016,f,81,0.10352734
2016,f,82,0.11478465
2016,f,83,0.12720601
2016,f,84,0.14085407
2016,f,85,0.15570002
2016,f,86,0.17167283
2016,f,87,0.18868339
2016,f,88,0.20665679
2016,f,89,0.22563134
2016,f,90,0.24570122
2016,f,91,0.26704424
2016,f,92,0.28983545
2016,f,93,0.31411452
2016,f,94,0.33982877
2016,f,95,0.37255959
2016,f,96,0.40617546
2016,f,97,0.44290939
2016,f,98,0.4830506
2016,f,99,0.52691513
2016,f,100,0.62821164
2017,f,0,0.01890674
2017,f,1,0.00264172
2017,f,2,0.00174002
2017,f,3,0.0011629
2017,f,4,8.0102e-4
2017,f,5,5.7826e-4
2017,f,6,4.4426e-4
2017,f,7,3.6754e-4
2017,f,8,3.2746e-4
2017,f,9,3.1268e-4
2017,f,10,3.156e-4
2017,f,11,3.3142e-4
2017,f,12,3.5666e-4
2017,f,13,3.8801e-4
2017,f,14,4.2353e-4
2017,f,15,4.6154e-4
2017,f,16,5.0163e-4
2017,f,17,5.4379e-4
2017,f,18,5.8745e-4
2017,f,19,6.3158e-4
2017,f,20,6.7405e-4
2017,f,21,7.1219e-4
2017,f,22,7.4432e-4
2017,f,23,7.6973e-4
2017,f,24,7.906e-4
2017,f,25,8.1071e-4
2017,f,26,8.3492e-4
2017,f,27,8.6856e-4
2017,f,28,9.1482e-4
2017,f,29,9.7594e-4
2017,f,30,0.00105139
2017,f,31,0.00113869
2017,f,32,0.00123478
2017,f,33,0.00133591
2017,f,34,0.00144027
2017,f,35,0.00154757
2017,f,36,0.00165954
2017,f,37,0.0017795
2017,f,38,0.00191055
2017,f,39,0.00205567
2017,f,40,0.00221691
2017,f,41,0.00239556
2017,f,42,0.00259271
2017,f,43,0.0028093
2017,f,44,0.00304671
2017,f,45,0.00330673
2017,f,46,0.00359118
2017,f,47,0.00390179
2017,f,48,0.00423896
2017,f,49,0.00460145
2017,f,50,0.00498628
2017,f,51,0.00538863
2017,f,52,0.00580582
2017,f,53,0.00623843
2017,f,54,0.0066938
2017,f,55,0.00718773
2017,f,56,0.00773944
2017,f,57,0.00837162
2017,f,58,0.00910036
2017,f,59,0.00993067
2017,f,60,0.01085537
2017,f,61,0.01184928
2017,f,62,0.01288856
2017,f,63,0.01395817
2017,f,64,0.01506505
2017,f,65,0.01690783
2017,f,66,0.01897602
2017,f,67,0.02129719
2017,f,68,0.02390229
2017,f,69,0.02682605
2017,f,70,0.03010745
2017,f,71,0.03379024
2017,f,72,0.03792351
2017,f,73,0.04256237
2017,f,74,0.04776865
2017,f,75,0.05361178
2017,f,76,0.06016965
2017,f,77,0.06720959
2017,f,78,0.0749327
2017,f,79,0.0833976
2017,f,80,0.0926841
2017,f,81,0.1029078
2017,f,82,0.11418778
2017,f,83,0.12661388
2017,f,84,0.14024022
2017,f,85,0.15503471
2017,f,86,0.17092483
2017,f,87,0.18782196
2017,f,88,0.20565162
2017,f,89,0.22444833
2017,f,90,0.24430244
2017,f,91,0.2653901
2017,f,92,0.28789352
2017,f,93,0.31188506
2017,f,94,0.33736417
2017,f,95,0.36981278
2017,f,96,0.4026376
2017,f,97,0.43837598
2017,f,98,0.47728652
2017,f,99,0.51965078
2017,f,100,0.61818808
2018,f,0,0.01888315
2018,f,1,0.00283645
2018,f,2,0.00191915
2018,f,3,0.00131547
2018,f,4,9.2639e-4
2018,f,5,6.8049e-4
2018,f,6,5.2871e-4
2018,f,7,4.3923e-4
2018,f,8,3.903e-4
2018,f,9,3.6943e-4
2018,f,10,3.6795e-4
2018,f,11,3.8025e-4
2018,f,12,4.0226e-4
2018,f,13,4.3039e-4
2018,f,14,4.6254e-4
2018,f,15,4.9702e-4
2018,f,16,5.3351e-4
2018,f,17,5.7213e-4
2018,f,18,6.1303e-4
2018,f,19,6.5624e-4
2018,f,20,7.0142e-4
2018,f,21,7.4793e-4
2018,f,22,7.9505e-4
2018,f,23,8.4197e-4
2018,f,24,8.8818e-4
2018,f,25,9.3333e-4
2018,f,26,9.7769e-4
2018,f,27,0.00102203
2018,f,28,0.00106817
2018,f,29,0.00111874
2018,f,30,0.00117739
2018,f,31,0.00124855
2018,f,32,0.00133564
2018,f,33,0.00144148
2018,f,34,0.00156558
2018,f,35,0.00170451
2018,f,36,0.0018524
2018,f,37,0.00200113
2018,f,38,0.00214641
2018,f,39,0.00228776
2018,f,40,0.00243164
2018,f,41,0.00259044
2018,f,42,0.00277627
2018,f,43,0.0030013
2018,f,44,0.00327145
2018,f,45,0.00358619
2018,f,46,0.00393926
2018,f,47,0.00431754
2018,f,48,0.00470966
2018,f,49,0.00510724
2018,f,50,0.00550904
2018,f,51,0.00592236
2018,f,52,0.00635692
2018,f,53,0.00682452
2018,f,54,0.00733463
2018,f,55,0.00789333
2018,f,56,0.00850509
2018,f,57,0.00917229
2018,f,58,0.00989935
2018,f,59,0.01069379
2018,f,60,0.01156678
2018,f,61,0.01253434
2018,f,62,0.01361403
2018,f,63,0.01482433
2018,f,64,0.01618273
2018,f,65,0.01807358
2018,f,66,0.02018535
2018,f,67,0.02254388
2018,f,68,0.02517798
2018,f,69,0.02811986
2018,f,70,0.03140548
2018,f,71,0.035075
2018,f,72,0.03917328
2018,f,73,0.043750410000000003
2018,f,74,0.04886236
2018,f,75,0.0545716
2018,f,76,0.06094793
2018,f,77,0.06799577
2018,f,78,0.07571888
2018,f,79,0.08417425
2018,f,80,0.09344298
2018,f,81,0.10364788
2018,f,82,0.11491703
2018,f,83,0.12734874
2018,f,84,0.14100475
2018,f,85,0.15585551
2018,f,86,0.17182931
2018,f,87,0.18883647
2018,f,88,0.20680166
2018,f,89,0.22576268
2018,f,90,0.24581334
2018,f,91,0.26713163
2018,f,92,0.28989367
2018,f,93,0.31414282
2018,f,94,0.3398321
2018,f,95,0.37368798
2018,f,96,0.40776308
2018,f,97,0.4450762
2018,f,98,0.48593502
2018,f,99,0.53067648
2018,f,100,0.63361509
2019,f,0,0.01884801
2019,f,1,0.00283286
2019,f,2,0.00192757
2019,f,3,0.00132803
2019,f,4,9.3905e-4
2019,f,5,6.9152e-4
2019,f,6,5.3763e-4
2019,f,7,4.461e-4
2019,f,8,3.9549e-4
2019,f,9,3.7347e-4
2019,f,10,3.717e-4
2019,f,11,3.8501e-4
2019,f,12,4.0972e-4
2019,f,13,4.4254e-4
2019,f,14,4.8097e-4
2019,f,15,5.2237e-4
2019,f,16,5.6478e-4
2019,f,17,6.064e-4
2019,f,18,6.4616e-4
2019,f,19,6.8348e-4
2019,f,20,7.1888e-4
2019,f,21,7.5347e-4
2019,f,22,7.8853e-4
2019,f,23,8.2543e-4
2019,f,24,8.6486e-4
2019,f,25,9.0723e-4
2019,f,26,9.5263e-4
2019,f,27,0.00100109
2019,f,28,0.00105335
2019,f,29,0.00111073
2019,f,30,0.00117549
2019,f,31,0.00125061
2019,f,32,0.00133862
2019,f,33,0.0014418
2019,f,34,0.00156049
2019,f,35,0.00169338
2019,f,36,0.00183772
2019,f,37,0.00198942
2019,f,38,0.00214631
2019,f,39,0.002308
2019,f,40,0.00247782
2019,f,41,0.00266248
2019,f,42,0.00286899
2019,f,43,0.00310472
2019,f,44,0.00337402
2019,f,45,0.00367808
2019,f,46,0.00401512
2019,f,47,0.00437988
2019,f,48,0.00476716
2019,f,49,0.00517204
2019,f,50,0.0055917
2019,f,51,0.00602608
2019,f,52,0.00647748
2019,f,53,0.00695105
2019,f,54,0.00745478
2019,f,55,0.00799996
2019,f,56,0.00859949
2019,f,57,0.00926779
2019,f,58,0.01001748
2019,f,59,0.01085789
2019,f,60,0.01179476
2019,f,61,0.01282832
2019,f,62,0.01395965
2019,f,63,0.01519248
2019,f,64,0.01653728
2019,f,65,0.01843744
2019,f,66,0.02055592
2019,f,67,0.02291782
2019,f,68,0.02555111
2019,f,69,0.02848697
2019,f,70,0.03176015
2019,f,71,0.03540944
2019,f,72,0.03947803
2019,f,73,0.0440141
2019,f,74,0.04907138
2019,f,75,0.05470974
2019,f,76,0.06099596
2019,f,77,0.06803826
2019,f,78,0.07575459
2019,f,79,0.08420175
2019,f,80,0.09346108
2019,f,81,0.10365654
2019,f,82,0.11491767
2019,f,83,0.1273442
2019,f,84,0.14099915
2019,f,85,0.1558535
2019,f,86,0.17183578
2019,f,87,0.18885642
2019,f,88,0.20684024
2019,f,89,0.22582612
2019,f,90,0.24590911
2019,f,91,0.26726805
2019,f,92,0.29007831
2019,f,93,0.31437741
2019,f,94,0.34010872
2019,f,95,0.37301085
2019,f,96,0.40628047
2019,f,97,0.44251748
2019,f,98,0.48198654
2019,f,99,0.52497593
2019,f,100,0.6242531
2020,f,0,0.0187809
2020,f,1,0.00325359
2020,f,2,0.00189739
2020,f,3,0.00113248
2020,f,4,7.0866e-4
2020,f,5,4.7685e-4
2020,f,6,3.5254e-4
2020,f,7,2.9082e-4
2020,f,8,2.6665e-4
2020,f,9,2.6845e-4
2020,f,10,2.8892e-4
2020,f,11,3.2274e-4
2020,f,12,3.6451e-4
2020,f,13,4.0715e-4
2020,f,14,4.4648e-4
2020,f,15,4.8006e-4
2020,f,16,5.1013e-4
2020,f,17,5.4103e-4
2020,f,18,5.7594e-4
2020,f,19,6.1737e-4
2020,f,20,6.6473e-4
2020,f,21,7.1576e-4
2020,f,22,7.6762e-4
2020,f,23,8.1711e-4
2020,f,24,8.6351e-4
2020,f,25,9.076e-4
2020,f,26,9.5213e-4
2020,f,27,0.00100094
2020,f,28,0.00105692
2020,f,29,0.00112254
2020,f,30,0.00119862
2020,f,31,0.001285
2020,f,32,0.00138117
2020,f,33,0.00148631
2020,f,34,0.00160033
2020,f,35,0.00172366
2020,f,36,0.00185719
2020,f,37,0.00200218
2020,f,38,0.00215914
2020,f,39,0.00232788
2020,f,40,0.0025072
2020,f,41,0.00269507
2020,f,42,0.00289112
2020,f,43,0.00309684
2020,f,44,0.00331834
2020,f,45,0.00356644
2020,f,46,0.00385388
2020,f,47,0.00419544
2020,f,48,0.00459957
2020,f,49,0.00506661
2020,f,50,0.00558453
2020,f,51,0.00612556
2020,f,52,0.00666226
2020,f,53,0.00717179
2020,f,54,0.00765257
2020,f,55,0.00813027
2020,f,56,0.00864354
2020,f,57,0.00924405
2020,f,58,0.00997089
2020,f,59,0.01084347
2020,f,60,0.01185927
2020,f,61,0.01298123
2020,f,62,0.01416833
2020,f,63,0.01538372
2020,f,64,0.01661578
2020,f,65,0.01851585
2020,f,66,0.02063319
2020,f,67,0.02299266
2020,f,68,0.02562193
2020,f,69,0.02855188
2020,f,70,0.03190432
2020,f,71,0.03563595
2020,f,72,0.0397861
2020,f,73,0.04439733
2020,f,74,0.04951545
2020,f,75,0.0551895
2020,f,76,0.0614717
2020,f,77,0.06841722
2020,f,78,0.07608388
2020,f,79,0.08453169
2020,f,80,0.09382223
2020,f,81,0.10401784
2020,f,82,0.11518057
2020,f,83,0.12737094
2020,f,84,0.14064642
2020,f,85,0.1550597
2020,f,86,0.17065671
2020,f,87,0.18747448
2020,f,88,0.20553885
2020,f,89,0.22486213
2020,f,90,0.24544082
2020,f,91,0.26725348
2020,f,92,0.29025896
2020,f,93,0.31439508
2020,f,94,0.33957796
2020,f,95,0.37262314
2020,f,96,0.40605951
2020,f,97,0.44249622
2020,f,98,0.48220247
2020,f,99,0.52547167
2020,f,100,0.62531995
2021,f,0,0.01867551
2021,f,1,0.00288093
2021,f,2,0.00182607
2021,f,3,0.00117972
2021,f,4,7.9252e-4
2021,f,5,5.6576e-4
2021,f,6,4.3706e-4
2021,f,7,3.7051e-4
2021,f,8,3.4376e-4
2021,f,9,3.4557e-4
2021,f,10,3.6814e-4
2021,f,11,4.0502e-4
2021,f,12,4.5014e-4
2021,f,13,4.9593e-4
2021,f,14,5.3798e-4
2021,f,15,5.7429e-4
2021,f,16,6.0674e-4
2021,f,17,6.3991e-4
2021,f,18,6.7728e-4
2021,f,19,7.2157e-4
2021,f,20,7.7332e-4
2021,f,21,8.3125e-4
2021,f,22,8.936e-4
2021,f,23,9.5816e-4
2021,f,24,0.00102371
2021,f,25,0.00109014
2021,f,26,0.00115832
2021,f,27,0.00123012
2021,f,28,0.00130751
2021,f,29,0.0013925
2021,f,30,0.00148694
2021,f,31,0.00159245
2021,f,32,0.0017105
2021,f,33,0.0018423
2021,f,34,0.00198876
2021,f,35,0.00215025
2021,f,36,0.00232695
2021,f,37,0.00251878
2021,f,38,0.00272592
2021,f,39,0.00294918
2021,f,40,0.00318997
2021,f,41,0.00345078
2021,f,42,0.00373466
2021,f,43,0.00404512
2021,f,44,0.00438612
2021,f,45,0.00476175
2021,f,46,0.00517632
2021,f,47,0.00563374
2021,f,48,0.00613761
2021,f,49,0.00669009
2021,f,50,0.00729235
2021,f,51,0.00794398
2021,f,52,0.00864365
2021,f,53,0.00939092
2021,f,54,0.01018575
2021,f,55,0.01103096
2021,f,56,0.01193116
2021,f,57,0.01289381
2021,f,58,0.01392883
2021,f,59,0.01504914
2021,f,60,0.01627067
2021,f,61,0.01761168
2021,f,62,0.01909316
2021,f,63,0.02073505
2021,f,64,0.02255776
2021,f,65,0.02452854
2021,f,66,0.02667149
2021,f,67,0.02900167
2021,f,68,0.03153543
2021,f,69,0.03429055
2021,f,70,0.03925966
2021,f,71,0.04491536
2021,f,72,0.05134228
2021,f,73,0.05863236
2021,f,74,0.06688458
2021,f,75,0.07620424
2021,f,76,0.08670183
2021,f,77,0.09849136
2021,f,78,0.11168795
2021,f,79,0.12640479
2021,f,80,0.14274921
2021,f,81,0.16081795
2021,f,82,0.18069171
2021,f,83,0.20242901
2021,f,84,0.2260598
2021,f,85,0.25157902
2021,f,86,0.27894074
2021,f,87,0.30805345
2021,f,88,0.33877704
2021,f,89,0.37092226
2021,f,90,0.40425285
2021,f,91,0.43849082
2021,f,92,0.47332467
2021,f,93,0.50842016
2021,f,94,0.54343285
2021,f,95,0.59892943
2021,f,96,0.65098334
2021,f,97,0.70756134
2021,f,98,0.76905662
2021,f,99,0.83589655
2021,f,100,0.94911178
2022,f,0,0.01857645
2022,f,1,0.00283486
2022,f,2,0.00190684
2022,f,3,0.00130195
2022,f,4,9.1422e-4
2022,f,5,6.6976e-4
2022,f,6,5.1879e-4
2022,f,7,4.291e-4
2022,f,8,3.7903e-4
2022,f,9,3.5658e-4
2022,f,10,3.5391e-4
2022,f,11,3.6643e-4
2022,f,12,3.9097e-4
2022,f,13,4.2435e-4
2022,f,14,4.638e-4
2022,f,15,5.0637e-4
2022,f,16,5.4956e-4
2022,f,17,5.9083e-4
2022,f,18,6.2872e-4
2022,f,19,6.6251e-4
2022,f,20,6.9328e-4
2022,f,21,7.2305e-4
2022,f,22,7.5392e-4
2022,f,23,7.8993e-4
2022,f,24,8.3287e-4
2022,f,25,8.815e-4
2022,f,26,9.3386e-4
2022,f,27,9.8767e-4
2022,f,28,0.00104298
2022,f,29,0.00110175
2022,f,30,0.00116649
2022,f,31,0.00124068
2022,f,32,0.00132745
2022,f,33,0.00142948
2022,f,34,0.00154724
2022,f,35,0.00167964
2022,f,36,0.0018241
2022,f,37,0.00197666
2022,f,38,0.00213543
2022,f,39,0.00230033
2022,f,40,0.00247478
2022,f,41,0.00266553
2022,f,42,0.00287954
2022,f,43,0.00312476
2022,f,44,0.00340552
2022,f,45,0.00372183
2022,f,46,0.00407052
2022,f,47,0.0044448
2022,f,48,0.00483908
2022,f,49,0.00524921
2022,f,50,0.00567377
2022,f,51,0.00611523
2022,f,52,0.00657824
2022,f,53,0.00707006
2022,f,54,0.00759942
2022,f,55,0.00817628
2022,f,56,0.0088114
2022,f,57,0.00951621
2022,f,58,0.01030265
2022,f,59,0.01118152
2022,f,60,0.01216153
2022,f,61,0.01324924
2022,f,62,0.01445189
2022,f,63,0.01578235
2022,f,64,0.0172549
2022,f,65,0.01925926
2022,f,66,0.02149286
2022,f,67,0.02397881
2022,f,68,0.02675114
2022,f,69,0.02984561
2022,f,70,0.03329281
2022,f,71,0.03712741
2022,f,72,0.04138866
2022,f,73,0.04612515
2022,f,74,0.05139553
2022,f,75,0.05726273
2022,f,76,0.06379676
2022,f,77,0.07107112
2022,f,78,0.07903237
2022,f,79,0.08773857
2022,f,80,0.09727932
2022,f,81,0.10778485
2022,f,82,0.11939046
2022,f,83,0.13219734
2022,f,84,0.14627203
2022,f,85,0.16159696
2022,f,86,0.17811292
2022,f,87,0.1957429
2022,f,88,0.21451724
2022,f,89,0.23450489
2022,f,90,0.25570016
2022,f,91,0.27818084
2022,f,92,0.3020239
2022,f,93,0.32735062
2022,f,94,0.35418552
2022,f,95,0.38795757
2022,f,96,0.42207149
2022,f,97,0.45886987
2022,f,98,0.49870777
2022,f,99,0.5420123
2022,f,100,0.64092653
2023,f,0,0.01842333
2023,f,1,0.00280796
2023,f,2,0.00188291
2023,f,3,0.00128014
2023,f,4,8.9444e-4
2023,f,5,6.5184e-4
2023,f,6,5.0241e-4
2023,f,7,4.1403e-4
2023,f,8,3.652e-4
2023,f,9,3.4388e-4
2023,f,10,3.4222e-4
2023,f,11,3.5559e-4
2023,f,12,3.808e-4
2023,f,13,4.1482e-4
2023,f,14,4.5501e-4
2023,f,15,4.9831e-4
2023,f,16,5.42e-4
2023,f,17,5.8328e-4
2023,f,18,6.2059e-4
2023,f,19,6.5325e-4
2023,f,20,6.8255e-4
2023,f,21,7.1077e-4
2023,f,22,7.403e-4
2023,f,23,7.7424e-4
2023,f,24,8.1387e-4
2023,f,25,8.5878e-4
2023,f,26,9.077e-4
2023,f,27,9.5898e-4
2023,f,28,0.00101252
2023,f,29,0.00106949
2023,f,30,0.00113217
2023,f,31,0.00120384
2023,f,32,0.0012875
2023,f,33,0.00138589
2023,f,34,0.00149962
2023,f,35,0.00162768
2023,f,36,0.00176751
2023,f,37,0.00191518
2023,f,38,0.00206875
2023,f,39,0.00222805
2023,f,40,0.00239646
2023,f,41,0.0025807
2023,f,42,0.00278768
2023,f,43,0.00302479
2023,f,44,0.00329599
2023,f,45,0.00360132
2023,f,46,0.00393758
2023,f,47,0.00429792
2023,f,48,0.00467647
2023,f,49,0.0050688
2023,f,50,0.00547372
2023,f,51,0.00589431
2023,f,52,0.00633575
2023,f,53,0.00680555
2023,f,54,0.00731223
2023,f,55,0.00786504
2023,f,56,0.00847379
2023,f,57,0.00914868
2023,f,58,0.00990031
2023,f,59,0.01073881
2023,f,60,0.01167348
2023,f,61,0.01271256
2023,f,62,0.01386495
2023,f,63,0.01514232
2023,f,64,0.01655764
2023,f,65,0.01848388
2023,f,66,0.02063255
2023,f,67,0.02302802
2023,f,68,0.02570044
2023,f,69,0.02868306
2023,f,70,0.0320099
2023,f,71,0.03571909
2023,f,72,0.03985336
2023,f,73,0.04446142
2023,f,74,0.0495995
2023,f,75,0.05533016
2023,f,76,0.0617231
2023,f,77,0.06884445
2023,f,78,0.07665211
2023,f,79,0.08520409
2023,f,80,0.09458185
2023,f,81,0.10490677
2023,f,82,0.11630522
2023,f,83,0.12887065
2023,f,84,0.14266639
2023,f,85,0.15767395
2023,f,86,0.17383353000000001
2023,f,87,0.19106738
2023,f,88,0.20935401
2023,f,89,0.2287444
2023,f,90,0.24928252
2023,f,91,0.27109536
2023,f,92,0.29431032
2023,f,93,0.31901099
2023,f,94,0.34519418
2023,f,95,0.37828123
2023,f,96,0.41183758
2023,f,97,0.44822693
2023,f,98,0.48774824
2023,f,99,0.53074732
2023,f,100,0.62970022
